"train/global_step","./falcon_gpt_results_packing - _step","./falcon_gpt_results_packing - _step__MIN","./falcon_gpt_results_packing - _step__MAX","./falcon_gpt_results_packing - eval/loss","./falcon_gpt_results_packing - eval/loss__MIN","./falcon_gpt_results_packing - eval/loss__MAX"
"50","1","1","1","3.5548813343048096","3.5548813343048096","3.5548813343048096"
"100","3","3","3","2.8676342964172363","2.8676342964172363","2.8676342964172363"
"150","5","5","5","2.0311639308929443","2.0311639308929443","2.0311639308929443"
"200","7","7","7","1.6688302755355835","1.6688302755355835","1.6688302755355835"
"250","9","9","9","1.5991405248641968","1.5991405248641968","1.5991405248641968"
"300","11","11","11","1.5504225492477417","1.5504225492477417","1.5504225492477417"
"350","13","13","13","1.5121954679489136","1.5121954679489136","1.5121954679489136"
"400","15","15","15","1.4675920009613037","1.4675920009613037","1.4675920009613037"
"450","17","17","17","1.4370319843292236","1.4370319843292236","1.4370319843292236"
"500","19","19","19","1.424769639968872","1.424769639968872","1.424769639968872"
"550","21","21","21","1.4174442291259766","1.4174442291259766","1.4174442291259766"
"600","23","23","23","1.4129213094711304","1.4129213094711304","1.4129213094711304"
"650","25","25","25","1.4103643894195557","1.4103643894195557","1.4103643894195557"
"700","27","27","27","1.4051997661590576","1.4051997661590576","1.4051997661590576"
"750","29","29","29","1.4000575542449951","1.4000575542449951","1.4000575542449951"
"800","31","31","31","1.3943153619766235","1.3943153619766235","1.3943153619766235"
"850","33","33","33","1.3886386156082153","1.3886386156082153","1.3886386156082153"
"900","35","35","35","1.390702486038208","1.390702486038208","1.390702486038208"
"950","37","37","37","1.3874634504318237","1.3874634504318237","1.3874634504318237"
"1000","39","39","39","1.3846831321716309","1.3846831321716309","1.3846831321716309"
"1050","41","41","41","1.3834291696548462","1.3834291696548462","1.3834291696548462"
"1100","43","43","43","1.3809869289398193","1.3809869289398193","1.3809869289398193"
"1150","45","45","45","1.3772542476654053","1.3772542476654053","1.3772542476654053"
"1200","47","47","47","1.375405192375183","1.375405192375183","1.375405192375183"
"1250","49","49","49","1.3747799396514893","1.3747799396514893","1.3747799396514893"
"1300","51","51","51","1.3766684532165527","1.3766684532165527","1.3766684532165527"
"1350","53","53","53","1.3734607696533203","1.3734607696533203","1.3734607696533203"
"1400","55","55","55","1.3720076084136963","1.3720076084136963","1.3720076084136963"
"1450","57","57","57","1.3697971105575562","1.3697971105575562","1.3697971105575562"
"1500","59","59","59","1.3695566654205322","1.3695566654205322","1.3695566654205322"
"1550","61","61","61","1.3679345846176147","1.3679345846176147","1.3679345846176147"
"1600","63","63","63","1.3663057088851929","1.3663057088851929","1.3663057088851929"
"1650","65","65","65","1.3649288415908813","1.3649288415908813","1.3649288415908813"
"1700","67","67","67","1.362595558166504","1.362595558166504","1.362595558166504"
"1750","69","69","69","1.3650785684585571","1.3650785684585571","1.3650785684585571"
"1800","71","71","71","1.3628088235855103","1.3628088235855103","1.3628088235855103"
"1850","73","73","73","1.3607372045516968","1.3607372045516968","1.3607372045516968"
"1900","75","75","75","1.3601210117340088","1.3601210117340088","1.3601210117340088"
"1950","77","77","77","1.359519124031067","1.359519124031067","1.359519124031067"
"2000","79","79","79","1.3598301410675049","1.3598301410675049","1.3598301410675049"
"2050","81","81","81","1.3592472076416016","1.3592472076416016","1.3592472076416016"
"2100","83","83","83","1.3568336963653564","1.3568336963653564","1.3568336963653564"
"2150","85","85","85","1.3592278957366943","1.3592278957366943","1.3592278957366943"
"2200","87","87","87","1.3567513227462769","1.3567513227462769","1.3567513227462769"
"2250","89","89","89","1.3570032119750977","1.3570032119750977","1.3570032119750977"
"2300","91","91","91","1.3561311960220337","1.3561311960220337","1.3561311960220337"
"2350","93","93","93","1.3555489778518677","1.3555489778518677","1.3555489778518677"
"2400","95","95","95","1.3545881509780884","1.3545881509780884","1.3545881509780884"
"2450","97","97","97","1.3571423292160034","1.3571423292160034","1.3571423292160034"
"2500","99","99","99","1.3563302755355835","1.3563302755355835","1.3563302755355835"
"2550","101","101","101","1.3522436618804932","1.3522436618804932","1.3522436618804932"
"2600","103","103","103","1.3533445596694946","1.3533445596694946","1.3533445596694946"
"2650","105","105","105","1.3518617153167725","1.3518617153167725","1.3518617153167725"
"2700","107","107","107","1.350759744644165","1.350759744644165","1.350759744644165"
"2750","109","109","109","1.352006435394287","1.352006435394287","1.352006435394287"
"2800","111","111","111","1.3490703105926514","1.3490703105926514","1.3490703105926514"
"2850","113","113","113","1.3520427942276","1.3520427942276","1.3520427942276"
"2900","115","115","115","1.3494935035705566","1.3494935035705566","1.3494935035705566"
"2950","117","117","117","1.348951816558838","1.348951816558838","1.348951816558838"
"3000","119","119","119","1.3514286279678345","1.3514286279678345","1.3514286279678345"
"3050","121","121","121","1.351698637008667","1.351698637008667","1.351698637008667"
"3100","123","123","123","1.3509480953216553","1.3509480953216553","1.3509480953216553"
"3150","125","125","125","1.349353551864624","1.349353551864624","1.349353551864624"
"3200","127","127","127","1.3489373922348022","1.3489373922348022","1.3489373922348022"
"3250","129","129","129","1.3491199016571045","1.3491199016571045","1.3491199016571045"
"3300","131","131","131","1.3482637405395508","1.3482637405395508","1.3482637405395508"
"3350","133","133","133","1.347374439239502","1.347374439239502","1.347374439239502"
"3400","135","135","135","1.348831295967102","1.348831295967102","1.348831295967102"
"3450","137","137","137","1.3464382886886597","1.3464382886886597","1.3464382886886597"
"3500","139","139","139","1.347659707069397","1.347659707069397","1.347659707069397"
"3550","141","141","141","1.3460094928741455","1.3460094928741455","1.3460094928741455"
"3600","143","143","143","1.3467460870742798","1.3467460870742798","1.3467460870742798"
"3650","145","145","145","1.3460427522659302","1.3460427522659302","1.3460427522659302"
"3700","147","147","147","1.346291184425354","1.346291184425354","1.346291184425354"
"3750","149","149","149","1.3455569744110107","1.3455569744110107","1.3455569744110107"
"3800","151","151","151","1.3439019918441772","1.3439019918441772","1.3439019918441772"
"3850","153","153","153","1.3490662574768066","1.3490662574768066","1.3490662574768066"
"3900","155","155","155","1.3458784818649292","1.3458784818649292","1.3458784818649292"
"3950","157","157","157","1.345731258392334","1.345731258392334","1.345731258392334"
"4000","159","159","159","1.3450134992599487","1.3450134992599487","1.3450134992599487"
"4050","161","161","161","1.3468642234802246","1.3468642234802246","1.3468642234802246"
"4100","163","163","163","1.3474442958831787","1.3474442958831787","1.3474442958831787"
"4150","165","165","165","1.3445769548416138","1.3445769548416138","1.3445769548416138"
"4200","167","167","167","1.3455531597137451","1.3455531597137451","1.3455531597137451"
"4250","169","169","169","1.347148060798645","1.347148060798645","1.347148060798645"
"4300","171","171","171","1.345552921295166","1.345552921295166","1.345552921295166"
"4350","173","173","173","1.3464678525924683","1.3464678525924683","1.3464678525924683"
"4400","175","175","175","1.3466249704360962","1.3466249704360962","1.3466249704360962"
"4450","177","177","177","1.3443241119384766","1.3443241119384766","1.3443241119384766"
"4500","179","179","179","1.344718098640442","1.344718098640442","1.344718098640442"
"4550","181","181","181","1.3445264101028442","1.3445264101028442","1.3445264101028442"
"4600","183","183","183","1.344918966293335","1.344918966293335","1.344918966293335"
"4650","185","185","185","1.343104600906372","1.343104600906372","1.343104600906372"
"4700","187","187","187","1.3474781513214111","1.3474781513214111","1.3474781513214111"
"4750","189","189","189","1.3454973697662354","1.3454973697662354","1.3454973697662354"
"4800","191","191","191","1.346696376800537","1.346696376800537","1.346696376800537"
"4850","193","193","193","1.3498278856277466","1.3498278856277466","1.3498278856277466"
"4900","195","195","195","1.3456628322601318","1.3456628322601318","1.3456628322601318"
"4950","197","197","197","1.3480254411697388","1.3480254411697388","1.3480254411697388"
"5000","199","199","199","1.3468327522277832","1.3468327522277832","1.3468327522277832"
"5050","201","201","201","1.3456422090530396","1.3456422090530396","1.3456422090530396"
"5100","203","203","203","1.3493411540985107","1.3493411540985107","1.3493411540985107"
"5150","205","205","205","1.3469903469085693","1.3469903469085693","1.3469903469085693"
"5200","207","207","207","1.3469902276992798","1.3469902276992798","1.3469902276992798"
"5250","209","209","209","1.346158504486084","1.346158504486084","1.346158504486084"
"5300","211","211","211","1.3468644618988037","1.3468644618988037","1.3468644618988037"
"5350","213","213","213","1.3445420265197754","1.3445420265197754","1.3445420265197754"
"5400","215","215","215","1.3461195230484009","1.3461195230484009","1.3461195230484009"
"5450","217","217","217","1.34576416015625","1.34576416015625","1.34576416015625"
"5500","219","219","219","1.3448172807693481","1.3448172807693481","1.3448172807693481"
"5550","221","221","221","1.3491299152374268","1.3491299152374268","1.3491299152374268"
"5600","223","223","223","1.3486509323120117","1.3486509323120117","1.3486509323120117"
"5650","225","225","225","1.348028302192688","1.348028302192688","1.348028302192688"
"5700","227","227","227","1.3482218980789185","1.3482218980789185","1.3482218980789185"
"5750","229","229","229","1.3505059480667114","1.3505059480667114","1.3505059480667114"
"5800","231","231","231","1.3497629165649414","1.3497629165649414","1.3497629165649414"
"5850","233","233","233","1.3483855724334717","1.3483855724334717","1.3483855724334717"
"5900","235","235","235","1.3470109701156616","1.3470109701156616","1.3470109701156616"
"5950","237","237","237","1.3487480878829956","1.3487480878829956","1.3487480878829956"
"6000","239","239","239","1.3474704027175903","1.3474704027175903","1.3474704027175903"
"6050","241","241","241","1.3496935367584229","1.3496935367584229","1.3496935367584229"
"6100","243","243","243","1.3479121923446655","1.3479121923446655","1.3479121923446655"
"6150","245","245","245","1.3502999544143677","1.3502999544143677","1.3502999544143677"
"6200","247","247","247","1.3499197959899902","1.3499197959899902","1.3499197959899902"
"6250","249","249","249","1.3463741540908813","1.3463741540908813","1.3463741540908813"
"6300","251","251","251","1.3460742235183716","1.3460742235183716","1.3460742235183716"
"6350","253","253","253","1.347792387008667","1.347792387008667","1.347792387008667"
"6400","255","255","255","1.350817322731018","1.350817322731018","1.350817322731018"
"6450","257","257","257","1.349649429321289","1.349649429321289","1.349649429321289"
"6500","259","259","259","1.3523945808410645","1.3523945808410645","1.3523945808410645"
"6550","261","261","261","1.3497076034545898","1.3497076034545898","1.3497076034545898"
"6600","263","263","263","1.3478652238845825","1.3478652238845825","1.3478652238845825"
"6650","265","265","265","1.3512314558029175","1.3512314558029175","1.3512314558029175"
"6700","267","267","267","1.3544032573699951","1.3544032573699951","1.3544032573699951"
"6750","269","269","269","1.3511593341827393","1.3511593341827393","1.3511593341827393"
"6800","271","271","271","1.351266860961914","1.351266860961914","1.351266860961914"
"6850","273","273","273","1.3509517908096313","1.3509517908096313","1.3509517908096313"
"6900","275","275","275","1.3518637418746948","1.3518637418746948","1.3518637418746948"
"6950","277","277","277","1.3494864702224731","1.3494864702224731","1.3494864702224731"
"7000","279","279","279","1.3514035940170288","1.3514035940170288","1.3514035940170288"
"7050","281","281","281","1.3548405170440674","1.3548405170440674","1.3548405170440674"
"7100","283","283","283","1.3495253324508667","1.3495253324508667","1.3495253324508667"
"7150","285","285","285","1.3515812158584595","1.3515812158584595","1.3515812158584595"
"7200","287","287","287","1.3498762845993042","1.3498762845993042","1.3498762845993042"
"7250","289","289","289","1.3566741943359375","1.3566741943359375","1.3566741943359375"
"7300","291","291","291","1.353843331336975","1.353843331336975","1.353843331336975"
"7350","293","293","293","1.3509680032730103","1.3509680032730103","1.3509680032730103"
"7400","295","295","295","1.3515448570251465","1.3515448570251465","1.3515448570251465"
"7450","297","297","297","1.3517813682556152","1.3517813682556152","1.3517813682556152"
"7500","299","299","299","1.3519245386123657","1.3519245386123657","1.3519245386123657"
"7550","301","301","301","1.3512284755706787","1.3512284755706787","1.3512284755706787"
"7600","303","303","303","1.3528860807418823","1.3528860807418823","1.3528860807418823"
"7650","305","305","305","1.3518927097320557","1.3518927097320557","1.3518927097320557"
"7700","307","307","307","1.3537615537643433","1.3537615537643433","1.3537615537643433"
"7750","309","309","309","1.3552747964859009","1.3552747964859009","1.3552747964859009"
"7800","311","311","311","1.355172038078308","1.355172038078308","1.355172038078308"
"7850","313","313","313","1.3526978492736816","1.3526978492736816","1.3526978492736816"
"7900","315","315","315","1.3576490879058838","1.3576490879058838","1.3576490879058838"
"7950","317","317","317","1.3567644357681274","1.3567644357681274","1.3567644357681274"
"8000","319","319","319","1.357236385345459","1.357236385345459","1.357236385345459"
"8050","321","321","321","1.3529345989227295","1.3529345989227295","1.3529345989227295"
"8100","323","323","323","1.3547627925872803","1.3547627925872803","1.3547627925872803"
"8150","325","325","325","1.3537404537200928","1.3537404537200928","1.3537404537200928"
"8200","327","327","327","1.3564848899841309","1.3564848899841309","1.3564848899841309"
"8250","329","329","329","1.3552650213241577","1.3552650213241577","1.3552650213241577"
"8300","331","331","331","1.355789303779602","1.355789303779602","1.355789303779602"
"8350","333","333","333","1.3621926307678223","1.3621926307678223","1.3621926307678223"
"8400","335","335","335","1.356065273284912","1.356065273284912","1.356065273284912"
"8450","337","337","337","1.355257511138916","1.355257511138916","1.355257511138916"
"8500","339","339","339","1.3590582609176636","1.3590582609176636","1.3590582609176636"
"8550","341","341","341","1.3592166900634766","1.3592166900634766","1.3592166900634766"
"8600","343","343","343","1.364235520362854","1.364235520362854","1.364235520362854"
"8650","345","345","345","1.3588955402374268","1.3588955402374268","1.3588955402374268"
"8700","347","347","347","1.360949158668518","1.360949158668518","1.360949158668518"
"8750","349","349","349","1.3618836402893066","1.3618836402893066","1.3618836402893066"
"8800","351","351","351","1.3590941429138184","1.3590941429138184","1.3590941429138184"
"8850","353","353","353","1.3622392416000366","1.3622392416000366","1.3622392416000366"
"8900","355","355","355","1.3583483695983887","1.3583483695983887","1.3583483695983887"
"8950","357","357","357","1.3593047857284546","1.3593047857284546","1.3593047857284546"
"9000","359","359","359","1.356581449508667","1.356581449508667","1.356581449508667"
"9050","361","361","361","1.360473394393921","1.360473394393921","1.360473394393921"
"9100","363","363","363","1.3598138093948364","1.3598138093948364","1.3598138093948364"
"9150","365","365","365","1.358767032623291","1.358767032623291","1.358767032623291"
"9200","367","367","367","1.3586452007293701","1.3586452007293701","1.3586452007293701"
"9250","369","369","369","1.363669991493225","1.363669991493225","1.363669991493225"
"9300","371","371","371","1.361692190170288","1.361692190170288","1.361692190170288"
"9350","373","373","373","1.3701971769332886","1.3701971769332886","1.3701971769332886"
"9400","375","375","375","1.3677880764007568","1.3677880764007568","1.3677880764007568"
"9450","377","377","377","1.3696584701538086","1.3696584701538086","1.3696584701538086"
"9500","379","379","379","1.3711367845535278","1.3711367845535278","1.3711367845535278"
"9550","381","381","381","1.366805911064148","1.366805911064148","1.366805911064148"
"9600","383","383","383","1.3748315572738647","1.3748315572738647","1.3748315572738647"
"9650","385","385","385","1.3701305389404297","1.3701305389404297","1.3701305389404297"
"9700","387","387","387","1.36691415309906","1.36691415309906","1.36691415309906"
"9750","389","389","389","1.3646914958953857","1.3646914958953857","1.3646914958953857"
"9800","391","391","391","1.3672287464141846","1.3672287464141846","1.3672287464141846"
"9850","393","393","393","1.366067886352539","1.366067886352539","1.366067886352539"
"9900","395","395","395","1.3648940324783325","1.3648940324783325","1.3648940324783325"
"9950","397","397","397","1.367647409439087","1.367647409439087","1.367647409439087"
"10000","399","399","399","1.3640249967575073","1.3640249967575073","1.3640249967575073"
"10050","401","401","401","1.3653390407562256","1.3653390407562256","1.3653390407562256"
"10100","403","403","403","1.367897629737854","1.367897629737854","1.367897629737854"
"10150","405","405","405","1.3646907806396484","1.3646907806396484","1.3646907806396484"
"10200","407","407","407","1.380290150642395","1.380290150642395","1.380290150642395"
"10250","409","409","409","1.3751616477966309","1.3751616477966309","1.3751616477966309"
"10300","411","411","411","1.3806662559509277","1.3806662559509277","1.3806662559509277"
"10350","413","413","413","1.3723244667053223","1.3723244667053223","1.3723244667053223"
"10400","415","415","415","1.3735374212265015","1.3735374212265015","1.3735374212265015"
"10450","417","417","417","1.3769930601119995","1.3769930601119995","1.3769930601119995"
"10500","419","419","419","1.3758233785629272","1.3758233785629272","1.3758233785629272"
"10550","421","421","421","1.3758041858673096","1.3758041858673096","1.3758041858673096"
"10600","423","423","423","1.3723238706588745","1.3723238706588745","1.3723238706588745"
"10650","425","425","425","1.3713395595550537","1.3713395595550537","1.3713395595550537"
"10700","427","427","427","1.3744328022003174","1.3744328022003174","1.3744328022003174"
"10750","429","429","429","1.374274730682373","1.374274730682373","1.374274730682373"
"10800","431","431","431","1.3720335960388184","1.3720335960388184","1.3720335960388184"
"10850","433","433","433","1.3689630031585693","1.3689630031585693","1.3689630031585693"
"10900","435","435","435","1.3686847686767578","1.3686847686767578","1.3686847686767578"
"10950","437","437","437","1.3688147068023682","1.3688147068023682","1.3688147068023682"
"11000","439","439","439","1.3729503154754639","1.3729503154754639","1.3729503154754639"
"11050","441","441","441","1.3819310665130615","1.3819310665130615","1.3819310665130615"
"11100","443","443","443","1.3774597644805908","1.3774597644805908","1.3774597644805908"
"11150","445","445","445","1.3829084634780884","1.3829084634780884","1.3829084634780884"
"11200","447","447","447","1.3824865818023682","1.3824865818023682","1.3824865818023682"
"11250","449","449","449","1.3766610622406006","1.3766610622406006","1.3766610622406006"
"11300","451","451","451","1.3791228532791138","1.3791228532791138","1.3791228532791138"
"11350","453","453","453","1.3802028894424438","1.3802028894424438","1.3802028894424438"
"11400","455","455","455","1.3809823989868164","1.3809823989868164","1.3809823989868164"
"11450","457","457","457","1.3814207315444946","1.3814207315444946","1.3814207315444946"
"11500","459","459","459","1.3818093538284302","1.3818093538284302","1.3818093538284302"
"11550","461","461","461","1.3768476247787476","1.3768476247787476","1.3768476247787476"
"11600","463","463","463","1.3804872035980225","1.3804872035980225","1.3804872035980225"
"11650","465","465","465","1.3790961503982544","1.3790961503982544","1.3790961503982544"
"11700","467","467","467","1.3778339624404907","1.3778339624404907","1.3778339624404907"
"11750","469","469","469","1.379921317100525","1.379921317100525","1.379921317100525"
"11800","471","471","471","1.3819409608840942","1.3819409608840942","1.3819409608840942"
"11850","473","473","473","1.3760184049606323","1.3760184049606323","1.3760184049606323"
"11900","475","475","475","1.3832679986953735","1.3832679986953735","1.3832679986953735"
"11950","477","477","477","1.3845717906951904","1.3845717906951904","1.3845717906951904"
"12000","479","479","479","1.3841617107391357","1.3841617107391357","1.3841617107391357"
"12050","481","481","481","1.38726806640625","1.38726806640625","1.38726806640625"
"12100","483","483","483","1.3824878931045532","1.3824878931045532","1.3824878931045532"
"12150","485","485","485","1.3824673891067505","1.3824673891067505","1.3824673891067505"
"12200","487","487","487","1.3822414875030518","1.3822414875030518","1.3822414875030518"
"12250","489","489","489","1.3838881254196167","1.3838881254196167","1.3838881254196167"
"12300","491","491","491","1.3913214206695557","1.3913214206695557","1.3913214206695557"
"12350","493","493","493","1.3897769451141357","1.3897769451141357","1.3897769451141357"
"12400","495","495","495","1.3935141563415527","1.3935141563415527","1.3935141563415527"
"12450","497","497","497","1.385196328163147","1.385196328163147","1.385196328163147"
"12500","499","499","499","1.3951112031936646","1.3951112031936646","1.3951112031936646"
"12550","501","501","501","1.3908593654632568","1.3908593654632568","1.3908593654632568"
"12600","503","503","503","1.388222098350525","1.388222098350525","1.388222098350525"
"12650","505","505","505","1.3860505819320679","1.3860505819320679","1.3860505819320679"
"12700","507","507","507","1.3853545188903809","1.3853545188903809","1.3853545188903809"
"12750","509","509","509","1.389344573020935","1.389344573020935","1.389344573020935"
"12800","511","511","511","1.3849793672561646","1.3849793672561646","1.3849793672561646"
"12850","513","513","513","1.3871499300003052","1.3871499300003052","1.3871499300003052"
"12900","515","515","515","1.3922512531280518","1.3922512531280518","1.3922512531280518"
"12950","517","517","517","1.3927199840545654","1.3927199840545654","1.3927199840545654"
"13000","519","519","519","1.3848240375518799","1.3848240375518799","1.3848240375518799"
"13050","521","521","521","1.3905675411224365","1.3905675411224365","1.3905675411224365"
"13100","523","523","523","1.385753870010376","1.385753870010376","1.385753870010376"
"13150","525","525","525","1.3982517719268799","1.3982517719268799","1.3982517719268799"
"13200","527","527","527","1.395635724067688","1.395635724067688","1.395635724067688"
"13250","529","529","529","1.4005895853042603","1.4005895853042603","1.4005895853042603"
"13300","531","531","531","1.3987040519714355","1.3987040519714355","1.3987040519714355"
"13350","533","533","533","1.400495171546936","1.400495171546936","1.400495171546936"
"13400","535","535","535","1.4010311365127563","1.4010311365127563","1.4010311365127563"
"13450","537","537","537","1.4027199745178223","1.4027199745178223","1.4027199745178223"
"13500","539","539","539","1.3988664150238037","1.3988664150238037","1.3988664150238037"
"13550","541","541","541","1.3959619998931885","1.3959619998931885","1.3959619998931885"
"13600","543","543","543","1.397871494293213","1.397871494293213","1.397871494293213"
"13650","545","545","545","1.4006590843200684","1.4006590843200684","1.4006590843200684"
"13700","547","547","547","1.395426630973816","1.395426630973816","1.395426630973816"
"13750","549","549","549","1.397571325302124","1.397571325302124","1.397571325302124"
"13800","551","551","551","1.3972303867340088","1.3972303867340088","1.3972303867340088"
"13850","553","553","553","1.3900870084762573","1.3900870084762573","1.3900870084762573"
"13900","555","555","555","1.3905584812164307","1.3905584812164307","1.3905584812164307"
"13950","557","557","557","1.3946834802627563","1.3946834802627563","1.3946834802627563"
"14000","559","559","559","1.4085676670074463","1.4085676670074463","1.4085676670074463"
"14050","561","561","561","1.4193109273910522","1.4193109273910522","1.4193109273910522"
"14100","563","563","563","1.4163342714309692","1.4163342714309692","1.4163342714309692"
"14150","565","565","565","1.41455078125","1.41455078125","1.41455078125"
"14200","567","567","567","1.4103362560272217","1.4103362560272217","1.4103362560272217"
"14250","569","569","569","1.4084982872009277","1.4084982872009277","1.4084982872009277"
"14300","571","571","571","1.4170093536376953","1.4170093536376953","1.4170093536376953"
"14350","573","573","573","1.4144952297210693","1.4144952297210693","1.4144952297210693"
"14400","575","575","575","1.4159801006317139","1.4159801006317139","1.4159801006317139"
"14450","577","577","577","1.4044114351272583","1.4044114351272583","1.4044114351272583"
"14500","579","579","579","1.4017765522003174","1.4017765522003174","1.4017765522003174"
"14550","581","581","581","1.40342116355896","1.40342116355896","1.40342116355896"
"14600","583","583","583","1.4075878858566284","1.4075878858566284","1.4075878858566284"
"14650","585","585","585","1.4025659561157227","1.4025659561157227","1.4025659561157227"
"14700","587","587","587","1.403031349182129","1.403031349182129","1.403031349182129"
"14750","589","589","589","1.4026485681533813","1.4026485681533813","1.4026485681533813"
"14800","591","591","591","1.413989782333374","1.413989782333374","1.413989782333374"
"14850","593","593","593","1.4260118007659912","1.4260118007659912","1.4260118007659912"
"14900","595","595","595","1.4228771924972534","1.4228771924972534","1.4228771924972534"
"14950","597","597","597","1.429584264755249","1.429584264755249","1.429584264755249"
"15000","599","599","599","1.428701639175415","1.428701639175415","1.428701639175415"
"15050","601","601","601","1.4330174922943115","1.4330174922943115","1.4330174922943115"
"15100","603","603","603","1.4255636930465698","1.4255636930465698","1.4255636930465698"
"15150","605","605","605","1.4191131591796875","1.4191131591796875","1.4191131591796875"
"15200","607","607","607","1.4233945608139038","1.4233945608139038","1.4233945608139038"
"15250","609","609","609","1.413661241531372","1.413661241531372","1.413661241531372"
"15300","611","611","611","1.419089436531067","1.419089436531067","1.419089436531067"
"15350","613","613","613","1.412021517753601","1.412021517753601","1.412021517753601"
"15400","615","615","615","1.4216055870056152","1.4216055870056152","1.4216055870056152"
"15450","617","617","617","1.413896083831787","1.413896083831787","1.413896083831787"
"15500","619","619","619","1.4127761125564575","1.4127761125564575","1.4127761125564575"
"15550","621","621","621","1.4098008871078491","1.4098008871078491","1.4098008871078491"
"15600","623","623","623","1.414186716079712","1.414186716079712","1.414186716079712"
"15650","625","625","625","1.4277918338775635","1.4277918338775635","1.4277918338775635"
"15700","627","627","627","1.430879831314087","1.430879831314087","1.430879831314087"
"15750","629","629","629","1.433600902557373","1.433600902557373","1.433600902557373"
"15800","631","631","631","1.4296618700027466","1.4296618700027466","1.4296618700027466"
"15850","633","633","633","1.4361779689788818","1.4361779689788818","1.4361779689788818"
"15900","635","635","635","1.4323965311050415","1.4323965311050415","1.4323965311050415"
"15950","637","637","637","1.4225411415100098","1.4225411415100098","1.4225411415100098"
"16000","639","639","639","1.4392640590667725","1.4392640590667725","1.4392640590667725"
"16050","641","641","641","1.4401047229766846","1.4401047229766846","1.4401047229766846"
"16100","643","643","643","1.4343491792678833","1.4343491792678833","1.4343491792678833"
"16150","645","645","645","1.4347869157791138","1.4347869157791138","1.4347869157791138"
"16200","647","647","647","1.4324218034744263","1.4324218034744263","1.4324218034744263"
"16250","649","649","649","1.424970269203186","1.424970269203186","1.424970269203186"
"16300","651","651","651","1.4255653619766235","1.4255653619766235","1.4255653619766235"
"16350","653","653","653","1.4269212484359741","1.4269212484359741","1.4269212484359741"
"16400","655","655","655","1.4214987754821777","1.4214987754821777","1.4214987754821777"
"16450","657","657","657","1.4196959733963013","1.4196959733963013","1.4196959733963013"
"16500","659","659","659","1.4406591653823853","1.4406591653823853","1.4406591653823853"
"16550","661","661","661","1.436576008796692","1.436576008796692","1.436576008796692"
"16600","663","663","663","1.4410500526428223","1.4410500526428223","1.4410500526428223"
"16650","665","665","665","1.4378207921981812","1.4378207921981812","1.4378207921981812"
"16700","667","667","667","1.434791088104248","1.434791088104248","1.434791088104248"
"16750","669","669","669","1.4449154138565063","1.4449154138565063","1.4449154138565063"
"16800","671","671","671","1.4322187900543213","1.4322187900543213","1.4322187900543213"
"16850","673","673","673","1.4330530166625977","1.4330530166625977","1.4330530166625977"
"16900","675","675","675","1.4334356784820557","1.4334356784820557","1.4334356784820557"
"16950","677","677","677","1.4451014995574951","1.4451014995574951","1.4451014995574951"
"17000","679","679","679","1.4466040134429932","1.4466040134429932","1.4466040134429932"
"17050","681","681","681","1.4415565729141235","1.4415565729141235","1.4415565729141235"
"17100","683","683","683","1.4349379539489746","1.4349379539489746","1.4349379539489746"
"17150","685","685","685","1.4367932081222534","1.4367932081222534","1.4367932081222534"
"17200","687","687","687","1.439897894859314","1.439897894859314","1.439897894859314"
"17250","689","689","689","1.437004566192627","1.437004566192627","1.437004566192627"
"17300","691","691","691","1.4387798309326172","1.4387798309326172","1.4387798309326172"
"17350","693","693","693","1.4409348964691162","1.4409348964691162","1.4409348964691162"
"17400","695","695","695","1.4396404027938843","1.4396404027938843","1.4396404027938843"
"17450","697","697","697","1.4459280967712402","1.4459280967712402","1.4459280967712402"
"17500","699","699","699","1.4506347179412842","1.4506347179412842","1.4506347179412842"
"17550","701","701","701","1.441228985786438","1.441228985786438","1.441228985786438"
"17600","703","703","703","1.440694808959961","1.440694808959961","1.440694808959961"
"17650","705","705","705","1.444743037223816","1.444743037223816","1.444743037223816"
"17700","707","707","707","1.4491908550262451","1.4491908550262451","1.4491908550262451"
"17750","709","709","709","1.4416526556015015","1.4416526556015015","1.4416526556015015"
"17800","711","711","711","1.4480834007263184","1.4480834007263184","1.4480834007263184"
"17850","713","713","713","1.4600452184677124","1.4600452184677124","1.4600452184677124"
"17900","715","715","715","1.45674729347229","1.45674729347229","1.45674729347229"
"17950","717","717","717","1.4552687406539917","1.4552687406539917","1.4552687406539917"
"18000","719","719","719","1.4544261693954468","1.4544261693954468","1.4544261693954468"
"18050","721","721","721","1.4468517303466797","1.4468517303466797","1.4468517303466797"
"18100","723","723","723","1.4614046812057495","1.4614046812057495","1.4614046812057495"
"18150","725","725","725","1.452870488166809","1.452870488166809","1.452870488166809"
"18200","727","727","727","1.4568897485733032","1.4568897485733032","1.4568897485733032"
"18250","729","729","729","1.4500125646591187","1.4500125646591187","1.4500125646591187"
"18300","731","731","731","1.452370524406433","1.452370524406433","1.452370524406433"
"18350","733","733","733","1.4555296897888184","1.4555296897888184","1.4555296897888184"
"18400","735","735","735","1.456191897392273","1.456191897392273","1.456191897392273"
"18450","737","737","737","1.4435769319534302","1.4435769319534302","1.4435769319534302"
"18500","739","739","739","1.4433951377868652","1.4433951377868652","1.4433951377868652"
"18550","741","741","741","1.4510592222213745","1.4510592222213745","1.4510592222213745"
"18600","743","743","743","1.4473754167556763","1.4473754167556763","1.4473754167556763"
"18650","745","745","745","1.4694085121154785","1.4694085121154785","1.4694085121154785"
"18700","747","747","747","1.471204400062561","1.471204400062561","1.471204400062561"
"18750","749","749","749","1.4742494821548462","1.4742494821548462","1.4742494821548462"
"18800","751","751","751","1.4840292930603027","1.4840292930603027","1.4840292930603027"
"18850","753","753","753","1.4733948707580566","1.4733948707580566","1.4733948707580566"
"18900","755","755","755","1.468731164932251","1.468731164932251","1.468731164932251"
"18950","757","757","757","1.4697203636169434","1.4697203636169434","1.4697203636169434"
"19000","759","759","759","1.46564781665802","1.46564781665802","1.46564781665802"
"19050","761","761","761","1.464920163154602","1.464920163154602","1.464920163154602"
"19100","763","763","763","1.463828206062317","1.463828206062317","1.463828206062317"
"19150","765","765","765","1.4599775075912476","1.4599775075912476","1.4599775075912476"
"19200","767","767","767","1.464625597000122","1.464625597000122","1.464625597000122"
"19250","769","769","769","1.4668775796890259","1.4668775796890259","1.4668775796890259"
"19300","771","771","771","1.450545310974121","1.450545310974121","1.450545310974121"
"19350","773","773","773","1.4642786979675293","1.4642786979675293","1.4642786979675293"
"19400","775","775","775","1.4618852138519287","1.4618852138519287","1.4618852138519287"
"19450","777","777","777","1.4606040716171265","1.4606040716171265","1.4606040716171265"
"19500","779","779","779","1.4866018295288086","1.4866018295288086","1.4866018295288086"
"19550","781","781","781","1.4896308183670044","1.4896308183670044","1.4896308183670044"
"19600","783","783","783","1.4998302459716797","1.4998302459716797","1.4998302459716797"
"19650","785","785","785","1.4944933652877808","1.4944933652877808","1.4944933652877808"
"19700","787","787","787","1.4782922267913818","1.4782922267913818","1.4782922267913818"
"19750","789","789","789","1.4870362281799316","1.4870362281799316","1.4870362281799316"
"19800","791","791","791","1.485921025276184","1.485921025276184","1.485921025276184"
"19850","793","793","793","1.4831478595733643","1.4831478595733643","1.4831478595733643"
"19900","795","795","795","1.476922869682312","1.476922869682312","1.476922869682312"
"19950","797","797","797","1.4687306880950928","1.4687306880950928","1.4687306880950928"
"20000","799","799","799","1.4744881391525269","1.4744881391525269","1.4744881391525269"
"20050","801","801","801","1.4747849702835083","1.4747849702835083","1.4747849702835083"
"20100","803","803","803","1.4720826148986816","1.4720826148986816","1.4720826148986816"
"20150","805","805","805","1.4669257402420044","1.4669257402420044","1.4669257402420044"
"20200","807","807","807","1.4678292274475098","1.4678292274475098","1.4678292274475098"
"20250","809","809","809","1.4720793962478638","1.4720793962478638","1.4720793962478638"
"20300","811","811","811","1.4731673002243042","1.4731673002243042","1.4731673002243042"
"20350","813","813","813","1.4953070878982544","1.4953070878982544","1.4953070878982544"
"20400","815","815","815","1.4923803806304932","1.4923803806304932","1.4923803806304932"
"20450","817","817","817","1.510501503944397","1.510501503944397","1.510501503944397"
"20500","819","819","819","1.484264612197876","1.484264612197876","1.484264612197876"
"20550","821","821","821","1.498862385749817","1.498862385749817","1.498862385749817"
"20600","823","823","823","1.505006194114685","1.505006194114685","1.505006194114685"
"20650","825","825","825","1.502219319343567","1.502219319343567","1.502219319343567"
"20700","827","827","827","1.487112283706665","1.487112283706665","1.487112283706665"
"20750","829","829","829","1.4874545335769653","1.4874545335769653","1.4874545335769653"
"20800","831","831","831","1.4956786632537842","1.4956786632537842","1.4956786632537842"
"20850","833","833","833","1.4828153848648071","1.4828153848648071","1.4828153848648071"
"20900","835","835","835","1.4941424131393433","1.4941424131393433","1.4941424131393433"
"20950","837","837","837","1.490618109703064","1.490618109703064","1.490618109703064"
"21000","839","839","839","1.4828790426254272","1.4828790426254272","1.4828790426254272"
"21050","841","841","841","1.483743667602539","1.483743667602539","1.483743667602539"
"21100","843","843","843","1.4827314615249634","1.4827314615249634","1.4827314615249634"
"21150","845","845","845","1.498118281364441","1.498118281364441","1.498118281364441"
"21200","847","847","847","1.5073622465133667","1.5073622465133667","1.5073622465133667"
"21250","849","849","849","1.4985486268997192","1.4985486268997192","1.4985486268997192"
"21300","851","851","851","1.4997330904006958","1.4997330904006958","1.4997330904006958"
"21350","853","853","853","1.4993352890014648","1.4993352890014648","1.4993352890014648"
"21400","855","855","855","1.5008876323699951","1.5008876323699951","1.5008876323699951"
"21450","857","857","857","1.501444697380066","1.501444697380066","1.501444697380066"
"21500","859","859","859","1.4972524642944336","1.4972524642944336","1.4972524642944336"
"21550","861","861","861","1.4882066249847412","1.4882066249847412","1.4882066249847412"
"21600","863","863","863","1.5161340236663818","1.5161340236663818","1.5161340236663818"
"21650","865","865","865","1.5060569047927856","1.5060569047927856","1.5060569047927856"
"21700","867","867","867","1.511186957359314","1.511186957359314","1.511186957359314"
"21750","869","869","869","1.5094234943389893","1.5094234943389893","1.5094234943389893"
"21800","871","871","871","1.5026919841766357","1.5026919841766357","1.5026919841766357"
"21850","873","873","873","1.5025842189788818","1.5025842189788818","1.5025842189788818"
"21900","875","875","875","1.501564860343933","1.501564860343933","1.501564860343933"
"21950","877","877","877","1.4886847734451294","1.4886847734451294","1.4886847734451294"
"22000","879","879","879","1.5241705179214478","1.5241705179214478","1.5241705179214478"
"22050","881","881","881","1.5034407377243042","1.5034407377243042","1.5034407377243042"
"22100","883","883","883","1.5145572423934937","1.5145572423934937","1.5145572423934937"
"22150","885","885","885","1.5030028820037842","1.5030028820037842","1.5030028820037842"
"22200","887","887","887","1.5096479654312134","1.5096479654312134","1.5096479654312134"
"22250","889","889","889","1.5065876245498657","1.5065876245498657","1.5065876245498657"
"22300","891","891","891","1.4965232610702515","1.4965232610702515","1.4965232610702515"
"22350","893","893","893","1.5182489156723022","1.5182489156723022","1.5182489156723022"
"22400","895","895","895","1.4985287189483643","1.4985287189483643","1.4985287189483643"
"22450","897","897","897","1.527733325958252","1.527733325958252","1.527733325958252"
"22500","899","899","899","1.512471318244934","1.512471318244934","1.512471318244934"
"22550","901","901","901","1.5269694328308105","1.5269694328308105","1.5269694328308105"
"22600","903","903","903","1.5264967679977417","1.5264967679977417","1.5264967679977417"
"22650","905","905","905","1.5222909450531006","1.5222909450531006","1.5222909450531006"
"22700","907","907","907","1.5192831754684448","1.5192831754684448","1.5192831754684448"
"22750","909","909","909","1.5199790000915527","1.5199790000915527","1.5199790000915527"
"22800","911","911","911","1.5203300714492798","1.5203300714492798","1.5203300714492798"
"22850","913","913","913","1.518915057182312","1.518915057182312","1.518915057182312"
"22900","915","915","915","1.5296003818511963","1.5296003818511963","1.5296003818511963"
"22950","917","917","917","1.5163849592208862","1.5163849592208862","1.5163849592208862"
"23000","919","919","919","1.5087041854858398","1.5087041854858398","1.5087041854858398"
"23050","921","921","921","1.5254961252212524","1.5254961252212524","1.5254961252212524"
"23100","923","923","923","1.5190582275390625","1.5190582275390625","1.5190582275390625"
"23150","925","925","925","1.5123417377471924","1.5123417377471924","1.5123417377471924"
"23200","927","927","927","1.5090429782867432","1.5090429782867432","1.5090429782867432"
"23250","929","929","929","1.501161813735962","1.501161813735962","1.501161813735962"
"23300","931","931","931","1.560802698135376","1.560802698135376","1.560802698135376"
"23350","933","933","933","1.552681803703308","1.552681803703308","1.552681803703308"
"23400","935","935","935","1.5400748252868652","1.5400748252868652","1.5400748252868652"
"23450","937","937","937","1.5460478067398071","1.5460478067398071","1.5460478067398071"
"23500","939","939","939","1.5382834672927856","1.5382834672927856","1.5382834672927856"
"23550","941","941","941","1.539512276649475","1.539512276649475","1.539512276649475"
"23600","943","943","943","1.5298020839691162","1.5298020839691162","1.5298020839691162"
"23650","945","945","945","1.536116600036621","1.536116600036621","1.536116600036621"
"23700","947","947","947","1.53933846950531","1.53933846950531","1.53933846950531"
"23750","949","949","949","1.5320308208465576","1.5320308208465576","1.5320308208465576"
"23800","951","951","951","1.5272929668426514","1.5272929668426514","1.5272929668426514"
"23850","953","953","953","1.5226261615753174","1.5226261615753174","1.5226261615753174"
"23900","955","955","955","1.5187594890594482","1.5187594890594482","1.5187594890594482"
"23950","957","957","957","1.5170223712921143","1.5170223712921143","1.5170223712921143"
"24000","959","959","959","1.518465280532837","1.518465280532837","1.518465280532837"
"24050","961","961","961","1.534280776977539","1.534280776977539","1.534280776977539"
"24100","963","963","963","1.5363084077835083","1.5363084077835083","1.5363084077835083"
"24150","965","965","965","1.563742995262146","1.563742995262146","1.563742995262146"
"24200","967","967","967","1.5593491792678833","1.5593491792678833","1.5593491792678833"
"24250","969","969","969","1.5716735124588013","1.5716735124588013","1.5716735124588013"
"24300","971","971","971","1.5511071681976318","1.5511071681976318","1.5511071681976318"
"24350","973","973","973","1.5559276342391968","1.5559276342391968","1.5559276342391968"
"24400","975","975","975","1.5666325092315674","1.5666325092315674","1.5666325092315674"
"24450","977","977","977","1.5699690580368042","1.5699690580368042","1.5699690580368042"
"24500","979","979","979","1.5562491416931152","1.5562491416931152","1.5562491416931152"
"24550","981","981","981","1.5472922325134277","1.5472922325134277","1.5472922325134277"
"24600","983","983","983","1.5430258512496948","1.5430258512496948","1.5430258512496948"
"24650","985","985","985","1.538089632987976","1.538089632987976","1.538089632987976"
"24700","987","987","987","1.5350466966629028","1.5350466966629028","1.5350466966629028"
"24750","989","989","989","1.5376797914505005","1.5376797914505005","1.5376797914505005"
"24800","991","991","991","1.5338013172149658","1.5338013172149658","1.5338013172149658"
"24850","993","993","993","1.5405546426773071","1.5405546426773071","1.5405546426773071"
"24900","995","995","995","1.5414096117019653","1.5414096117019653","1.5414096117019653"
"24950","997","997","997","1.548967719078064","1.548967719078064","1.548967719078064"
"25000","999","999","999","1.5691338777542114","1.5691338777542114","1.5691338777542114"
"25050","1001","1001","1001","1.572506308555603","1.572506308555603","1.572506308555603"
"25100","1003","1003","1003","1.56560480594635","1.56560480594635","1.56560480594635"
"25150","1005","1005","1005","1.5693943500518799","1.5693943500518799","1.5693943500518799"
"25200","1007","1007","1007","1.565973162651062","1.565973162651062","1.565973162651062"
"25250","1009","1009","1009","1.567223072052002","1.567223072052002","1.567223072052002"
"25300","1011","1011","1011","1.5753124952316284","1.5753124952316284","1.5753124952316284"
"25350","1013","1013","1013","1.570909857749939","1.570909857749939","1.570909857749939"
"25400","1015","1015","1015","1.5591930150985718","1.5591930150985718","1.5591930150985718"
"25450","1017","1017","1017","1.5649527311325073","1.5649527311325073","1.5649527311325073"
"25500","1019","1019","1019","1.560325264930725","1.560325264930725","1.560325264930725"
"25550","1021","1021","1021","1.5573792457580566","1.5573792457580566","1.5573792457580566"
"25600","1023","1023","1023","1.5484696626663208","1.5484696626663208","1.5484696626663208"
"25650","1025","1025","1025","1.5637060403823853","1.5637060403823853","1.5637060403823853"
"25700","1027","1027","1027","1.5445176362991333","1.5445176362991333","1.5445176362991333"
"25750","1029","1029","1029","1.5502930879592896","1.5502930879592896","1.5502930879592896"
"25800","1031","1031","1031","1.576006293296814","1.576006293296814","1.576006293296814"
"25850","1033","1033","1033","1.5669376850128174","1.5669376850128174","1.5669376850128174"
"25900","1035","1035","1035","1.5767462253570557","1.5767462253570557","1.5767462253570557"
"25950","1037","1037","1037","1.569734811782837","1.569734811782837","1.569734811782837"
"26000","1039","1039","1039","1.572501540184021","1.572501540184021","1.572501540184021"
"26050","1041","1041","1041","1.5841110944747925","1.5841110944747925","1.5841110944747925"
"26100","1043","1043","1043","1.5558854341506958","1.5558854341506958","1.5558854341506958"
"26150","1045","1045","1045","1.561264991760254","1.561264991760254","1.561264991760254"
"26200","1047","1047","1047","1.5626108646392822","1.5626108646392822","1.5626108646392822"
"26250","1049","1049","1049","1.5760815143585205","1.5760815143585205","1.5760815143585205"
"26300","1051","1051","1051","1.5733755826950073","1.5733755826950073","1.5733755826950073"
"26350","1053","1053","1053","1.5833740234375","1.5833740234375","1.5833740234375"
"26400","1055","1055","1055","1.573604702949524","1.573604702949524","1.573604702949524"
"26450","1057","1057","1057","1.5767123699188232","1.5767123699188232","1.5767123699188232"
"26500","1059","1059","1059","1.578603982925415","1.578603982925415","1.578603982925415"
"26550","1061","1061","1061","1.570854663848877","1.570854663848877","1.570854663848877"
"26600","1063","1063","1063","1.5646408796310425","1.5646408796310425","1.5646408796310425"
"26650","1065","1065","1065","1.579089879989624","1.579089879989624","1.579089879989624"
"26700","1067","1067","1067","1.580474853515625","1.580474853515625","1.580474853515625"
"26750","1069","1069","1069","1.5746411085128784","1.5746411085128784","1.5746411085128784"
"26800","1071","1071","1071","1.5865286588668823","1.5865286588668823","1.5865286588668823"
"26850","1073","1073","1073","1.5811855792999268","1.5811855792999268","1.5811855792999268"
"26900","1075","1075","1075","1.5792583227157593","1.5792583227157593","1.5792583227157593"
"26950","1077","1077","1077","1.5697466135025024","1.5697466135025024","1.5697466135025024"
"27000","1079","1079","1079","1.5805062055587769","1.5805062055587769","1.5805062055587769"
"27050","1081","1081","1081","1.5617872476577759","1.5617872476577759","1.5617872476577759"
"27100","1083","1083","1083","1.5932101011276245","1.5932101011276245","1.5932101011276245"
"27150","1085","1085","1085","1.592689037322998","1.592689037322998","1.592689037322998"
"27200","1087","1087","1087","1.5983622074127197","1.5983622074127197","1.5983622074127197"
"27250","1089","1089","1089","1.594496726989746","1.594496726989746","1.594496726989746"
"27300","1091","1091","1091","1.5942885875701904","1.5942885875701904","1.5942885875701904"
"27350","1093","1093","1093","1.6009467840194702","1.6009467840194702","1.6009467840194702"
"27400","1095","1095","1095","1.5937680006027222","1.5937680006027222","1.5937680006027222"
"27450","1097","1097","1097","1.5813190937042236","1.5813190937042236","1.5813190937042236"
"27500","1099","1099","1099","1.5847563743591309","1.5847563743591309","1.5847563743591309"
"27550","1101","1101","1101","1.5897846221923828","1.5897846221923828","1.5897846221923828"
"27600","1103","1103","1103","1.590423583984375","1.590423583984375","1.590423583984375"
"27650","1105","1105","1105","1.593877911567688","1.593877911567688","1.593877911567688"
"27700","1107","1107","1107","1.5963077545166016","1.5963077545166016","1.5963077545166016"
"27750","1109","1109","1109","1.5849478244781494","1.5849478244781494","1.5849478244781494"
"27800","1111","1111","1111","1.5824611186981201","1.5824611186981201","1.5824611186981201"
"27850","1113","1113","1113","1.5853034257888794","1.5853034257888794","1.5853034257888794"
"27900","1115","1115","1115","1.582260251045227","1.582260251045227","1.582260251045227"
"27950","1117","1117","1117","1.6113841533660889","1.6113841533660889","1.6113841533660889"
"28000","1119","1119","1119","1.6190184354782104","1.6190184354782104","1.6190184354782104"
"28050","1121","1121","1121","1.6246473789215088","1.6246473789215088","1.6246473789215088"
"28100","1123","1123","1123","1.6328433752059937","1.6328433752059937","1.6328433752059937"
"28150","1125","1125","1125","1.6115005016326904","1.6115005016326904","1.6115005016326904"
"28200","1127","1127","1127","1.6200278997421265","1.6200278997421265","1.6200278997421265"
"28250","1129","1129","1129","1.6131577491760254","1.6131577491760254","1.6131577491760254"
"28300","1131","1131","1131","1.6037821769714355","1.6037821769714355","1.6037821769714355"
"28350","1133","1133","1133","1.6150139570236206","1.6150139570236206","1.6150139570236206"
"28400","1135","1135","1135","1.6044974327087402","1.6044974327087402","1.6044974327087402"
"28450","1137","1137","1137","1.5994445085525513","1.5994445085525513","1.5994445085525513"
"28500","1139","1139","1139","1.5995675325393677","1.5995675325393677","1.5995675325393677"
"28550","1141","1141","1141","1.5914549827575684","1.5914549827575684","1.5914549827575684"
"28600","1143","1143","1143","1.5910470485687256","1.5910470485687256","1.5910470485687256"
"28650","1145","1145","1145","1.5943986177444458","1.5943986177444458","1.5943986177444458"
"28700","1147","1147","1147","1.5903512239456177","1.5903512239456177","1.5903512239456177"
"28750","1149","1149","1149","1.6008332967758179","1.6008332967758179","1.6008332967758179"
"28800","1151","1151","1151","1.6361688375473022","1.6361688375473022","1.6361688375473022"
"28850","1153","1153","1153","1.6442445516586304","1.6442445516586304","1.6442445516586304"
"28900","1155","1155","1155","1.6346558332443237","1.6346558332443237","1.6346558332443237"
"28950","1157","1157","1157","1.6515300273895264","1.6515300273895264","1.6515300273895264"
"29000","1159","1159","1159","1.6241182088851929","1.6241182088851929","1.6241182088851929"
"29050","1161","1161","1161","1.640230655670166","1.640230655670166","1.640230655670166"
"29100","1163","1163","1163","1.6403522491455078","1.6403522491455078","1.6403522491455078"
"29150","1165","1165","1165","1.6467684507369995","1.6467684507369995","1.6467684507369995"
"29200","1167","1167","1167","1.6119056940078735","1.6119056940078735","1.6119056940078735"
"29250","1169","1169","1169","1.6180871725082397","1.6180871725082397","1.6180871725082397"
"29300","1171","1171","1171","1.6143405437469482","1.6143405437469482","1.6143405437469482"
"29350","1173","1173","1173","1.6172233819961548","1.6172233819961548","1.6172233819961548"
"29400","1175","1175","1175","1.6029516458511353","1.6029516458511353","1.6029516458511353"
"29450","1177","1177","1177","1.6076589822769165","1.6076589822769165","1.6076589822769165"
"29500","1179","1179","1179","1.6030619144439697","1.6030619144439697","1.6030619144439697"
"29550","1181","1181","1181","1.5990861654281616","1.5990861654281616","1.5990861654281616"
"29600","1183","1183","1183","1.62906014919281","1.62906014919281","1.62906014919281"
"29650","1185","1185","1185","1.6510804891586304","1.6510804891586304","1.6510804891586304"
"29700","1187","1187","1187","1.645818829536438","1.645818829536438","1.645818829536438"
"29750","1189","1189","1189","1.6428465843200684","1.6428465843200684","1.6428465843200684"
"29800","1191","1191","1191","1.6497406959533691","1.6497406959533691","1.6497406959533691"
"29850","1193","1193","1193","1.6328777074813843","1.6328777074813843","1.6328777074813843"
"29900","1195","1195","1195","1.6476404666900635","1.6476404666900635","1.6476404666900635"
"29950","1197","1197","1197","1.639366626739502","1.639366626739502","1.639366626739502"
"30000","1199","1199","1199","1.6372438669204712","1.6372438669204712","1.6372438669204712"
"30050","1201","1201","1201","1.6253770589828491","1.6253770589828491","1.6253770589828491"
"30100","1203","1203","1203","1.6360810995101929","1.6360810995101929","1.6360810995101929"
"30150","1205","1205","1205","1.6376293897628784","1.6376293897628784","1.6376293897628784"
"30200","1207","1207","1207","1.6235450506210327","1.6235450506210327","1.6235450506210327"
"30250","1209","1209","1209","1.624708890914917","1.624708890914917","1.624708890914917"
"30300","1211","1211","1211","1.6189650297164917","1.6189650297164917","1.6189650297164917"
"30350","1213","1213","1213","1.6243420839309692","1.6243420839309692","1.6243420839309692"
"30400","1215","1215","1215","1.6125613451004028","1.6125613451004028","1.6125613451004028"
"30450","1217","1217","1217","1.6528018712997437","1.6528018712997437","1.6528018712997437"
"30500","1219","1219","1219","1.64751398563385","1.64751398563385","1.64751398563385"
"30550","1221","1221","1221","1.6510467529296875","1.6510467529296875","1.6510467529296875"
"30600","1223","1223","1223","1.6552460193634033","1.6552460193634033","1.6552460193634033"
"30650","1225","1225","1225","1.6456704139709473","1.6456704139709473","1.6456704139709473"
"30700","1227","1227","1227","1.6528801918029785","1.6528801918029785","1.6528801918029785"
"30750","1229","1229","1229","1.656722903251648","1.656722903251648","1.656722903251648"
"30800","1231","1231","1231","1.6474765539169312","1.6474765539169312","1.6474765539169312"
"30850","1233","1233","1233","1.6359788179397583","1.6359788179397583","1.6359788179397583"
"30900","1235","1235","1235","1.6531716585159302","1.6531716585159302","1.6531716585159302"
"30950","1237","1237","1237","1.6496011018753052","1.6496011018753052","1.6496011018753052"
"31000","1239","1239","1239","1.659047245979309","1.659047245979309","1.659047245979309"
"31050","1241","1241","1241","1.6457350254058838","1.6457350254058838","1.6457350254058838"
"31100","1243","1243","1243","1.6461364030838013","1.6461364030838013","1.6461364030838013"
"31150","1245","1245","1245","1.6461175680160522","1.6461175680160522","1.6461175680160522"
"31200","1247","1247","1247","1.634482502937317","1.634482502937317","1.634482502937317"
"31250","1249","1249","1249","1.6339846849441528","1.6339846849441528","1.6339846849441528"
"31300","1251","1251","1251","1.6617696285247803","1.6617696285247803","1.6617696285247803"
"31350","1253","1253","1253","1.6489611864089966","1.6489611864089966","1.6489611864089966"
"31400","1255","1255","1255","1.6589831113815308","1.6589831113815308","1.6589831113815308"
"31450","1257","1257","1257","1.6528807878494263","1.6528807878494263","1.6528807878494263"
"31500","1259","1259","1259","1.6628823280334473","1.6628823280334473","1.6628823280334473"
"31550","1261","1261","1261","1.65288507938385","1.65288507938385","1.65288507938385"
"31600","1263","1263","1263","1.6576744318008423","1.6576744318008423","1.6576744318008423"
"31650","1265","1265","1265","1.6498180627822876","1.6498180627822876","1.6498180627822876"
"31700","1267","1267","1267","1.6221731901168823","1.6221731901168823","1.6221731901168823"
"31750","1269","1269","1269","1.6631109714508057","1.6631109714508057","1.6631109714508057"
"31800","1271","1271","1271","1.6721967458724976","1.6721967458724976","1.6721967458724976"
"31850","1273","1273","1273","1.6640849113464355","1.6640849113464355","1.6640849113464355"
"31900","1275","1275","1275","1.6663862466812134","1.6663862466812134","1.6663862466812134"
"31950","1277","1277","1277","1.6602919101715088","1.6602919101715088","1.6602919101715088"
"32000","1279","1279","1279","1.6644384860992432","1.6644384860992432","1.6644384860992432"
"32050","1281","1281","1281","1.654482364654541","1.654482364654541","1.654482364654541"
"32100","1283","1283","1283","1.658699631690979","1.658699631690979","1.658699631690979"
"32150","1285","1285","1285","1.675335168838501","1.675335168838501","1.675335168838501"
"32200","1287","1287","1287","1.6599708795547485","1.6599708795547485","1.6599708795547485"
"32250","1289","1289","1289","1.653630018234253","1.653630018234253","1.653630018234253"
"32300","1291","1291","1291","1.665238380432129","1.665238380432129","1.665238380432129"
"32350","1293","1293","1293","1.6551355123519897","1.6551355123519897","1.6551355123519897"
"32400","1295","1295","1295","1.6642277240753174","1.6642277240753174","1.6642277240753174"
"32450","1297","1297","1297","1.6626559495925903","1.6626559495925903","1.6626559495925903"
"32500","1299","1299","1299","1.652668833732605","1.652668833732605","1.652668833732605"
"32550","1301","1301","1301","1.644688367843628","1.644688367843628","1.644688367843628"
"32600","1303","1303","1303","1.6949524879455566","1.6949524879455566","1.6949524879455566"
"32650","1305","1305","1305","1.7034450769424438","1.7034450769424438","1.7034450769424438"
"32700","1307","1307","1307","1.686475396156311","1.686475396156311","1.686475396156311"
"32750","1309","1309","1309","1.6918065547943115","1.6918065547943115","1.6918065547943115"
"32800","1311","1311","1311","1.698076605796814","1.698076605796814","1.698076605796814"
"32850","1313","1313","1313","1.6884011030197144","1.6884011030197144","1.6884011030197144"
"32900","1315","1315","1315","1.6733969449996948","1.6733969449996948","1.6733969449996948"
"32950","1317","1317","1317","1.6816905736923218","1.6816905736923218","1.6816905736923218"
"33000","1319","1319","1319","1.6857435703277588","1.6857435703277588","1.6857435703277588"
"33050","1321","1321","1321","1.6664674282073975","1.6664674282073975","1.6664674282073975"
"33100","1323","1323","1323","1.6569459438323975","1.6569459438323975","1.6569459438323975"
"33150","1325","1325","1325","1.6719412803649902","1.6719412803649902","1.6719412803649902"
"33200","1327","1327","1327","1.6723421812057495","1.6723421812057495","1.6723421812057495"
"33250","1329","1329","1329","1.6640231609344482","1.6640231609344482","1.6640231609344482"
"33300","1331","1331","1331","1.67336905002594","1.67336905002594","1.67336905002594"
"33350","1333","1333","1333","1.6526306867599487","1.6526306867599487","1.6526306867599487"
"33400","1335","1335","1335","1.6716291904449463","1.6716291904449463","1.6716291904449463"
"33450","1337","1337","1337","1.7087019681930542","1.7087019681930542","1.7087019681930542"
"33500","1339","1339","1339","1.7072564363479614","1.7072564363479614","1.7072564363479614"
"33550","1341","1341","1341","1.7208095788955688","1.7208095788955688","1.7208095788955688"
"33600","1343","1343","1343","1.7092463970184326","1.7092463970184326","1.7092463970184326"
"33650","1345","1345","1345","1.7222354412078857","1.7222354412078857","1.7222354412078857"
"33700","1347","1347","1347","1.7053735256195068","1.7053735256195068","1.7053735256195068"
"33750","1349","1349","1349","1.7188957929611206","1.7188957929611206","1.7188957929611206"
"33800","1351","1351","1351","1.7040587663650513","1.7040587663650513","1.7040587663650513"
"33850","1353","1353","1353","1.6777548789978027","1.6777548789978027","1.6777548789978027"
"33900","1355","1355","1355","1.6867822408676147","1.6867822408676147","1.6867822408676147"
"33950","1357","1357","1357","1.6767587661743164","1.6767587661743164","1.6767587661743164"
"34000","1359","1359","1359","1.6932889223098755","1.6932889223098755","1.6932889223098755"
"34050","1361","1361","1361","1.6889283657073975","1.6889283657073975","1.6889283657073975"
"34100","1363","1363","1363","1.6825852394104004","1.6825852394104004","1.6825852394104004"
"34150","1365","1365","1365","1.6713769435882568","1.6713769435882568","1.6713769435882568"
"34200","1367","1367","1367","1.671568512916565","1.671568512916565","1.671568512916565"
"34250","1369","1369","1369","1.7014834880828857","1.7014834880828857","1.7014834880828857"
"34300","1371","1371","1371","1.7246710062026978","1.7246710062026978","1.7246710062026978"
"34350","1373","1373","1373","1.7282403707504272","1.7282403707504272","1.7282403707504272"
"34400","1375","1375","1375","1.7155193090438843","1.7155193090438843","1.7155193090438843"
"34450","1377","1377","1377","1.7221916913986206","1.7221916913986206","1.7221916913986206"
"34500","1379","1379","1379","1.7232521772384644","1.7232521772384644","1.7232521772384644"
"34550","1381","1381","1381","1.717342734336853","1.717342734336853","1.717342734336853"
"34600","1383","1383","1383","1.723422884941101","1.723422884941101","1.723422884941101"
"34650","1385","1385","1385","1.7159764766693115","1.7159764766693115","1.7159764766693115"
"34700","1387","1387","1387","1.6892149448394775","1.6892149448394775","1.6892149448394775"
"34750","1389","1389","1389","1.7029987573623657","1.7029987573623657","1.7029987573623657"
"34800","1391","1391","1391","1.6959469318389893","1.6959469318389893","1.6959469318389893"
"34850","1393","1393","1393","1.6972556114196777","1.6972556114196777","1.6972556114196777"
"34900","1395","1395","1395","1.687568187713623","1.687568187713623","1.687568187713623"
"34950","1397","1397","1397","1.6888363361358643","1.6888363361358643","1.6888363361358643"
"35000","1399","1399","1399","1.6995131969451904","1.6995131969451904","1.6995131969451904"
"35050","1401","1401","1401","1.7022799253463745","1.7022799253463745","1.7022799253463745"
"35100","1403","1403","1403","1.7320220470428467","1.7320220470428467","1.7320220470428467"
"35150","1405","1405","1405","1.7189111709594727","1.7189111709594727","1.7189111709594727"
"35200","1407","1407","1407","1.7320990562438965","1.7320990562438965","1.7320990562438965"
"35250","1409","1409","1409","1.7276620864868164","1.7276620864868164","1.7276620864868164"
"35300","1411","1411","1411","1.7191423177719116","1.7191423177719116","1.7191423177719116"
"35350","1413","1413","1413","1.7207977771759033","1.7207977771759033","1.7207977771759033"
"35400","1415","1415","1415","1.7244668006896973","1.7244668006896973","1.7244668006896973"
"35450","1417","1417","1417","1.7216496467590332","1.7216496467590332","1.7216496467590332"
"35500","1419","1419","1419","1.7227851152420044","1.7227851152420044","1.7227851152420044"
"35550","1421","1421","1421","1.7273393869400024","1.7273393869400024","1.7273393869400024"
"35600","1423","1423","1423","1.736402153968811","1.736402153968811","1.736402153968811"
"35650","1425","1425","1425","1.715061068534851","1.715061068534851","1.715061068534851"
"35700","1427","1427","1427","1.7159706354141235","1.7159706354141235","1.7159706354141235"
"35750","1429","1429","1429","1.7151284217834473","1.7151284217834473","1.7151284217834473"
"35800","1431","1431","1431","1.7079123258590698","1.7079123258590698","1.7079123258590698"
"35850","1433","1433","1433","1.716076135635376","1.716076135635376","1.716076135635376"
"35900","1435","1435","1435","1.7074555158615112","1.7074555158615112","1.7074555158615112"
"35950","1437","1437","1437","1.7489027976989746","1.7489027976989746","1.7489027976989746"
"36000","1439","1439","1439","1.7468502521514893","1.7468502521514893","1.7468502521514893"
"36050","1441","1441","1441","1.7452635765075684","1.7452635765075684","1.7452635765075684"
"36100","1443","1443","1443","1.723584771156311","1.723584771156311","1.723584771156311"
"36150","1445","1445","1445","1.7186203002929688","1.7186203002929688","1.7186203002929688"
"36200","1447","1447","1447","1.7271900177001953","1.7271900177001953","1.7271900177001953"
"36250","1449","1449","1449","1.7261059284210205","1.7261059284210205","1.7261059284210205"
"36300","1451","1451","1451","1.719252586364746","1.719252586364746","1.719252586364746"
"36350","1453","1453","1453","1.7034435272216797","1.7034435272216797","1.7034435272216797"
"36400","1455","1455","1455","1.7373913526535034","1.7373913526535034","1.7373913526535034"
"36450","1457","1457","1457","1.7203980684280396","1.7203980684280396","1.7203980684280396"
"36500","1459","1459","1459","1.7411270141601562","1.7411270141601562","1.7411270141601562"
"36550","1461","1461","1461","1.738063097000122","1.738063097000122","1.738063097000122"
"36600","1463","1463","1463","1.7437981367111206","1.7437981367111206","1.7437981367111206"
"36650","1465","1465","1465","1.7429193258285522","1.7429193258285522","1.7429193258285522"
"36700","1467","1467","1467","1.7400126457214355","1.7400126457214355","1.7400126457214355"
"36750","1469","1469","1469","1.7249480485916138","1.7249480485916138","1.7249480485916138"
"36800","1471","1471","1471","1.736997127532959","1.736997127532959","1.736997127532959"
"36850","1473","1473","1473","1.7378393411636353","1.7378393411636353","1.7378393411636353"
"36900","1475","1475","1475","1.7248181104660034","1.7248181104660034","1.7248181104660034"
"36950","1477","1477","1477","1.7322088479995728","1.7322088479995728","1.7322088479995728"
"37000","1479","1479","1479","1.7485202550888062","1.7485202550888062","1.7485202550888062"
"37050","1481","1481","1481","1.737615704536438","1.737615704536438","1.737615704536438"
"37100","1483","1483","1483","1.7327392101287842","1.7327392101287842","1.7327392101287842"
"37150","1485","1485","1485","1.7399685382843018","1.7399685382843018","1.7399685382843018"
"37200","1487","1487","1487","1.7267069816589355","1.7267069816589355","1.7267069816589355"
"37250","1489","1489","1489","1.7702815532684326","1.7702815532684326","1.7702815532684326"
"37300","1491","1491","1491","1.7844552993774414","1.7844552993774414","1.7844552993774414"
"37350","1493","1493","1493","1.7648818492889404","1.7648818492889404","1.7648818492889404"
"37400","1495","1495","1495","1.745871901512146","1.745871901512146","1.745871901512146"
"37450","1497","1497","1497","1.7511012554168701","1.7511012554168701","1.7511012554168701"
"37500","1499","1499","1499","1.7598011493682861","1.7598011493682861","1.7598011493682861"
"37550","1501","1501","1501","1.7530670166015625","1.7530670166015625","1.7530670166015625"
"37600","1503","1503","1503","1.7445710897445679","1.7445710897445679","1.7445710897445679"
"37650","1505","1505","1505","1.7525871992111206","1.7525871992111206","1.7525871992111206"
"37700","1507","1507","1507","1.744001030921936","1.744001030921936","1.744001030921936"
"37750","1509","1509","1509","1.7531955242156982","1.7531955242156982","1.7531955242156982"
"37800","1511","1511","1511","1.7493773698806763","1.7493773698806763","1.7493773698806763"
"37850","1513","1513","1513","1.7577426433563232","1.7577426433563232","1.7577426433563232"
"37900","1515","1515","1515","1.7480393648147583","1.7480393648147583","1.7480393648147583"
"37950","1517","1517","1517","1.7374645471572876","1.7374645471572876","1.7374645471572876"
"38000","1519","1519","1519","1.7342860698699951","1.7342860698699951","1.7342860698699951"
"38050","1521","1521","1521","1.7226004600524902","1.7226004600524902","1.7226004600524902"
"38100","1523","1523","1523","1.799806833267212","1.799806833267212","1.799806833267212"
"38150","1525","1525","1525","1.778423547744751","1.778423547744751","1.778423547744751"
"38200","1527","1527","1527","1.7868702411651611","1.7868702411651611","1.7868702411651611"
"38250","1529","1529","1529","1.769356608390808","1.769356608390808","1.769356608390808"
"38300","1531","1531","1531","1.7908326387405396","1.7908326387405396","1.7908326387405396"
"38350","1533","1533","1533","1.7653403282165527","1.7653403282165527","1.7653403282165527"
"38400","1535","1535","1535","1.7929526567459106","1.7929526567459106","1.7929526567459106"
"38450","1537","1537","1537","1.7863903045654297","1.7863903045654297","1.7863903045654297"
"38500","1539","1539","1539","1.7541942596435547","1.7541942596435547","1.7541942596435547"
"38550","1541","1541","1541","1.7650091648101807","1.7650091648101807","1.7650091648101807"
"38600","1543","1543","1543","1.7475380897521973","1.7475380897521973","1.7475380897521973"
"38650","1545","1545","1545","1.757270336151123","1.757270336151123","1.757270336151123"
"38700","1547","1547","1547","1.7538474798202515","1.7538474798202515","1.7538474798202515"
"38750","1549","1549","1549","1.7473148107528687","1.7473148107528687","1.7473148107528687"
"38800","1551","1551","1551","1.7393524646759033","1.7393524646759033","1.7393524646759033"
"38850","1553","1553","1553","1.7655738592147827","1.7655738592147827","1.7655738592147827"
"38900","1555","1555","1555","1.7496678829193115","1.7496678829193115","1.7496678829193115"
"38950","1557","1557","1557","1.7960532903671265","1.7960532903671265","1.7960532903671265"
"39000","1559","1559","1559","1.777750849723816","1.777750849723816","1.777750849723816"
"39050","1561","1561","1561","1.7840014696121216","1.7840014696121216","1.7840014696121216"
"39100","1563","1563","1563","1.788992166519165","1.788992166519165","1.788992166519165"
"39150","1565","1565","1565","1.7972933053970337","1.7972933053970337","1.7972933053970337"
"39200","1567","1567","1567","1.791195034980774","1.791195034980774","1.791195034980774"
"39250","1569","1569","1569","1.8043628931045532","1.8043628931045532","1.8043628931045532"
"39300","1571","1571","1571","1.7893917560577393","1.7893917560577393","1.7893917560577393"
"39350","1573","1573","1573","1.7658740282058716","1.7658740282058716","1.7658740282058716"
"39400","1575","1575","1575","1.752616047859192","1.752616047859192","1.752616047859192"
"39450","1577","1577","1577","1.765372395515442","1.765372395515442","1.765372395515442"
"39500","1579","1579","1579","1.7575355768203735","1.7575355768203735","1.7575355768203735"
"39550","1581","1581","1581","1.7630120515823364","1.7630120515823364","1.7630120515823364"
"39600","1583","1583","1583","1.7749239206314087","1.7749239206314087","1.7749239206314087"
"39650","1585","1585","1585","1.7685725688934326","1.7685725688934326","1.7685725688934326"
"39700","1587","1587","1587","1.7536274194717407","1.7536274194717407","1.7536274194717407"
"39750","1589","1589","1589","1.7881605625152588","1.7881605625152588","1.7881605625152588"
"39800","1591","1591","1591","1.8053144216537476","1.8053144216537476","1.8053144216537476"
"39850","1593","1593","1593","1.7854716777801514","1.7854716777801514","1.7854716777801514"
"39900","1595","1595","1595","1.7930392026901245","1.7930392026901245","1.7930392026901245"
"39950","1597","1597","1597","1.8037128448486328","1.8037128448486328","1.8037128448486328"
"40000","1599","1599","1599","1.7847464084625244","1.7847464084625244","1.7847464084625244"
"40050","1601","1601","1601","1.7858999967575073","1.7858999967575073","1.7858999967575073"
"40100","1603","1603","1603","1.7924808263778687","1.7924808263778687","1.7924808263778687"
"40150","1605","1605","1605","1.788780689239502","1.788780689239502","1.788780689239502"
"40200","1607","1607","1607","1.7896478176116943","1.7896478176116943","1.7896478176116943"
"40250","1609","1609","1609","1.7998147010803223","1.7998147010803223","1.7998147010803223"
"40300","1611","1611","1611","1.7830936908721924","1.7830936908721924","1.7830936908721924"
"40350","1613","1613","1613","1.7757824659347534","1.7757824659347534","1.7757824659347534"
"40400","1615","1615","1615","1.7859172821044922","1.7859172821044922","1.7859172821044922"
"40450","1617","1617","1617","1.7863795757293701","1.7863795757293701","1.7863795757293701"
"40500","1619","1619","1619","1.7694718837738037","1.7694718837738037","1.7694718837738037"
"40550","1621","1621","1621","1.7755247354507446","1.7755247354507446","1.7755247354507446"
"40600","1623","1623","1623","1.8197590112686157","1.8197590112686157","1.8197590112686157"
"40650","1625","1625","1625","1.8000012636184692","1.8000012636184692","1.8000012636184692"
"40700","1627","1627","1627","1.7997859716415405","1.7997859716415405","1.7997859716415405"
"40750","1629","1629","1629","1.8044971227645874","1.8044971227645874","1.8044971227645874"
"40800","1631","1631","1631","1.7978415489196777","1.7978415489196777","1.7978415489196777"
"40850","1633","1633","1633","1.7977417707443237","1.7977417707443237","1.7977417707443237"
"40900","1635","1635","1635","1.7993868589401245","1.7993868589401245","1.7993868589401245"
"40950","1637","1637","1637","1.7992199659347534","1.7992199659347534","1.7992199659347534"
"41000","1639","1639","1639","1.7953436374664307","1.7953436374664307","1.7953436374664307"
"41050","1641","1641","1641","1.792624592781067","1.792624592781067","1.792624592781067"
"41100","1643","1643","1643","1.804653525352478","1.804653525352478","1.804653525352478"
"41150","1645","1645","1645","1.8119157552719116","1.8119157552719116","1.8119157552719116"
"41200","1647","1647","1647","1.812782883644104","1.812782883644104","1.812782883644104"
"41250","1649","1649","1649","1.8073489665985107","1.8073489665985107","1.8073489665985107"
"41300","1651","1651","1651","1.7987581491470337","1.7987581491470337","1.7987581491470337"
"41350","1653","1653","1653","1.7864502668380737","1.7864502668380737","1.7864502668380737"
"41400","1655","1655","1655","1.792279839515686","1.792279839515686","1.792279839515686"
"41450","1657","1657","1657","1.825865387916565","1.825865387916565","1.825865387916565"
"41500","1659","1659","1659","1.8134452104568481","1.8134452104568481","1.8134452104568481"
"41550","1661","1661","1661","1.8019405603408813","1.8019405603408813","1.8019405603408813"
"41600","1663","1663","1663","1.8116211891174316","1.8116211891174316","1.8116211891174316"
"41650","1665","1665","1665","1.8040645122528076","1.8040645122528076","1.8040645122528076"
"41700","1667","1667","1667","1.8002971410751343","1.8002971410751343","1.8002971410751343"
"41750","1669","1669","1669","1.808289885520935","1.808289885520935","1.808289885520935"
"41800","1671","1671","1671","1.799881935119629","1.799881935119629","1.799881935119629"
"41850","1673","1673","1673","1.7905620336532593","1.7905620336532593","1.7905620336532593"
"41900","1675","1675","1675","1.8344651460647583","1.8344651460647583","1.8344651460647583"
"41950","1677","1677","1677","1.8343944549560547","1.8343944549560547","1.8343944549560547"
"42000","1679","1679","1679","1.8307921886444092","1.8307921886444092","1.8307921886444092"
"42050","1681","1681","1681","1.8292876482009888","1.8292876482009888","1.8292876482009888"
"42100","1683","1683","1683","1.8272322416305542","1.8272322416305542","1.8272322416305542"
"42150","1685","1685","1685","1.8077266216278076","1.8077266216278076","1.8077266216278076"
"42200","1687","1687","1687","1.8122957944869995","1.8122957944869995","1.8122957944869995"
"42250","1689","1689","1689","1.8209632635116577","1.8209632635116577","1.8209632635116577"
"42300","1691","1691","1691","1.829872965812683","1.829872965812683","1.829872965812683"
"42350","1693","1693","1693","1.8112670183181763","1.8112670183181763","1.8112670183181763"
"42400","1695","1695","1695","1.828452229499817","1.828452229499817","1.828452229499817"
"42450","1697","1697","1697","1.813463568687439","1.813463568687439","1.813463568687439"
"42500","1699","1699","1699","1.8306522369384766","1.8306522369384766","1.8306522369384766"
"42550","1701","1701","1701","1.8098199367523193","1.8098199367523193","1.8098199367523193"
"42600","1703","1703","1703","1.8138554096221924","1.8138554096221924","1.8138554096221924"
"42650","1705","1705","1705","1.8106671571731567","1.8106671571731567","1.8106671571731567"
"42700","1707","1707","1707","1.8030930757522583","1.8030930757522583","1.8030930757522583"
"42750","1709","1709","1709","1.8531445264816284","1.8531445264816284","1.8531445264816284"
"42800","1711","1711","1711","1.8512959480285645","1.8512959480285645","1.8512959480285645"
"42850","1713","1713","1713","1.8477827310562134","1.8477827310562134","1.8477827310562134"
"42900","1715","1715","1715","1.8530465364456177","1.8530465364456177","1.8530465364456177"
"42950","1717","1717","1717","1.8457378149032593","1.8457378149032593","1.8457378149032593"
"43000","1719","1719","1719","1.8533682823181152","1.8533682823181152","1.8533682823181152"
"43050","1721","1721","1721","1.8704259395599365","1.8704259395599365","1.8704259395599365"
"43100","1723","1723","1723","1.8479849100112915","1.8479849100112915","1.8479849100112915"
"43150","1725","1725","1725","1.8333812952041626","1.8333812952041626","1.8333812952041626"
"43200","1727","1727","1727","1.835105061531067","1.835105061531067","1.835105061531067"
"43250","1729","1729","1729","1.8237954378128052","1.8237954378128052","1.8237954378128052"
"43300","1731","1731","1731","1.8341246843338013","1.8341246843338013","1.8341246843338013"
"43350","1733","1733","1733","1.817991852760315","1.817991852760315","1.817991852760315"
"43400","1735","1735","1735","1.8308988809585571","1.8308988809585571","1.8308988809585571"
"43450","1737","1737","1737","1.8135991096496582","1.8135991096496582","1.8135991096496582"
"43500","1739","1739","1739","1.8122460842132568","1.8122460842132568","1.8122460842132568"
"43550","1741","1741","1741","1.836990237236023","1.836990237236023","1.836990237236023"
"43600","1743","1743","1743","1.8685364723205566","1.8685364723205566","1.8685364723205566"
"43650","1745","1745","1745","1.8530712127685547","1.8530712127685547","1.8530712127685547"
"43700","1747","1747","1747","1.8628112077713013","1.8628112077713013","1.8628112077713013"
"43750","1749","1749","1749","1.85468327999115","1.85468327999115","1.85468327999115"
"43800","1751","1751","1751","1.86454176902771","1.86454176902771","1.86454176902771"
"43850","1753","1753","1753","1.8490363359451294","1.8490363359451294","1.8490363359451294"
"43900","1755","1755","1755","1.8550100326538086","1.8550100326538086","1.8550100326538086"
"43950","1757","1757","1757","1.8540022373199463","1.8540022373199463","1.8540022373199463"
"44000","1759","1759","1759","1.845625877380371","1.845625877380371","1.845625877380371"
"44050","1761","1761","1761","1.857759952545166","1.857759952545166","1.857759952545166"
"44100","1763","1763","1763","1.843514084815979","1.843514084815979","1.843514084815979"
"44150","1765","1765","1765","1.833540439605713","1.833540439605713","1.833540439605713"
"44200","1767","1767","1767","1.8235294818878174","1.8235294818878174","1.8235294818878174"
"44250","1769","1769","1769","1.8318911790847778","1.8318911790847778","1.8318911790847778"
"44300","1771","1771","1771","1.8380013704299927","1.8380013704299927","1.8380013704299927"
"44350","1773","1773","1773","1.8292748928070068","1.8292748928070068","1.8292748928070068"
"44400","1775","1775","1775","1.865665078163147","1.865665078163147","1.865665078163147"
"44450","1777","1777","1777","1.8477909564971924","1.8477909564971924","1.8477909564971924"
"44500","1779","1779","1779","1.874329924583435","1.874329924583435","1.874329924583435"
"44550","1781","1781","1781","1.867875576019287","1.867875576019287","1.867875576019287"
"44600","1783","1783","1783","1.8776968717575073","1.8776968717575073","1.8776968717575073"
"44650","1785","1785","1785","1.8596644401550293","1.8596644401550293","1.8596644401550293"
"44700","1787","1787","1787","1.8609741926193237","1.8609741926193237","1.8609741926193237"
"44750","1789","1789","1789","1.8515067100524902","1.8515067100524902","1.8515067100524902"
"44800","1791","1791","1791","1.8602794408798218","1.8602794408798218","1.8602794408798218"
"44850","1793","1793","1793","1.8516050577163696","1.8516050577163696","1.8516050577163696"
"44900","1795","1795","1795","1.8590939044952393","1.8590939044952393","1.8590939044952393"
"44950","1797","1797","1797","1.8554807901382446","1.8554807901382446","1.8554807901382446"
"45000","1799","1799","1799","1.8546600341796875","1.8546600341796875","1.8546600341796875"
"45050","1801","1801","1801","1.8404895067214966","1.8404895067214966","1.8404895067214966"
"45100","1803","1803","1803","1.8503466844558716","1.8503466844558716","1.8503466844558716"
"45150","1805","1805","1805","1.8519186973571777","1.8519186973571777","1.8519186973571777"
"45200","1807","1807","1807","1.8470396995544434","1.8470396995544434","1.8470396995544434"
"45250","1809","1809","1809","1.8780949115753174","1.8780949115753174","1.8780949115753174"
"45300","1811","1811","1811","1.8727359771728516","1.8727359771728516","1.8727359771728516"
"45350","1813","1813","1813","1.8667970895767212","1.8667970895767212","1.8667970895767212"
"45400","1815","1815","1815","1.8610986471176147","1.8610986471176147","1.8610986471176147"
"45450","1817","1817","1817","1.853036880493164","1.853036880493164","1.853036880493164"
"45500","1819","1819","1819","1.8659420013427734","1.8659420013427734","1.8659420013427734"
"45550","1821","1821","1821","1.869043231010437","1.869043231010437","1.869043231010437"
"45600","1823","1823","1823","1.8523955345153809","1.8523955345153809","1.8523955345153809"
"45650","1825","1825","1825","1.851023554801941","1.851023554801941","1.851023554801941"
"45700","1827","1827","1827","1.8735278844833374","1.8735278844833374","1.8735278844833374"
"45750","1829","1829","1829","1.8706419467926025","1.8706419467926025","1.8706419467926025"
"45800","1831","1831","1831","1.8811174631118774","1.8811174631118774","1.8811174631118774"
"45850","1833","1833","1833","1.886433482170105","1.886433482170105","1.886433482170105"
"45900","1835","1835","1835","1.8767876625061035","1.8767876625061035","1.8767876625061035"
"45950","1837","1837","1837","1.8622742891311646","1.8622742891311646","1.8622742891311646"
"46000","1839","1839","1839","1.8611446619033813","1.8611446619033813","1.8611446619033813"
"46050","1841","1841","1841","1.8590152263641357","1.8590152263641357","1.8590152263641357"
"46100","1843","1843","1843","1.8833425045013428","1.8833425045013428","1.8833425045013428"
"46150","1845","1845","1845","1.8734335899353027","1.8734335899353027","1.8734335899353027"
"46200","1847","1847","1847","1.8725707530975342","1.8725707530975342","1.8725707530975342"
"46250","1849","1849","1849","1.8761317729949951","1.8761317729949951","1.8761317729949951"
"46300","1851","1851","1851","1.8753119707107544","1.8753119707107544","1.8753119707107544"
"46350","1853","1853","1853","1.8761125802993774","1.8761125802993774","1.8761125802993774"
"46400","1855","1855","1855","1.8561437129974365","1.8561437129974365","1.8561437129974365"
"46450","1857","1857","1857","1.8703035116195679","1.8703035116195679","1.8703035116195679"
"46500","1859","1859","1859","1.8508062362670898","1.8508062362670898","1.8508062362670898"
"46550","1861","1861","1861","1.8894670009613037","1.8894670009613037","1.8894670009613037"
"46600","1863","1863","1863","1.9006344079971313","1.9006344079971313","1.9006344079971313"
"46650","1865","1865","1865","1.8972983360290527","1.8972983360290527","1.8972983360290527"
"46700","1867","1867","1867","1.895721435546875","1.895721435546875","1.895721435546875"
"46750","1869","1869","1869","1.8791444301605225","1.8791444301605225","1.8791444301605225"
"46800","1871","1871","1871","1.8981306552886963","1.8981306552886963","1.8981306552886963"
"46850","1873","1873","1873","1.8835232257843018","1.8835232257843018","1.8835232257843018"
"46900","1875","1875","1875","1.8892822265625","1.8892822265625","1.8892822265625"
"46950","1877","1877","1877","1.903687834739685","1.903687834739685","1.903687834739685"
"47000","1879","1879","1879","1.8997812271118164","1.8997812271118164","1.8997812271118164"
"47050","1881","1881","1881","1.8831325769424438","1.8831325769424438","1.8831325769424438"
"47100","1883","1883","1883","1.8828797340393066","1.8828797340393066","1.8828797340393066"
"47150","1885","1885","1885","1.8860925436019897","1.8860925436019897","1.8860925436019897"
"47200","1887","1887","1887","1.8828047513961792","1.8828047513961792","1.8828047513961792"
"47250","1889","1889","1889","1.8722915649414062","1.8722915649414062","1.8722915649414062"
"47300","1891","1891","1891","1.8748618364334106","1.8748618364334106","1.8748618364334106"
"47350","1893","1893","1893","1.8711317777633667","1.8711317777633667","1.8711317777633667"
"47400","1895","1895","1895","1.9168113470077515","1.9168113470077515","1.9168113470077515"
"47450","1897","1897","1897","1.9021625518798828","1.9021625518798828","1.9021625518798828"
"47500","1899","1899","1899","1.9216583967208862","1.9216583967208862","1.9216583967208862"
"47550","1901","1901","1901","1.9177848100662231","1.9177848100662231","1.9177848100662231"
"47600","1903","1903","1903","1.9049081802368164","1.9049081802368164","1.9049081802368164"
"47650","1905","1905","1905","1.9071462154388428","1.9071462154388428","1.9071462154388428"
"47700","1907","1907","1907","1.921682596206665","1.921682596206665","1.921682596206665"
"47750","1909","1909","1909","1.9139403104782104","1.9139403104782104","1.9139403104782104"
"47800","1911","1911","1911","1.8955328464508057","1.8955328464508057","1.8955328464508057"
"47850","1913","1913","1913","1.9118846654891968","1.9118846654891968","1.9118846654891968"
"47900","1915","1915","1915","1.8864715099334717","1.8864715099334717","1.8864715099334717"
"47950","1917","1917","1917","1.8925904035568237","1.8925904035568237","1.8925904035568237"
"48000","1919","1919","1919","1.8974533081054688","1.8974533081054688","1.8974533081054688"
"48050","1921","1921","1921","1.8976879119873047","1.8976879119873047","1.8976879119873047"
"48100","1923","1923","1923","1.8868377208709717","1.8868377208709717","1.8868377208709717"
"48150","1925","1925","1925","1.893617033958435","1.893617033958435","1.893617033958435"
"48200","1927","1927","1927","1.9074196815490723","1.9074196815490723","1.9074196815490723"
"48250","1929","1929","1929","1.924764633178711","1.924764633178711","1.924764633178711"
"48300","1931","1931","1931","1.9235013723373413","1.9235013723373413","1.9235013723373413"
"48350","1933","1933","1933","1.9128975868225098","1.9128975868225098","1.9128975868225098"
"48400","1935","1935","1935","1.9210022687911987","1.9210022687911987","1.9210022687911987"
"48450","1937","1937","1937","1.9236891269683838","1.9236891269683838","1.9236891269683838"
"48500","1939","1939","1939","1.9178277254104614","1.9178277254104614","1.9178277254104614"
"48550","1941","1941","1941","1.911137342453003","1.911137342453003","1.911137342453003"
"48600","1943","1943","1943","1.9266235828399658","1.9266235828399658","1.9266235828399658"
"48650","1945","1945","1945","1.892628788948059","1.892628788948059","1.892628788948059"
"48700","1947","1947","1947","1.904779314994812","1.904779314994812","1.904779314994812"
"48750","1949","1949","1949","1.9084229469299316","1.9084229469299316","1.9084229469299316"
"48800","1951","1951","1951","1.9207746982574463","1.9207746982574463","1.9207746982574463"
"48850","1953","1953","1953","1.9021645784378052","1.9021645784378052","1.9021645784378052"
"48900","1955","1955","1955","1.9063899517059326","1.9063899517059326","1.9063899517059326"
"48950","1957","1957","1957","1.9078800678253174","1.9078800678253174","1.9078800678253174"
"49000","1959","1959","1959","1.9083391427993774","1.9083391427993774","1.9083391427993774"
"49050","1961","1961","1961","1.9362822771072388","1.9362822771072388","1.9362822771072388"
"49100","1963","1963","1963","1.92727530002594","1.92727530002594","1.92727530002594"
"49150","1965","1965","1965","1.9298455715179443","1.9298455715179443","1.9298455715179443"
"49200","1967","1967","1967","1.918494701385498","1.918494701385498","1.918494701385498"
"49250","1969","1969","1969","1.9130032062530518","1.9130032062530518","1.9130032062530518"
"49300","1971","1971","1971","1.922267198562622","1.922267198562622","1.922267198562622"
"49350","1973","1973","1973","1.9094452857971191","1.9094452857971191","1.9094452857971191"
"49400","1975","1975","1975","1.9269776344299316","1.9269776344299316","1.9269776344299316"
"49450","1977","1977","1977","1.9230291843414307","1.9230291843414307","1.9230291843414307"
"49500","1979","1979","1979","1.9186155796051025","1.9186155796051025","1.9186155796051025"
"49550","1981","1981","1981","1.9293582439422607","1.9293582439422607","1.9293582439422607"
"49600","1983","1983","1983","1.928147315979004","1.928147315979004","1.928147315979004"
"49650","1985","1985","1985","1.9341164827346802","1.9341164827346802","1.9341164827346802"
"49700","1987","1987","1987","1.9227910041809082","1.9227910041809082","1.9227910041809082"
"49750","1989","1989","1989","1.9081604480743408","1.9081604480743408","1.9081604480743408"
"49800","1991","1991","1991","1.9346953630447388","1.9346953630447388","1.9346953630447388"
"49850","1993","1993","1993","1.914691686630249","1.914691686630249","1.914691686630249"
"49900","1995","1995","1995","1.9264971017837524","1.9264971017837524","1.9264971017837524"
"49950","1997","1997","1997","1.925564169883728","1.925564169883728","1.925564169883728"
"50000","1999","1999","1999","1.9274957180023193","1.9274957180023193","1.9274957180023193"
"50050","2001","2001","2001","1.921088695526123","1.921088695526123","1.921088695526123"
"50100","2003","2003","2003","1.9193326234817505","1.9193326234817505","1.9193326234817505"
"50150","2005","2005","2005","1.9239684343338013","1.9239684343338013","1.9239684343338013"
"50200","2007","2007","2007","1.9342812299728394","1.9342812299728394","1.9342812299728394"
"50250","2009","2009","2009","1.921686053276062","1.921686053276062","1.921686053276062"
"50300","2011","2011","2011","1.910306692123413","1.910306692123413","1.910306692123413"
"50350","2013","2013","2013","1.9404771327972412","1.9404771327972412","1.9404771327972412"
"50400","2015","2015","2015","1.9456716775894165","1.9456716775894165","1.9456716775894165"
"50450","2017","2017","2017","1.9276145696640015","1.9276145696640015","1.9276145696640015"
"50500","2019","2019","2019","1.9412899017333984","1.9412899017333984","1.9412899017333984"
"50550","2021","2021","2021","1.9278573989868164","1.9278573989868164","1.9278573989868164"
"50600","2023","2023","2023","1.936668872833252","1.936668872833252","1.936668872833252"
"50650","2025","2025","2025","1.926375389099121","1.926375389099121","1.926375389099121"
"50700","2027","2027","2027","1.9289706945419312","1.9289706945419312","1.9289706945419312"
"50750","2029","2029","2029","1.9498047828674316","1.9498047828674316","1.9498047828674316"
"50800","2031","2031","2031","1.947874665260315","1.947874665260315","1.947874665260315"
"50850","2033","2033","2033","1.933956265449524","1.933956265449524","1.933956265449524"
"50900","2035","2035","2035","1.9313260316848755","1.9313260316848755","1.9313260316848755"
"50950","2037","2037","2037","1.9245718717575073","1.9245718717575073","1.9245718717575073"
"51000","2039","2039","2039","1.9258646965026855","1.9258646965026855","1.9258646965026855"
"51050","2041","2041","2041","1.9319039583206177","1.9319039583206177","1.9319039583206177"
"51100","2043","2043","2043","1.9331116676330566","1.9331116676330566","1.9331116676330566"
"51150","2045","2045","2045","1.926586389541626","1.926586389541626","1.926586389541626"
"51200","2047","2047","2047","1.964394450187683","1.964394450187683","1.964394450187683"
"51250","2049","2049","2049","1.9763466119766235","1.9763466119766235","1.9763466119766235"
"51300","2051","2051","2051","1.9557712078094482","1.9557712078094482","1.9557712078094482"
"51350","2053","2053","2053","1.9485973119735718","1.9485973119735718","1.9485973119735718"
"51400","2055","2055","2055","1.9532532691955566","1.9532532691955566","1.9532532691955566"
"51450","2057","2057","2057","1.946431279182434","1.946431279182434","1.946431279182434"
"51500","2059","2059","2059","1.945406198501587","1.945406198501587","1.945406198501587"
"51550","2061","2061","2061","1.9441592693328857","1.9441592693328857","1.9441592693328857"
"51600","2063","2063","2063","1.9531841278076172","1.9531841278076172","1.9531841278076172"
"51650","2065","2065","2065","1.93679678440094","1.93679678440094","1.93679678440094"
"51700","2067","2067","2067","1.9567426443099976","1.9567426443099976","1.9567426443099976"
"51750","2069","2069","2069","1.941382884979248","1.941382884979248","1.941382884979248"
"51800","2071","2071","2071","1.9497145414352417","1.9497145414352417","1.9497145414352417"
"51850","2073","2073","2073","1.9338207244873047","1.9338207244873047","1.9338207244873047"
"51900","2075","2075","2075","1.9293651580810547","1.9293651580810547","1.9293651580810547"
"51950","2077","2077","2077","1.9492987394332886","1.9492987394332886","1.9492987394332886"
"52000","2079","2079","2079","1.9389491081237793","1.9389491081237793","1.9389491081237793"
"52050","2081","2081","2081","1.9717978239059448","1.9717978239059448","1.9717978239059448"
"52100","2083","2083","2083","1.9703561067581177","1.9703561067581177","1.9703561067581177"
"52150","2085","2085","2085","1.9852789640426636","1.9852789640426636","1.9852789640426636"
"52200","2087","2087","2087","1.9821475744247437","1.9821475744247437","1.9821475744247437"
"52250","2089","2089","2089","1.9716684818267822","1.9716684818267822","1.9716684818267822"
"52300","2091","2091","2091","1.9649746417999268","1.9649746417999268","1.9649746417999268"
"52350","2093","2093","2093","1.9602138996124268","1.9602138996124268","1.9602138996124268"
"52400","2095","2095","2095","1.9824161529541016","1.9824161529541016","1.9824161529541016"
"52450","2097","2097","2097","1.9606088399887085","1.9606088399887085","1.9606088399887085"
"52500","2099","2099","2099","1.9692723751068115","1.9692723751068115","1.9692723751068115"
"52550","2101","2101","2101","1.9597179889678955","1.9597179889678955","1.9597179889678955"
"52600","2103","2103","2103","1.9469205141067505","1.9469205141067505","1.9469205141067505"
"52650","2105","2105","2105","1.9675432443618774","1.9675432443618774","1.9675432443618774"
"52700","2107","2107","2107","1.9556230306625366","1.9556230306625366","1.9556230306625366"
"52750","2109","2109","2109","1.9594783782958984","1.9594783782958984","1.9594783782958984"
"52800","2111","2111","2111","1.9535189867019653","1.9535189867019653","1.9535189867019653"
"52850","2113","2113","2113","1.9694677591323853","1.9694677591323853","1.9694677591323853"
"52900","2115","2115","2115","1.9749586582183838","1.9749586582183838","1.9749586582183838"
"52950","2117","2117","2117","1.9718098640441895","1.9718098640441895","1.9718098640441895"
"53000","2119","2119","2119","1.9958398342132568","1.9958398342132568","1.9958398342132568"
"53050","2121","2121","2121","1.967509150505066","1.967509150505066","1.967509150505066"
"53100","2123","2123","2123","1.9730721712112427","1.9730721712112427","1.9730721712112427"
"53150","2125","2125","2125","1.9760583639144897","1.9760583639144897","1.9760583639144897"
"53200","2127","2127","2127","1.9754397869110107","1.9754397869110107","1.9754397869110107"
"53250","2129","2129","2129","1.9782642126083374","1.9782642126083374","1.9782642126083374"
"53300","2131","2131","2131","1.962935447692871","1.962935447692871","1.962935447692871"
"53350","2133","2133","2133","1.9655648469924927","1.9655648469924927","1.9655648469924927"
"53400","2135","2135","2135","1.9690933227539062","1.9690933227539062","1.9690933227539062"
"53450","2137","2137","2137","1.9873567819595337","1.9873567819595337","1.9873567819595337"
"53500","2139","2139","2139","1.9678020477294922","1.9678020477294922","1.9678020477294922"
"53550","2141","2141","2141","1.9612529277801514","1.9612529277801514","1.9612529277801514"
"53600","2143","2143","2143","1.964028239250183","1.964028239250183","1.964028239250183"
"53650","2145","2145","2145","1.9676339626312256","1.9676339626312256","1.9676339626312256"
"53700","2147","2147","2147","1.9800469875335693","1.9800469875335693","1.9800469875335693"
"53750","2149","2149","2149","1.986253023147583","1.986253023147583","1.986253023147583"