"train/global_step","./falcon_qwen_results_packing - _step","./falcon_qwen_results_packing - _step__MIN","./falcon_qwen_results_packing - _step__MAX","./falcon_qwen_results_packing - eval/loss","./falcon_qwen_results_packing - eval/loss__MIN","./falcon_qwen_results_packing - eval/loss__MAX"
"50","1","1","1","3.5195953845977783","3.5195953845977783","3.5195953845977783"
"100","3","3","3","3.006052255630493","3.006052255630493","3.006052255630493"
"150","5","5","5","2.351778745651245","2.351778745651245","2.351778745651245"
"200","7","7","7","1.7976014614105225","1.7976014614105225","1.7976014614105225"
"250","9","9","9","1.6608552932739258","1.6608552932739258","1.6608552932739258"
"300","11","11","11","1.6168581247329712","1.6168581247329712","1.6168581247329712"
"350","13","13","13","1.5908962488174438","1.5908962488174438","1.5908962488174438"
"400","15","15","15","1.5651180744171143","1.5651180744171143","1.5651180744171143"
"450","17","17","17","1.5423555374145508","1.5423555374145508","1.5423555374145508"
"500","19","19","19","1.5210134983062744","1.5210134983062744","1.5210134983062744"
"550","21","21","21","1.4968293905258179","1.4968293905258179","1.4968293905258179"
"600","23","23","23","1.4693057537078857","1.4693057537078857","1.4693057537078857"
"650","25","25","25","1.454979658126831","1.454979658126831","1.454979658126831"
"700","27","27","27","1.449386477470398","1.449386477470398","1.449386477470398"
"750","29","29","29","1.4428869485855103","1.4428869485855103","1.4428869485855103"
"800","31","31","31","1.440377950668335","1.440377950668335","1.440377950668335"
"850","33","33","33","1.435214877128601","1.435214877128601","1.435214877128601"
"900","35","35","35","1.4336767196655273","1.4336767196655273","1.4336767196655273"
"950","37","37","37","1.4308849573135376","1.4308849573135376","1.4308849573135376"
"1000","39","39","39","1.4275703430175781","1.4275703430175781","1.4275703430175781"
"1050","41","41","41","1.4242525100708008","1.4242525100708008","1.4242525100708008"
"1100","43","43","43","1.4231488704681396","1.4231488704681396","1.4231488704681396"
"1150","45","45","45","1.4207265377044678","1.4207265377044678","1.4207265377044678"
"1200","47","47","47","1.4196476936340332","1.4196476936340332","1.4196476936340332"
"1250","49","49","49","1.4179850816726685","1.4179850816726685","1.4179850816726685"
"1300","51","51","51","1.4152648448944092","1.4152648448944092","1.4152648448944092"
"1350","53","53","53","1.4125473499298096","1.4125473499298096","1.4125473499298096"
"1400","55","55","55","1.411776065826416","1.411776065826416","1.411776065826416"
"1450","57","57","57","1.411250114440918","1.411250114440918","1.411250114440918"
"1500","59","59","59","1.4097753763198853","1.4097753763198853","1.4097753763198853"
"1550","61","61","61","1.4085006713867188","1.4085006713867188","1.4085006713867188"
"1600","63","63","63","1.406516432762146","1.406516432762146","1.406516432762146"
"1650","65","65","65","1.4078296422958374","1.4078296422958374","1.4078296422958374"
"1700","67","67","67","1.4067853689193726","1.4067853689193726","1.4067853689193726"
"1750","69","69","69","1.404170274734497","1.404170274734497","1.404170274734497"
"1800","71","71","71","1.4053658246994019","1.4053658246994019","1.4053658246994019"
"1850","73","73","73","1.4051460027694702","1.4051460027694702","1.4051460027694702"
"1900","75","75","75","1.4027074575424194","1.4027074575424194","1.4027074575424194"
"1950","77","77","77","1.4022866487503052","1.4022866487503052","1.4022866487503052"
"2000","79","79","79","1.4008874893188477","1.4008874893188477","1.4008874893188477"
"2050","81","81","81","1.400475263595581","1.400475263595581","1.400475263595581"
"2100","83","83","83","1.4001164436340332","1.4001164436340332","1.4001164436340332"
"2150","85","85","85","1.399761438369751","1.399761438369751","1.399761438369751"
"2200","87","87","87","1.3998082876205444","1.3998082876205444","1.3998082876205444"
"2250","89","89","89","1.400182843208313","1.400182843208313","1.400182843208313"
"2300","91","91","91","1.399743914604187","1.399743914604187","1.399743914604187"
"2350","93","93","93","1.3982458114624023","1.3982458114624023","1.3982458114624023"
"2400","95","95","95","1.397613525390625","1.397613525390625","1.397613525390625"
"2450","97","97","97","1.3960682153701782","1.3960682153701782","1.3960682153701782"
"2500","99","99","99","1.3951940536499023","1.3951940536499023","1.3951940536499023"
"2550","101","101","101","1.3962000608444214","1.3962000608444214","1.3962000608444214"
"2600","103","103","103","1.3934259414672852","1.3934259414672852","1.3934259414672852"
"2650","105","105","105","1.3956643342971802","1.3956643342971802","1.3956643342971802"
"2700","107","107","107","1.3946077823638916","1.3946077823638916","1.3946077823638916"
"2750","109","109","109","1.3937979936599731","1.3937979936599731","1.3937979936599731"
"2800","111","111","111","1.3919535875320435","1.3919535875320435","1.3919535875320435"
"2850","113","113","113","1.3921434879302979","1.3921434879302979","1.3921434879302979"
"2900","115","115","115","1.3915202617645264","1.3915202617645264","1.3915202617645264"
"2950","117","117","117","1.3912150859832764","1.3912150859832764","1.3912150859832764"
"3000","119","119","119","1.3911664485931396","1.3911664485931396","1.3911664485931396"
"3050","121","121","121","1.3911027908325195","1.3911027908325195","1.3911027908325195"
"3100","123","123","123","1.3910551071166992","1.3910551071166992","1.3910551071166992"
"3150","125","125","125","1.390148401260376","1.390148401260376","1.390148401260376"
"3200","127","127","127","1.3919785022735596","1.3919785022735596","1.3919785022735596"
"3250","129","129","129","1.3889464139938354","1.3889464139938354","1.3889464139938354"
"3300","131","131","131","1.3910497426986694","1.3910497426986694","1.3910497426986694"
"3350","133","133","133","1.3888851404190063","1.3888851404190063","1.3888851404190063"
"3400","135","135","135","1.388961672782898","1.388961672782898","1.388961672782898"
"3450","137","137","137","1.3877968788146973","1.3877968788146973","1.3877968788146973"
"3500","139","139","139","1.3908530473709106","1.3908530473709106","1.3908530473709106"
"3550","141","141","141","1.387825608253479","1.387825608253479","1.387825608253479"
"3600","143","143","143","1.3884271383285522","1.3884271383285522","1.3884271383285522"
"3650","145","145","145","1.3874707221984863","1.3874707221984863","1.3874707221984863"
"3700","147","147","147","1.3870375156402588","1.3870375156402588","1.3870375156402588"
"3750","149","149","149","1.3884072303771973","1.3884072303771973","1.3884072303771973"
"3800","151","151","151","1.3868379592895508","1.3868379592895508","1.3868379592895508"
"3850","153","153","153","1.3870640993118286","1.3870640993118286","1.3870640993118286"
"3900","155","155","155","1.3856221437454224","1.3856221437454224","1.3856221437454224"
"3950","157","157","157","1.3850922584533691","1.3850922584533691","1.3850922584533691"
"4000","159","159","159","1.386603832244873","1.386603832244873","1.386603832244873"
"4050","161","161","161","1.3852640390396118","1.3852640390396118","1.3852640390396118"
"4100","163","163","163","1.3851327896118164","1.3851327896118164","1.3851327896118164"
"4150","165","165","165","1.3846015930175781","1.3846015930175781","1.3846015930175781"
"4200","167","167","167","1.384762167930603","1.384762167930603","1.384762167930603"
"4250","169","169","169","1.3834253549575806","1.3834253549575806","1.3834253549575806"
"4300","171","171","171","1.3843610286712646","1.3843610286712646","1.3843610286712646"
"4350","173","173","173","1.3839170932769775","1.3839170932769775","1.3839170932769775"
"4400","175","175","175","1.3850657939910889","1.3850657939910889","1.3850657939910889"
"4450","177","177","177","1.3831511735916138","1.3831511735916138","1.3831511735916138"
"4500","179","179","179","1.384031891822815","1.384031891822815","1.384031891822815"
"4550","181","181","181","1.383698582649231","1.383698582649231","1.383698582649231"
"4600","183","183","183","1.3830353021621704","1.3830353021621704","1.3830353021621704"
"4650","185","185","185","1.3828157186508179","1.3828157186508179","1.3828157186508179"
"4700","187","187","187","1.3825595378875732","1.3825595378875732","1.3825595378875732"
"4750","189","189","189","1.3828656673431396","1.3828656673431396","1.3828656673431396"
"4800","191","191","191","1.3828257322311401","1.3828257322311401","1.3828257322311401"
"4850","193","193","193","1.381898283958435","1.381898283958435","1.381898283958435"
"4900","195","195","195","1.3817845582962036","1.3817845582962036","1.3817845582962036"
"4950","197","197","197","1.3822635412216187","1.3822635412216187","1.3822635412216187"
"5000","199","199","199","1.3811501264572144","1.3811501264572144","1.3811501264572144"
"5050","201","201","201","1.381424069404602","1.381424069404602","1.381424069404602"
"5100","203","203","203","1.3803375959396362","1.3803375959396362","1.3803375959396362"
"5150","205","205","205","1.3807532787322998","1.3807532787322998","1.3807532787322998"
"5200","207","207","207","1.3809534311294556","1.3809534311294556","1.3809534311294556"
"5250","209","209","209","1.3813292980194092","1.3813292980194092","1.3813292980194092"
"5300","211","211","211","1.381329894065857","1.381329894065857","1.381329894065857"
"5350","213","213","213","1.3802125453948975","1.3802125453948975","1.3802125453948975"
"5400","215","215","215","1.380839467048645","1.380839467048645","1.380839467048645"
"5450","217","217","217","1.380408763885498","1.380408763885498","1.380408763885498"
"5500","219","219","219","1.3807907104492188","1.3807907104492188","1.3807907104492188"
"5550","221","221","221","1.380105972290039","1.380105972290039","1.380105972290039"
"5600","223","223","223","1.379683256149292","1.379683256149292","1.379683256149292"
"5650","225","225","225","1.3790245056152344","1.3790245056152344","1.3790245056152344"
"5700","227","227","227","1.3796120882034302","1.3796120882034302","1.3796120882034302"
"5750","229","229","229","1.3808404207229614","1.3808404207229614","1.3808404207229614"
"5800","231","231","231","1.3790181875228882","1.3790181875228882","1.3790181875228882"
"5850","233","233","233","1.3801900148391724","1.3801900148391724","1.3801900148391724"
"5900","235","235","235","1.3780148029327393","1.3780148029327393","1.3780148029327393"
"5950","237","237","237","1.3780986070632935","1.3780986070632935","1.3780986070632935"
"6000","239","239","239","1.3786261081695557","1.3786261081695557","1.3786261081695557"
"6050","241","241","241","1.3790476322174072","1.3790476322174072","1.3790476322174072"
"6100","243","243","243","1.3787176609039307","1.3787176609039307","1.3787176609039307"
"6150","245","245","245","1.3798022270202637","1.3798022270202637","1.3798022270202637"
"6200","247","247","247","1.3778499364852905","1.3778499364852905","1.3778499364852905"
"6250","249","249","249","1.3773221969604492","1.3773221969604492","1.3773221969604492"
"6300","251","251","251","1.3772510290145874","1.3772510290145874","1.3772510290145874"
"6350","253","253","253","1.3792486190795898","1.3792486190795898","1.3792486190795898"
"6400","255","255","255","1.3783025741577148","1.3783025741577148","1.3783025741577148"
"6450","257","257","257","1.3778133392333984","1.3778133392333984","1.3778133392333984"
"6500","259","259","259","1.3765369653701782","1.3765369653701782","1.3765369653701782"
"6550","261","261","261","1.3777307271957397","1.3777307271957397","1.3777307271957397"
"6600","263","263","263","1.377105712890625","1.377105712890625","1.377105712890625"
"6650","265","265","265","1.3778753280639648","1.3778753280639648","1.3778753280639648"
"6700","267","267","267","1.376684308052063","1.376684308052063","1.376684308052063"
"6750","269","269","269","1.3788748979568481","1.3788748979568481","1.3788748979568481"
"6800","271","271","271","1.377647876739502","1.377647876739502","1.377647876739502"
"6850","273","273","273","1.3765891790390015","1.3765891790390015","1.3765891790390015"
"6900","275","275","275","1.3773332834243774","1.3773332834243774","1.3773332834243774"
"6950","277","277","277","1.3757363557815552","1.3757363557815552","1.3757363557815552"
"7000","279","279","279","1.375766634941101","1.375766634941101","1.375766634941101"
"7050","281","281","281","1.3768107891082764","1.3768107891082764","1.3768107891082764"
"7100","283","283","283","1.3767921924591064","1.3767921924591064","1.3767921924591064"
"7150","285","285","285","1.3762348890304565","1.3762348890304565","1.3762348890304565"
"7200","287","287","287","1.375512957572937","1.375512957572937","1.375512957572937"
"7250","289","289","289","1.3767801523208618","1.3767801523208618","1.3767801523208618"
"7300","291","291","291","1.3758177757263184","1.3758177757263184","1.3758177757263184"
"7350","293","293","293","1.3772433996200562","1.3772433996200562","1.3772433996200562"
"7400","295","295","295","1.375875473022461","1.375875473022461","1.375875473022461"
"7450","297","297","297","1.376295804977417","1.376295804977417","1.376295804977417"
"7500","299","299","299","1.374901533126831","1.374901533126831","1.374901533126831"
"7550","301","301","301","1.3738969564437866","1.3738969564437866","1.3738969564437866"
"7600","303","303","303","1.3741856813430786","1.3741856813430786","1.3741856813430786"
"7650","305","305","305","1.3750669956207275","1.3750669956207275","1.3750669956207275"
"7700","307","307","307","1.375831127166748","1.375831127166748","1.375831127166748"
"7750","309","309","309","1.3762377500534058","1.3762377500534058","1.3762377500534058"
"7800","311","311","311","1.375084400177002","1.375084400177002","1.375084400177002"
"7850","313","313","313","1.3756369352340698","1.3756369352340698","1.3756369352340698"
"7900","315","315","315","1.3748352527618408","1.3748352527618408","1.3748352527618408"
"7950","317","317","317","1.3758282661437988","1.3758282661437988","1.3758282661437988"
"8000","319","319","319","1.374377965927124","1.374377965927124","1.374377965927124"
"8050","321","321","321","1.3761271238327026","1.3761271238327026","1.3761271238327026"
"8100","323","323","323","1.3744608163833618","1.3744608163833618","1.3744608163833618"
"8150","325","325","325","1.373932957649231","1.373932957649231","1.373932957649231"
"8200","327","327","327","1.37624192237854","1.37624192237854","1.37624192237854"
"8250","329","329","329","1.3740986585617065","1.3740986585617065","1.3740986585617065"
"8300","331","331","331","1.373947262763977","1.373947262763977","1.373947262763977"
"8350","333","333","333","1.3724560737609863","1.3724560737609863","1.3724560737609863"
"8400","335","335","335","1.3734663724899292","1.3734663724899292","1.3734663724899292"
"8450","337","337","337","1.3746060132980347","1.3746060132980347","1.3746060132980347"
"8500","339","339","339","1.3739176988601685","1.3739176988601685","1.3739176988601685"
"8550","341","341","341","1.373974084854126","1.373974084854126","1.373974084854126"
"8600","343","343","343","1.3742313385009766","1.3742313385009766","1.3742313385009766"
"8650","345","345","345","1.3753656148910522","1.3753656148910522","1.3753656148910522"
"8700","347","347","347","1.3732430934906006","1.3732430934906006","1.3732430934906006"
"8750","349","349","349","1.3725547790527344","1.3725547790527344","1.3725547790527344"
"8800","351","351","351","1.372545599937439","1.372545599937439","1.372545599937439"
"8850","353","353","353","1.375781774520874","1.375781774520874","1.375781774520874"
"8900","355","355","355","1.3726050853729248","1.3726050853729248","1.3726050853729248"
"8950","357","357","357","1.3739203214645386","1.3739203214645386","1.3739203214645386"
"9000","359","359","359","1.3733917474746704","1.3733917474746704","1.3733917474746704"
"9050","361","361","361","1.3734054565429688","1.3734054565429688","1.3734054565429688"
"9100","363","363","363","1.3745639324188232","1.3745639324188232","1.3745639324188232"
"9150","365","365","365","1.373745083808899","1.373745083808899","1.373745083808899"
"9200","367","367","367","1.373699426651001","1.373699426651001","1.373699426651001"
"9250","369","369","369","1.3729480504989624","1.3729480504989624","1.3729480504989624"
"9300","371","371","371","1.3726986646652222","1.3726986646652222","1.3726986646652222"
"9350","373","373","373","1.3720499277114868","1.3720499277114868","1.3720499277114868"
"9400","375","375","375","1.3735963106155396","1.3735963106155396","1.3735963106155396"
"9450","377","377","377","1.372928500175476","1.372928500175476","1.372928500175476"
"9500","379","379","379","1.3727771043777466","1.3727771043777466","1.3727771043777466"
"9550","381","381","381","1.3733021020889282","1.3733021020889282","1.3733021020889282"
"9600","383","383","383","1.3734697103500366","1.3734697103500366","1.3734697103500366"
"9650","385","385","385","1.3731287717819214","1.3731287717819214","1.3731287717819214"
"9700","387","387","387","1.3733559846878052","1.3733559846878052","1.3733559846878052"
"9750","389","389","389","1.371369481086731","1.371369481086731","1.371369481086731"
"9800","391","391","391","1.3714773654937744","1.3714773654937744","1.3714773654937744"
"9850","393","393","393","1.3716671466827393","1.3716671466827393","1.3716671466827393"
"9900","395","395","395","1.3725683689117432","1.3725683689117432","1.3725683689117432"
"9950","397","397","397","1.3718476295471191","1.3718476295471191","1.3718476295471191"
"10000","399","399","399","1.3712934255599976","1.3712934255599976","1.3712934255599976"
"10050","401","401","401","1.3709574937820435","1.3709574937820435","1.3709574937820435"
"10100","403","403","403","1.371941089630127","1.371941089630127","1.371941089630127"
"10150","405","405","405","1.3721072673797607","1.3721072673797607","1.3721072673797607"
"10200","407","407","407","1.371910572052002","1.371910572052002","1.371910572052002"
"10250","409","409","409","1.3740836381912231","1.3740836381912231","1.3740836381912231"
"10300","411","411","411","1.3714230060577393","1.3714230060577393","1.3714230060577393"
"10350","413","413","413","1.372951626777649","1.372951626777649","1.372951626777649"
"10400","415","415","415","1.3742409944534302","1.3742409944534302","1.3742409944534302"
"10450","417","417","417","1.3722537755966187","1.3722537755966187","1.3722537755966187"
"10500","419","419","419","1.371843934059143","1.371843934059143","1.371843934059143"
"10550","421","421","421","1.3720706701278687","1.3720706701278687","1.3720706701278687"
"10600","423","423","423","1.3732249736785889","1.3732249736785889","1.3732249736785889"
"10650","425","425","425","1.3720149993896484","1.3720149993896484","1.3720149993896484"
"10700","427","427","427","1.3713406324386597","1.3713406324386597","1.3713406324386597"
"10750","429","429","429","1.371813178062439","1.371813178062439","1.371813178062439"
"10800","431","431","431","1.3716768026351929","1.3716768026351929","1.3716768026351929"
"10850","433","433","433","1.3702255487442017","1.3702255487442017","1.3702255487442017"
"10900","435","435","435","1.3709419965744019","1.3709419965744019","1.3709419965744019"
"10950","437","437","437","1.372409701347351","1.372409701347351","1.372409701347351"
"11000","439","439","439","1.3718410730361938","1.3718410730361938","1.3718410730361938"
"11050","441","441","441","1.371042251586914","1.371042251586914","1.371042251586914"
"11100","443","443","443","1.3712854385375977","1.3712854385375977","1.3712854385375977"
"11150","445","445","445","1.3701045513153076","1.3701045513153076","1.3701045513153076"
"11200","447","447","447","1.3711364269256592","1.3711364269256592","1.3711364269256592"
"11250","449","449","449","1.3697813749313354","1.3697813749313354","1.3697813749313354"
"11300","451","451","451","1.3695775270462036","1.3695775270462036","1.3695775270462036"
"11350","453","453","453","1.3702250719070435","1.3702250719070435","1.3702250719070435"
"11400","455","455","455","1.370719313621521","1.370719313621521","1.370719313621521"
"11450","457","457","457","1.3706027269363403","1.3706027269363403","1.3706027269363403"
"11500","459","459","459","1.3722882270812988","1.3722882270812988","1.3722882270812988"
"11550","461","461","461","1.3725693225860596","1.3725693225860596","1.3725693225860596"
"11600","463","463","463","1.3706632852554321","1.3706632852554321","1.3706632852554321"
"11650","465","465","465","1.3713486194610596","1.3713486194610596","1.3713486194610596"
"11700","467","467","467","1.3703391551971436","1.3703391551971436","1.3703391551971436"
"11750","469","469","469","1.3702694177627563","1.3702694177627563","1.3702694177627563"
"11800","471","471","471","1.3713998794555664","1.3713998794555664","1.3713998794555664"
"11850","473","473","473","1.370531439781189","1.370531439781189","1.370531439781189"
"11900","475","475","475","1.3702670335769653","1.3702670335769653","1.3702670335769653"
"11950","477","477","477","1.3709315061569214","1.3709315061569214","1.3709315061569214"
"12000","479","479","479","1.3703815937042236","1.3703815937042236","1.3703815937042236"
"12050","481","481","481","1.3696883916854858","1.3696883916854858","1.3696883916854858"
"12100","483","483","483","1.370392918586731","1.370392918586731","1.370392918586731"
"12150","485","485","485","1.3704761266708374","1.3704761266708374","1.3704761266708374"
"12200","487","487","487","1.3697466850280762","1.3697466850280762","1.3697466850280762"
"12250","489","489","489","1.3696036338806152","1.3696036338806152","1.3696036338806152"
"12300","491","491","491","1.3706917762756348","1.3706917762756348","1.3706917762756348"
"12350","493","493","493","1.3704639673233032","1.3704639673233032","1.3704639673233032"
"12400","495","495","495","1.3697094917297363","1.3697094917297363","1.3697094917297363"
"12450","497","497","497","1.3704156875610352","1.3704156875610352","1.3704156875610352"
"12500","499","499","499","1.3699283599853516","1.3699283599853516","1.3699283599853516"
"12550","501","501","501","1.3708957433700562","1.3708957433700562","1.3708957433700562"
"12600","503","503","503","1.3686178922653198","1.3686178922653198","1.3686178922653198"
"12650","505","505","505","1.3696215152740479","1.3696215152740479","1.3696215152740479"
"12700","507","507","507","1.3701748847961426","1.3701748847961426","1.3701748847961426"
"12750","509","509","509","1.371017575263977","1.371017575263977","1.371017575263977"
"12800","511","511","511","1.3699533939361572","1.3699533939361572","1.3699533939361572"
"12850","513","513","513","1.3704183101654053","1.3704183101654053","1.3704183101654053"
"12900","515","515","515","1.3689689636230469","1.3689689636230469","1.3689689636230469"
"12950","517","517","517","1.370623230934143","1.370623230934143","1.370623230934143"
"13000","519","519","519","1.3694316148757935","1.3694316148757935","1.3694316148757935"
"13050","521","521","521","1.3693978786468506","1.3693978786468506","1.3693978786468506"
"13100","523","523","523","1.370728850364685","1.370728850364685","1.370728850364685"
"13150","525","525","525","1.369707465171814","1.369707465171814","1.369707465171814"
"13200","527","527","527","1.370071291923523","1.370071291923523","1.370071291923523"
"13250","529","529","529","1.370335340499878","1.370335340499878","1.370335340499878"
"13300","531","531","531","1.3684792518615723","1.3684792518615723","1.3684792518615723"
"13350","533","533","533","1.369450569152832","1.369450569152832","1.369450569152832"
"13400","535","535","535","1.3690840005874634","1.3690840005874634","1.3690840005874634"
"13450","537","537","537","1.368860125541687","1.368860125541687","1.368860125541687"
"13500","539","539","539","1.3690849542617798","1.3690849542617798","1.3690849542617798"
"13550","541","541","541","1.369247555732727","1.369247555732727","1.369247555732727"
"13600","543","543","543","1.3682785034179688","1.3682785034179688","1.3682785034179688"
"13650","545","545","545","1.3695940971374512","1.3695940971374512","1.3695940971374512"
"13700","547","547","547","1.3698985576629639","1.3698985576629639","1.3698985576629639"
"13750","549","549","549","1.3692389726638794","1.3692389726638794","1.3692389726638794"
"13800","551","551","551","1.3700884580612183","1.3700884580612183","1.3700884580612183"
"13850","553","553","553","1.3697642087936401","1.3697642087936401","1.3697642087936401"
"13900","555","555","555","1.368672251701355","1.368672251701355","1.368672251701355"
"13950","557","557","557","1.3714567422866821","1.3714567422866821","1.3714567422866821"
"14000","559","559","559","1.3689382076263428","1.3689382076263428","1.3689382076263428"
"14050","561","561","561","1.3682522773742676","1.3682522773742676","1.3682522773742676"
"14100","563","563","563","1.367751955986023","1.367751955986023","1.367751955986023"
"14150","565","565","565","1.3703246116638184","1.3703246116638184","1.3703246116638184"
"14200","567","567","567","1.3691524267196655","1.3691524267196655","1.3691524267196655"
"14250","569","569","569","1.3700065612792969","1.3700065612792969","1.3700065612792969"
"14300","571","571","571","1.3693798780441284","1.3693798780441284","1.3693798780441284"
"14350","573","573","573","1.3693243265151978","1.3693243265151978","1.3693243265151978"
"14400","575","575","575","1.3691504001617432","1.3691504001617432","1.3691504001617432"
"14450","577","577","577","1.3696917295455933","1.3696917295455933","1.3696917295455933"
"14500","579","579","579","1.367383360862732","1.367383360862732","1.367383360862732"
"14550","581","581","581","1.3689817190170288","1.3689817190170288","1.3689817190170288"
"14600","583","583","583","1.3682729005813599","1.3682729005813599","1.3682729005813599"
"14650","585","585","585","1.368355393409729","1.368355393409729","1.368355393409729"
"14700","587","587","587","1.3682774305343628","1.3682774305343628","1.3682774305343628"
"14750","589","589","589","1.3699878454208374","1.3699878454208374","1.3699878454208374"
"14800","591","591","591","1.3697035312652588","1.3697035312652588","1.3697035312652588"
"14850","593","593","593","1.3688898086547852","1.3688898086547852","1.3688898086547852"
"14900","595","595","595","1.3690626621246338","1.3690626621246338","1.3690626621246338"
"14950","597","597","597","1.3707246780395508","1.3707246780395508","1.3707246780395508"
"15000","599","599","599","1.3680752515792847","1.3680752515792847","1.3680752515792847"
"15050","601","601","601","1.3679683208465576","1.3679683208465576","1.3679683208465576"
"15100","603","603","603","1.3674676418304443","1.3674676418304443","1.3674676418304443"
"15150","605","605","605","1.367992639541626","1.367992639541626","1.367992639541626"
"15200","607","607","607","1.366783618927002","1.366783618927002","1.366783618927002"
"15250","609","609","609","1.3701950311660767","1.3701950311660767","1.3701950311660767"
"15300","611","611","611","1.3703292608261108","1.3703292608261108","1.3703292608261108"
"15350","613","613","613","1.3708490133285522","1.3708490133285522","1.3708490133285522"
"15400","615","615","615","1.3678416013717651","1.3678416013717651","1.3678416013717651"
"15450","617","617","617","1.367668867111206","1.367668867111206","1.367668867111206"
"15500","619","619","619","1.3686203956604004","1.3686203956604004","1.3686203956604004"
"15550","621","621","621","1.3674601316452026","1.3674601316452026","1.3674601316452026"
"15600","623","623","623","1.3679585456848145","1.3679585456848145","1.3679585456848145"
"15650","625","625","625","1.3667596578598022","1.3667596578598022","1.3667596578598022"
"15700","627","627","627","1.3671547174453735","1.3671547174453735","1.3671547174453735"
"15750","629","629","629","1.3682233095169067","1.3682233095169067","1.3682233095169067"
"15800","631","631","631","1.368085265159607","1.368085265159607","1.368085265159607"
"15850","633","633","633","1.3668051958084106","1.3668051958084106","1.3668051958084106"
"15900","635","635","635","1.3679600954055786","1.3679600954055786","1.3679600954055786"
"15950","637","637","637","1.3682633638381958","1.3682633638381958","1.3682633638381958"
"16000","639","639","639","1.3676294088363647","1.3676294088363647","1.3676294088363647"
"16050","641","641","641","1.3682440519332886","1.3682440519332886","1.3682440519332886"
"16100","643","643","643","1.3685704469680786","1.3685704469680786","1.3685704469680786"
"16150","645","645","645","1.3689082860946655","1.3689082860946655","1.3689082860946655"
"16200","647","647","647","1.3683334589004517","1.3683334589004517","1.3683334589004517"
"16250","649","649","649","1.3683850765228271","1.3683850765228271","1.3683850765228271"
"16300","651","651","651","1.3681564331054688","1.3681564331054688","1.3681564331054688"
"16350","653","653","653","1.3694652318954468","1.3694652318954468","1.3694652318954468"
"16400","655","655","655","1.3664181232452393","1.3664181232452393","1.3664181232452393"
"16450","657","657","657","1.3668721914291382","1.3668721914291382","1.3668721914291382"
"16500","659","659","659","1.3667361736297607","1.3667361736297607","1.3667361736297607"
"16550","661","661","661","1.367929458618164","1.367929458618164","1.367929458618164"
"16600","663","663","663","1.3653734922409058","1.3653734922409058","1.3653734922409058"
"16650","665","665","665","1.367303729057312","1.367303729057312","1.367303729057312"
"16700","667","667","667","1.3672640323638916","1.3672640323638916","1.3672640323638916"
"16750","669","669","669","1.3677618503570557","1.3677618503570557","1.3677618503570557"
"16800","671","671","671","1.3687816858291626","1.3687816858291626","1.3687816858291626"
"16850","673","673","673","1.3687585592269897","1.3687585592269897","1.3687585592269897"
"16900","675","675","675","1.3683133125305176","1.3683133125305176","1.3683133125305176"
"16950","677","677","677","1.366817831993103","1.366817831993103","1.366817831993103"
"17000","679","679","679","1.3670772314071655","1.3670772314071655","1.3670772314071655"
"17050","681","681","681","1.3672668933868408","1.3672668933868408","1.3672668933868408"
"17100","683","683","683","1.3669893741607666","1.3669893741607666","1.3669893741607666"
"17150","685","685","685","1.3682160377502441","1.3682160377502441","1.3682160377502441"
"17200","687","687","687","1.3667792081832886","1.3667792081832886","1.3667792081832886"
"17250","689","689","689","1.365746021270752","1.365746021270752","1.365746021270752"
"17300","691","691","691","1.3689615726470947","1.3689615726470947","1.3689615726470947"
"17350","693","693","693","1.3676199913024902","1.3676199913024902","1.3676199913024902"
"17400","695","695","695","1.36737060546875","1.36737060546875","1.36737060546875"
"17450","697","697","697","1.367647647857666","1.367647647857666","1.367647647857666"
"17500","699","699","699","1.3668543100357056","1.3668543100357056","1.3668543100357056"
"17550","701","701","701","1.367616057395935","1.367616057395935","1.367616057395935"
"17600","703","703","703","1.36692214012146","1.36692214012146","1.36692214012146"
"17650","705","705","705","1.367428183555603","1.367428183555603","1.367428183555603"
"17700","707","707","707","1.3672254085540771","1.3672254085540771","1.3672254085540771"
"17750","709","709","709","1.3674006462097168","1.3674006462097168","1.3674006462097168"
"17800","711","711","711","1.3662060499191284","1.3662060499191284","1.3662060499191284"
"17850","713","713","713","1.3661112785339355","1.3661112785339355","1.3661112785339355"
"17900","715","715","715","1.367398738861084","1.367398738861084","1.367398738861084"
"17950","717","717","717","1.367416262626648","1.367416262626648","1.367416262626648"
"18000","719","719","719","1.3669971227645874","1.3669971227645874","1.3669971227645874"
"18050","721","721","721","1.3675477504730225","1.3675477504730225","1.3675477504730225"
"18100","723","723","723","1.3669182062149048","1.3669182062149048","1.3669182062149048"
"18150","725","725","725","1.3665685653686523","1.3665685653686523","1.3665685653686523"
"18200","727","727","727","1.3670907020568848","1.3670907020568848","1.3670907020568848"
"18250","729","729","729","1.3668866157531738","1.3668866157531738","1.3668866157531738"
"18300","731","731","731","1.3665199279785156","1.3665199279785156","1.3665199279785156"
"18350","733","733","733","1.3670430183410645","1.3670430183410645","1.3670430183410645"
"18400","735","735","735","1.3671082258224487","1.3671082258224487","1.3671082258224487"
"18450","737","737","737","1.3661247491836548","1.3661247491836548","1.3661247491836548"
"18500","739","739","739","1.368465781211853","1.368465781211853","1.368465781211853"
"18550","741","741","741","1.3682100772857666","1.3682100772857666","1.3682100772857666"
"18600","743","743","743","1.3668856620788574","1.3668856620788574","1.3668856620788574"
"18650","745","745","745","1.3676360845565796","1.3676360845565796","1.3676360845565796"
"18700","747","747","747","1.367599606513977","1.367599606513977","1.367599606513977"
"18750","749","749","749","1.3668755292892456","1.3668755292892456","1.3668755292892456"
"18800","751","751","751","1.3675358295440674","1.3675358295440674","1.3675358295440674"
"18850","753","753","753","1.366550326347351","1.366550326347351","1.366550326347351"
"18900","755","755","755","1.3663387298583984","1.3663387298583984","1.3663387298583984"
"18950","757","757","757","1.365987777709961","1.365987777709961","1.365987777709961"
"19000","759","759","759","1.3673323392868042","1.3673323392868042","1.3673323392868042"
"19050","761","761","761","1.366667628288269","1.366667628288269","1.366667628288269"
"19100","763","763","763","1.366735577583313","1.366735577583313","1.366735577583313"
"19150","765","765","765","1.3674442768096924","1.3674442768096924","1.3674442768096924"
"19200","767","767","767","1.366202712059021","1.366202712059021","1.366202712059021"
"19250","769","769","769","1.3657503128051758","1.3657503128051758","1.3657503128051758"
"19300","771","771","771","1.367501974105835","1.367501974105835","1.367501974105835"
"19350","773","773","773","1.366780161857605","1.366780161857605","1.366780161857605"
"19400","775","775","775","1.3651628494262695","1.3651628494262695","1.3651628494262695"
"19450","777","777","777","1.366280198097229","1.366280198097229","1.366280198097229"
"19500","779","779","779","1.3675304651260376","1.3675304651260376","1.3675304651260376"
"19550","781","781","781","1.3654224872589111","1.3654224872589111","1.3654224872589111"
"19600","783","783","783","1.3664857149124146","1.3664857149124146","1.3664857149124146"
"19650","785","785","785","1.3687719106674194","1.3687719106674194","1.3687719106674194"
"19700","787","787","787","1.367037296295166","1.367037296295166","1.367037296295166"
"19750","789","789","789","1.365565299987793","1.365565299987793","1.365565299987793"
"19800","791","791","791","1.3667495250701904","1.3667495250701904","1.3667495250701904"
"19850","793","793","793","1.3660683631896973","1.3660683631896973","1.3660683631896973"
"19900","795","795","795","1.3676049709320068","1.3676049709320068","1.3676049709320068"
"19950","797","797","797","1.368068814277649","1.368068814277649","1.368068814277649"
"20000","799","799","799","1.3666976690292358","1.3666976690292358","1.3666976690292358"
"20050","801","801","801","1.3671231269836426","1.3671231269836426","1.3671231269836426"
"20100","803","803","803","1.3671507835388184","1.3671507835388184","1.3671507835388184"
"20150","805","805","805","1.3655579090118408","1.3655579090118408","1.3655579090118408"
"20200","807","807","807","1.3666303157806396","1.3666303157806396","1.3666303157806396"
"20250","809","809","809","1.3667476177215576","1.3667476177215576","1.3667476177215576"
"20300","811","811","811","1.365530252456665","1.365530252456665","1.365530252456665"
"20350","813","813","813","1.3653713464736938","1.3653713464736938","1.3653713464736938"
"20400","815","815","815","1.366492509841919","1.366492509841919","1.366492509841919"
"20450","817","817","817","1.3664929866790771","1.3664929866790771","1.3664929866790771"
"20500","819","819","819","1.3663064241409302","1.3663064241409302","1.3663064241409302"
"20550","821","821","821","1.3656476736068726","1.3656476736068726","1.3656476736068726"
"20600","823","823","823","1.3665300607681274","1.3665300607681274","1.3665300607681274"
"20650","825","825","825","1.3665369749069214","1.3665369749069214","1.3665369749069214"
"20700","827","827","827","1.3660238981246948","1.3660238981246948","1.3660238981246948"
"20750","829","829","829","1.365099310874939","1.365099310874939","1.365099310874939"
"20800","831","831","831","1.3663251399993896","1.3663251399993896","1.3663251399993896"
"20850","833","833","833","1.3652735948562622","1.3652735948562622","1.3652735948562622"
"20900","835","835","835","1.3664512634277344","1.3664512634277344","1.3664512634277344"
"20950","837","837","837","1.3665019273757935","1.3665019273757935","1.3665019273757935"
"21000","839","839","839","1.367210865020752","1.367210865020752","1.367210865020752"
"21050","841","841","841","1.365809679031372","1.365809679031372","1.365809679031372"
"21100","843","843","843","1.3658099174499512","1.3658099174499512","1.3658099174499512"
"21150","845","845","845","1.3669977188110352","1.3669977188110352","1.3669977188110352"
"21200","847","847","847","1.3672035932540894","1.3672035932540894","1.3672035932540894"
"21250","849","849","849","1.3654364347457886","1.3654364347457886","1.3654364347457886"
"21300","851","851","851","1.365504503250122","1.365504503250122","1.365504503250122"
"21350","853","853","853","1.3656491041183472","1.3656491041183472","1.3656491041183472"
"21400","855","855","855","1.3656566143035889","1.3656566143035889","1.3656566143035889"
"21450","857","857","857","1.3657324314117432","1.3657324314117432","1.3657324314117432"
"21500","859","859","859","1.3649951219558716","1.3649951219558716","1.3649951219558716"
"21550","861","861","861","1.3682817220687866","1.3682817220687866","1.3682817220687866"
"21600","863","863","863","1.3660507202148438","1.3660507202148438","1.3660507202148438"
"21650","865","865","865","1.3656916618347168","1.3656916618347168","1.3656916618347168"
"21700","867","867","867","1.3658143281936646","1.3658143281936646","1.3658143281936646"
"21750","869","869","869","1.3660041093826294","1.3660041093826294","1.3660041093826294"
"21800","871","871","871","1.3658194541931152","1.3658194541931152","1.3658194541931152"
"21850","873","873","873","1.3655145168304443","1.3655145168304443","1.3655145168304443"
"21900","875","875","875","1.364681601524353","1.364681601524353","1.364681601524353"
"21950","877","877","877","1.3654639720916748","1.3654639720916748","1.3654639720916748"
"22000","879","879","879","1.364927887916565","1.364927887916565","1.364927887916565"
"22050","881","881","881","1.3664120435714722","1.3664120435714722","1.3664120435714722"
"22100","883","883","883","1.3660578727722168","1.3660578727722168","1.3660578727722168"
"22150","885","885","885","1.3665205240249634","1.3665205240249634","1.3665205240249634"
"22200","887","887","887","1.3649810552597046","1.3649810552597046","1.3649810552597046"
"22250","889","889","889","1.365649938583374","1.365649938583374","1.365649938583374"
"22300","891","891","891","1.3681573867797852","1.3681573867797852","1.3681573867797852"
"22350","893","893","893","1.3653662204742432","1.3653662204742432","1.3653662204742432"
"22400","895","895","895","1.3653278350830078","1.3653278350830078","1.3653278350830078"
"22450","897","897","897","1.3653687238693237","1.3653687238693237","1.3653687238693237"
"22500","899","899","899","1.3671207427978516","1.3671207427978516","1.3671207427978516"
"22550","901","901","901","1.3660037517547607","1.3660037517547607","1.3660037517547607"
"22600","903","903","903","1.3650614023208618","1.3650614023208618","1.3650614023208618"
"22650","905","905","905","1.3658535480499268","1.3658535480499268","1.3658535480499268"
"22700","907","907","907","1.3657751083374023","1.3657751083374023","1.3657751083374023"
"22750","909","909","909","1.3657387495040894","1.3657387495040894","1.3657387495040894"
"22800","911","911","911","1.3651623725891113","1.3651623725891113","1.3651623725891113"
"22850","913","913","913","1.3656843900680542","1.3656843900680542","1.3656843900680542"
"22900","915","915","915","1.3656448125839233","1.3656448125839233","1.3656448125839233"
"22950","917","917","917","1.3650518655776978","1.3650518655776978","1.3650518655776978"
"23000","919","919","919","1.3653790950775146","1.3653790950775146","1.3653790950775146"
"23050","921","921","921","1.3667669296264648","1.3667669296264648","1.3667669296264648"
"23100","923","923","923","1.3658936023712158","1.3658936023712158","1.3658936023712158"
"23150","925","925","925","1.3650845289230347","1.3650845289230347","1.3650845289230347"
"23200","927","927","927","1.3650104999542236","1.3650104999542236","1.3650104999542236"
"23250","929","929","929","1.3641968965530396","1.3641968965530396","1.3641968965530396"
"23300","931","931","931","1.365992546081543","1.365992546081543","1.365992546081543"
"23350","933","933","933","1.366087555885315","1.366087555885315","1.366087555885315"
"23400","935","935","935","1.3657333850860596","1.3657333850860596","1.3657333850860596"
"23450","937","937","937","1.3650527000427246","1.3650527000427246","1.3650527000427246"
"23500","939","939","939","1.3655352592468262","1.3655352592468262","1.3655352592468262"
"23550","941","941","941","1.3659071922302246","1.3659071922302246","1.3659071922302246"
"23600","943","943","943","1.3643479347229004","1.3643479347229004","1.3643479347229004"
"23650","945","945","945","1.3659648895263672","1.3659648895263672","1.3659648895263672"
"23700","947","947","947","1.3646464347839355","1.3646464347839355","1.3646464347839355"
"23750","949","949","949","1.3665049076080322","1.3665049076080322","1.3665049076080322"
"23800","951","951","951","1.3654252290725708","1.3654252290725708","1.3654252290725708"
"23850","953","953","953","1.3669146299362183","1.3669146299362183","1.3669146299362183"
"23900","955","955","955","1.3652008771896362","1.3652008771896362","1.3652008771896362"
"23950","957","957","957","1.3661894798278809","1.3661894798278809","1.3661894798278809"
"24000","959","959","959","1.3645901679992676","1.3645901679992676","1.3645901679992676"
"24050","961","961","961","1.3657362461090088","1.3657362461090088","1.3657362461090088"
"24100","963","963","963","1.3655213117599487","1.3655213117599487","1.3655213117599487"
"24150","965","965","965","1.364068865776062","1.364068865776062","1.364068865776062"
"24200","967","967","967","1.3639529943466187","1.3639529943466187","1.3639529943466187"
"24250","969","969","969","1.3655784130096436","1.3655784130096436","1.3655784130096436"
"24300","971","971","971","1.3665200471878052","1.3665200471878052","1.3665200471878052"
"24350","973","973","973","1.3656784296035767","1.3656784296035767","1.3656784296035767"
"24400","975","975","975","1.3651894330978394","1.3651894330978394","1.3651894330978394"
"24450","977","977","977","1.3660306930541992","1.3660306930541992","1.3660306930541992"
"24500","979","979","979","1.3644112348556519","1.3644112348556519","1.3644112348556519"
"24550","981","981","981","1.3651344776153564","1.3651344776153564","1.3651344776153564"
"24600","983","983","983","1.366085410118103","1.366085410118103","1.366085410118103"
"24650","985","985","985","1.3639216423034668","1.3639216423034668","1.3639216423034668"
"24700","987","987","987","1.3635481595993042","1.3635481595993042","1.3635481595993042"
"24750","989","989","989","1.3642964363098145","1.3642964363098145","1.3642964363098145"
"24800","991","991","991","1.3651429414749146","1.3651429414749146","1.3651429414749146"
"24850","993","993","993","1.3645663261413574","1.3645663261413574","1.3645663261413574"
"24900","995","995","995","1.3651208877563477","1.3651208877563477","1.3651208877563477"
"24950","997","997","997","1.3639330863952637","1.3639330863952637","1.3639330863952637"
"25000","999","999","999","1.3658127784729004","1.3658127784729004","1.3658127784729004"
"25050","1001","1001","1001","1.3646537065505981","1.3646537065505981","1.3646537065505981"
"25100","1003","1003","1003","1.3651171922683716","1.3651171922683716","1.3651171922683716"
"25150","1005","1005","1005","1.3661266565322876","1.3661266565322876","1.3661266565322876"
"25200","1007","1007","1007","1.3640772104263306","1.3640772104263306","1.3640772104263306"
"25250","1009","1009","1009","1.3648576736450195","1.3648576736450195","1.3648576736450195"
"25300","1011","1011","1011","1.3645755052566528","1.3645755052566528","1.3645755052566528"
"25350","1013","1013","1013","1.3659361600875854","1.3659361600875854","1.3659361600875854"
"25400","1015","1015","1015","1.3653700351715088","1.3653700351715088","1.3653700351715088"
"25450","1017","1017","1017","1.3648627996444702","1.3648627996444702","1.3648627996444702"
"25500","1019","1019","1019","1.3646798133850098","1.3646798133850098","1.3646798133850098"
"25550","1021","1021","1021","1.366150975227356","1.366150975227356","1.366150975227356"
"25600","1023","1023","1023","1.3660403490066528","1.3660403490066528","1.3660403490066528"
"25650","1025","1025","1025","1.3649959564208984","1.3649959564208984","1.3649959564208984"
"25700","1027","1027","1027","1.3640908002853394","1.3640908002853394","1.3640908002853394"
"25750","1029","1029","1029","1.3654340505599976","1.3654340505599976","1.3654340505599976"
"25800","1031","1031","1031","1.3668317794799805","1.3668317794799805","1.3668317794799805"
"25850","1033","1033","1033","1.363594651222229","1.363594651222229","1.363594651222229"
"25900","1035","1035","1035","1.3639642000198364","1.3639642000198364","1.3639642000198364"
"25950","1037","1037","1037","1.3643913269042969","1.3643913269042969","1.3643913269042969"
"26000","1039","1039","1039","1.3643678426742554","1.3643678426742554","1.3643678426742554"
"26050","1041","1041","1041","1.3634226322174072","1.3634226322174072","1.3634226322174072"
"26100","1043","1043","1043","1.3630506992340088","1.3630506992340088","1.3630506992340088"
"26150","1045","1045","1045","1.364038348197937","1.364038348197937","1.364038348197937"
"26200","1047","1047","1047","1.3630211353302002","1.3630211353302002","1.3630211353302002"
"26250","1049","1049","1049","1.3651107549667358","1.3651107549667358","1.3651107549667358"
"26300","1051","1051","1051","1.3659565448760986","1.3659565448760986","1.3659565448760986"
"26350","1053","1053","1053","1.3643474578857422","1.3643474578857422","1.3643474578857422"
"26400","1055","1055","1055","1.3651771545410156","1.3651771545410156","1.3651771545410156"
"26450","1057","1057","1057","1.3639769554138184","1.3639769554138184","1.3639769554138184"
"26500","1059","1059","1059","1.3647091388702393","1.3647091388702393","1.3647091388702393"
"26550","1061","1061","1061","1.3660616874694824","1.3660616874694824","1.3660616874694824"
"26600","1063","1063","1063","1.3656630516052246","1.3656630516052246","1.3656630516052246"
"26650","1065","1065","1065","1.3654059171676636","1.3654059171676636","1.3654059171676636"
"26700","1067","1067","1067","1.3655496835708618","1.3655496835708618","1.3655496835708618"
"26750","1069","1069","1069","1.3651132583618164","1.3651132583618164","1.3651132583618164"
"26800","1071","1071","1071","1.3652889728546143","1.3652889728546143","1.3652889728546143"
"26850","1073","1073","1073","1.3644802570343018","1.3644802570343018","1.3644802570343018"
"26900","1075","1075","1075","1.363223910331726","1.363223910331726","1.363223910331726"
"26950","1077","1077","1077","1.3637139797210693","1.3637139797210693","1.3637139797210693"
"27000","1079","1079","1079","1.3634848594665527","1.3634848594665527","1.3634848594665527"
"27050","1081","1081","1081","1.3641256093978882","1.3641256093978882","1.3641256093978882"
"27100","1083","1083","1083","1.364911437034607","1.364911437034607","1.364911437034607"
"27150","1085","1085","1085","1.364891529083252","1.364891529083252","1.364891529083252"
"27200","1087","1087","1087","1.3639464378356934","1.3639464378356934","1.3639464378356934"
"27250","1089","1089","1089","1.3657362461090088","1.3657362461090088","1.3657362461090088"
"27300","1091","1091","1091","1.3646337985992432","1.3646337985992432","1.3646337985992432"
"27350","1093","1093","1093","1.3636196851730347","1.3636196851730347","1.3636196851730347"
"27400","1095","1095","1095","1.3642252683639526","1.3642252683639526","1.3642252683639526"
"27450","1097","1097","1097","1.363345742225647","1.363345742225647","1.363345742225647"
"27500","1099","1099","1099","1.364418625831604","1.364418625831604","1.364418625831604"
"27550","1101","1101","1101","1.364168643951416","1.364168643951416","1.364168643951416"
"27600","1103","1103","1103","1.3652998208999634","1.3652998208999634","1.3652998208999634"
"27650","1105","1105","1105","1.364429235458374","1.364429235458374","1.364429235458374"
"27700","1107","1107","1107","1.364356517791748","1.364356517791748","1.364356517791748"
"27750","1109","1109","1109","1.3632534742355347","1.3632534742355347","1.3632534742355347"
"27800","1111","1111","1111","1.3642219305038452","1.3642219305038452","1.3642219305038452"
"27850","1113","1113","1113","1.3653687238693237","1.3653687238693237","1.3653687238693237"
"27900","1115","1115","1115","1.3647757768630981","1.3647757768630981","1.3647757768630981"
"27950","1117","1117","1117","1.364998459815979","1.364998459815979","1.364998459815979"
"28000","1119","1119","1119","1.3648884296417236","1.3648884296417236","1.3648884296417236"
"28050","1121","1121","1121","1.3639905452728271","1.3639905452728271","1.3639905452728271"
"28100","1123","1123","1123","1.3650835752487183","1.3650835752487183","1.3650835752487183"
"28150","1125","1125","1125","1.3643745183944702","1.3643745183944702","1.3643745183944702"
"28200","1127","1127","1127","1.3645212650299072","1.3645212650299072","1.3645212650299072"
"28250","1129","1129","1129","1.3631632328033447","1.3631632328033447","1.3631632328033447"
"28300","1131","1131","1131","1.3644108772277832","1.3644108772277832","1.3644108772277832"
"28350","1133","1133","1133","1.3662209510803223","1.3662209510803223","1.3662209510803223"
"28400","1135","1135","1135","1.3639845848083496","1.3639845848083496","1.3639845848083496"
"28450","1137","1137","1137","1.363972544670105","1.363972544670105","1.363972544670105"
"28500","1139","1139","1139","1.36411452293396","1.36411452293396","1.36411452293396"
"28550","1141","1141","1141","1.364585280418396","1.364585280418396","1.364585280418396"
"28600","1143","1143","1143","1.3644952774047852","1.3644952774047852","1.3644952774047852"
"28650","1145","1145","1145","1.3638670444488525","1.3638670444488525","1.3638670444488525"
"28700","1147","1147","1147","1.3639836311340332","1.3639836311340332","1.3639836311340332"
"28750","1149","1149","1149","1.3633980751037598","1.3633980751037598","1.3633980751037598"
"28800","1151","1151","1151","1.3640775680541992","1.3640775680541992","1.3640775680541992"
"28850","1153","1153","1153","1.3661015033721924","1.3661015033721924","1.3661015033721924"
"28900","1155","1155","1155","1.3642501831054688","1.3642501831054688","1.3642501831054688"
"28950","1157","1157","1157","1.3643827438354492","1.3643827438354492","1.3643827438354492"
"29000","1159","1159","1159","1.3637046813964844","1.3637046813964844","1.3637046813964844"
"29050","1161","1161","1161","1.3632980585098267","1.3632980585098267","1.3632980585098267"
"29100","1163","1163","1163","1.3645647764205933","1.3645647764205933","1.3645647764205933"
"29150","1165","1165","1165","1.3641226291656494","1.3641226291656494","1.3641226291656494"
"29200","1167","1167","1167","1.365810513496399","1.365810513496399","1.365810513496399"
"29250","1169","1169","1169","1.365410566329956","1.365410566329956","1.365410566329956"
"29300","1171","1171","1171","1.3638664484024048","1.3638664484024048","1.3638664484024048"
"29350","1173","1173","1173","1.362873911857605","1.362873911857605","1.362873911857605"
"29400","1175","1175","1175","1.3638699054718018","1.3638699054718018","1.3638699054718018"
"29450","1177","1177","1177","1.3658990859985352","1.3658990859985352","1.3658990859985352"
"29500","1179","1179","1179","1.3664968013763428","1.3664968013763428","1.3664968013763428"
"29550","1181","1181","1181","1.3636765480041504","1.3636765480041504","1.3636765480041504"
"29600","1183","1183","1183","1.3634947538375854","1.3634947538375854","1.3634947538375854"
"29650","1185","1185","1185","1.3656429052352905","1.3656429052352905","1.3656429052352905"
"29700","1187","1187","1187","1.3636276721954346","1.3636276721954346","1.3636276721954346"
"29750","1189","1189","1189","1.3641351461410522","1.3641351461410522","1.3641351461410522"
"29800","1191","1191","1191","1.3651307821273804","1.3651307821273804","1.3651307821273804"
"29850","1193","1193","1193","1.3638514280319214","1.3638514280319214","1.3638514280319214"
"29900","1195","1195","1195","1.364464282989502","1.364464282989502","1.364464282989502"
"29950","1197","1197","1197","1.3628805875778198","1.3628805875778198","1.3628805875778198"
"30000","1199","1199","1199","1.3640538454055786","1.3640538454055786","1.3640538454055786"
"30050","1201","1201","1201","1.3632948398590088","1.3632948398590088","1.3632948398590088"
"30100","1203","1203","1203","1.3632749319076538","1.3632749319076538","1.3632749319076538"
"30150","1205","1205","1205","1.364823579788208","1.364823579788208","1.364823579788208"
"30200","1207","1207","1207","1.3635791540145874","1.3635791540145874","1.3635791540145874"
"30250","1209","1209","1209","1.3633390665054321","1.3633390665054321","1.3633390665054321"
"30300","1211","1211","1211","1.3644269704818726","1.3644269704818726","1.3644269704818726"
"30350","1213","1213","1213","1.3640772104263306","1.3640772104263306","1.3640772104263306"
"30400","1215","1215","1215","1.3644894361495972","1.3644894361495972","1.3644894361495972"
"30450","1217","1217","1217","1.36538827419281","1.36538827419281","1.36538827419281"
"30500","1219","1219","1219","1.3637195825576782","1.3637195825576782","1.3637195825576782"
"30550","1221","1221","1221","1.362688422203064","1.362688422203064","1.362688422203064"
"30600","1223","1223","1223","1.3663756847381592","1.3663756847381592","1.3663756847381592"
"30650","1225","1225","1225","1.3651138544082642","1.3651138544082642","1.3651138544082642"
"30700","1227","1227","1227","1.3643730878829956","1.3643730878829956","1.3643730878829956"
"30750","1229","1229","1229","1.3636928796768188","1.3636928796768188","1.3636928796768188"
"30800","1231","1231","1231","1.364378571510315","1.364378571510315","1.364378571510315"
"30850","1233","1233","1233","1.3633427619934082","1.3633427619934082","1.3633427619934082"
"30900","1235","1235","1235","1.363923192024231","1.363923192024231","1.363923192024231"
"30950","1237","1237","1237","1.3642669916152954","1.3642669916152954","1.3642669916152954"
"31000","1239","1239","1239","1.3635191917419434","1.3635191917419434","1.3635191917419434"
"31050","1241","1241","1241","1.3653807640075684","1.3653807640075684","1.3653807640075684"
"31100","1243","1243","1243","1.36399245262146","1.36399245262146","1.36399245262146"
"31150","1245","1245","1245","1.3642388582229614","1.3642388582229614","1.3642388582229614"
"31200","1247","1247","1247","1.363777756690979","1.363777756690979","1.363777756690979"
"31250","1249","1249","1249","1.3627910614013672","1.3627910614013672","1.3627910614013672"
"31300","1251","1251","1251","1.3632400035858154","1.3632400035858154","1.3632400035858154"
"31350","1253","1253","1253","1.3640961647033691","1.3640961647033691","1.3640961647033691"
"31400","1255","1255","1255","1.3639219999313354","1.3639219999313354","1.3639219999313354"
"31450","1257","1257","1257","1.3638030290603638","1.3638030290603638","1.3638030290603638"
"31500","1259","1259","1259","1.3645853996276855","1.3645853996276855","1.3645853996276855"
"31550","1261","1261","1261","1.3627697229385376","1.3627697229385376","1.3627697229385376"
"31600","1263","1263","1263","1.364612340927124","1.364612340927124","1.364612340927124"
"31650","1265","1265","1265","1.3623871803283691","1.3623871803283691","1.3623871803283691"
"31700","1267","1267","1267","1.3649015426635742","1.3649015426635742","1.3649015426635742"
"31750","1269","1269","1269","1.364070177078247","1.364070177078247","1.364070177078247"
"31800","1271","1271","1271","1.3633830547332764","1.3633830547332764","1.3633830547332764"
"31850","1273","1273","1273","1.3656926155090332","1.3656926155090332","1.3656926155090332"
"31900","1275","1275","1275","1.3634333610534668","1.3634333610534668","1.3634333610534668"
"31950","1277","1277","1277","1.364824891090393","1.364824891090393","1.364824891090393"
"32000","1279","1279","1279","1.3642951250076294","1.3642951250076294","1.3642951250076294"
"32050","1281","1281","1281","1.3628700971603394","1.3628700971603394","1.3628700971603394"
"32100","1283","1283","1283","1.3650346994400024","1.3650346994400024","1.3650346994400024"
"32150","1285","1285","1285","1.3638534545898438","1.3638534545898438","1.3638534545898438"
"32200","1287","1287","1287","1.3639012575149536","1.3639012575149536","1.3639012575149536"
"32250","1289","1289","1289","1.3635458946228027","1.3635458946228027","1.3635458946228027"
"32300","1291","1291","1291","1.3639476299285889","1.3639476299285889","1.3639476299285889"
"32350","1293","1293","1293","1.3644086122512817","1.3644086122512817","1.3644086122512817"
"32400","1295","1295","1295","1.3637182712554932","1.3637182712554932","1.3637182712554932"
"32450","1297","1297","1297","1.3634388446807861","1.3634388446807861","1.3634388446807861"
"32500","1299","1299","1299","1.3637809753417969","1.3637809753417969","1.3637809753417969"
"32550","1301","1301","1301","1.3637443780899048","1.3637443780899048","1.3637443780899048"
"32600","1303","1303","1303","1.363199234008789","1.363199234008789","1.363199234008789"
"32650","1305","1305","1305","1.3638916015625","1.3638916015625","1.3638916015625"
"32700","1307","1307","1307","1.3640447854995728","1.3640447854995728","1.3640447854995728"
"32750","1309","1309","1309","1.3653321266174316","1.3653321266174316","1.3653321266174316"
"32800","1311","1311","1311","1.3629454374313354","1.3629454374313354","1.3629454374313354"
"32850","1313","1313","1313","1.3642090559005737","1.3642090559005737","1.3642090559005737"
"32900","1315","1315","1315","1.3632872104644775","1.3632872104644775","1.3632872104644775"
"32950","1317","1317","1317","1.3640233278274536","1.3640233278274536","1.3640233278274536"
"33000","1319","1319","1319","1.3626583814620972","1.3626583814620972","1.3626583814620972"
"33050","1321","1321","1321","1.3632205724716187","1.3632205724716187","1.3632205724716187"
"33100","1323","1323","1323","1.3639928102493286","1.3639928102493286","1.3639928102493286"
"33150","1325","1325","1325","1.3619698286056519","1.3619698286056519","1.3619698286056519"
"33200","1327","1327","1327","1.3631731271743774","1.3631731271743774","1.3631731271743774"
"33250","1329","1329","1329","1.3638805150985718","1.3638805150985718","1.3638805150985718"
"33300","1331","1331","1331","1.3651683330535889","1.3651683330535889","1.3651683330535889"
"33350","1333","1333","1333","1.3640456199645996","1.3640456199645996","1.3640456199645996"
"33400","1335","1335","1335","1.3640761375427246","1.3640761375427246","1.3640761375427246"
"33450","1337","1337","1337","1.3651243448257446","1.3651243448257446","1.3651243448257446"
"33500","1339","1339","1339","1.363530158996582","1.363530158996582","1.363530158996582"
"33550","1341","1341","1341","1.3634775876998901","1.3634775876998901","1.3634775876998901"
"33600","1343","1343","1343","1.3640222549438477","1.3640222549438477","1.3640222549438477"
"33650","1345","1345","1345","1.3647679090499878","1.3647679090499878","1.3647679090499878"
"33700","1347","1347","1347","1.3647383451461792","1.3647383451461792","1.3647383451461792"
"33750","1349","1349","1349","1.3634662628173828","1.3634662628173828","1.3634662628173828"
"33800","1351","1351","1351","1.3637168407440186","1.3637168407440186","1.3637168407440186"
"33850","1353","1353","1353","1.3626092672348022","1.3626092672348022","1.3626092672348022"
"33900","1355","1355","1355","1.3630130290985107","1.3630130290985107","1.3630130290985107"
"33950","1357","1357","1357","1.3635573387145996","1.3635573387145996","1.3635573387145996"
"34000","1359","1359","1359","1.3639463186264038","1.3639463186264038","1.3639463186264038"
"34050","1361","1361","1361","1.364510178565979","1.364510178565979","1.364510178565979"
"34100","1363","1363","1363","1.3630566596984863","1.3630566596984863","1.3630566596984863"
"34150","1365","1365","1365","1.3649544715881348","1.3649544715881348","1.3649544715881348"
"34200","1367","1367","1367","1.3632749319076538","1.3632749319076538","1.3632749319076538"
"34250","1369","1369","1369","1.3633179664611816","1.3633179664611816","1.3633179664611816"
"34300","1371","1371","1371","1.3622920513153076","1.3622920513153076","1.3622920513153076"
"34350","1373","1373","1373","1.3644700050354004","1.3644700050354004","1.3644700050354004"
"34400","1375","1375","1375","1.3629374504089355","1.3629374504089355","1.3629374504089355"
"34450","1377","1377","1377","1.3640804290771484","1.3640804290771484","1.3640804290771484"
"34500","1379","1379","1379","1.3619221448898315","1.3619221448898315","1.3619221448898315"
"34550","1381","1381","1381","1.3630330562591553","1.3630330562591553","1.3630330562591553"
"34600","1383","1383","1383","1.3631470203399658","1.3631470203399658","1.3631470203399658"
"34650","1385","1385","1385","1.3631541728973389","1.3631541728973389","1.3631541728973389"
"34700","1387","1387","1387","1.3647997379302979","1.3647997379302979","1.3647997379302979"
"34750","1389","1389","1389","1.3630611896514893","1.3630611896514893","1.3630611896514893"
"34800","1391","1391","1391","1.36415696144104","1.36415696144104","1.36415696144104"
"34850","1393","1393","1393","1.3634147644042969","1.3634147644042969","1.3634147644042969"
"34900","1395","1395","1395","1.3640631437301636","1.3640631437301636","1.3640631437301636"
"34950","1397","1397","1397","1.3641111850738525","1.3641111850738525","1.3641111850738525"
"35000","1399","1399","1399","1.3650511503219604","1.3650511503219604","1.3650511503219604"
"35050","1401","1401","1401","1.3634918928146362","1.3634918928146362","1.3634918928146362"
"35100","1403","1403","1403","1.3631871938705444","1.3631871938705444","1.3631871938705444"
"35150","1405","1405","1405","1.3636246919631958","1.3636246919631958","1.3636246919631958"
"35200","1407","1407","1407","1.3640810251235962","1.3640810251235962","1.3640810251235962"
"35250","1409","1409","1409","1.363964319229126","1.363964319229126","1.363964319229126"
"35300","1411","1411","1411","1.3632467985153198","1.3632467985153198","1.3632467985153198"
"35350","1413","1413","1413","1.3630914688110352","1.3630914688110352","1.3630914688110352"
"35400","1415","1415","1415","1.3631900548934937","1.3631900548934937","1.3631900548934937"
"35450","1417","1417","1417","1.362633466720581","1.362633466720581","1.362633466720581"
"35500","1419","1419","1419","1.3644734621047974","1.3644734621047974","1.3644734621047974"
"35550","1421","1421","1421","1.3633369207382202","1.3633369207382202","1.3633369207382202"
"35600","1423","1423","1423","1.3623285293579102","1.3623285293579102","1.3623285293579102"
"35650","1425","1425","1425","1.3634628057479858","1.3634628057479858","1.3634628057479858"
"35700","1427","1427","1427","1.3627043962478638","1.3627043962478638","1.3627043962478638"
"35750","1429","1429","1429","1.3634448051452637","1.3634448051452637","1.3634448051452637"
"35800","1431","1431","1431","1.3626649379730225","1.3626649379730225","1.3626649379730225"
"35850","1433","1433","1433","1.3629982471466064","1.3629982471466064","1.3629982471466064"
"35900","1435","1435","1435","1.363343596458435","1.363343596458435","1.363343596458435"
"35950","1437","1437","1437","1.3634836673736572","1.3634836673736572","1.3634836673736572"
"36000","1439","1439","1439","1.3633055686950684","1.3633055686950684","1.3633055686950684"
"36050","1441","1441","1441","1.3624697923660278","1.3624697923660278","1.3624697923660278"
"36100","1443","1443","1443","1.3643656969070435","1.3643656969070435","1.3643656969070435"
"36150","1445","1445","1445","1.3646016120910645","1.3646016120910645","1.3646016120910645"
"36200","1447","1447","1447","1.3630914688110352","1.3630914688110352","1.3630914688110352"
"36250","1449","1449","1449","1.362532377243042","1.362532377243042","1.362532377243042"
"36300","1451","1451","1451","1.3641691207885742","1.3641691207885742","1.3641691207885742"
"36350","1453","1453","1453","1.3635045289993286","1.3635045289993286","1.3635045289993286"
"36400","1455","1455","1455","1.3636367321014404","1.3636367321014404","1.3636367321014404"
"36450","1457","1457","1457","1.3649277687072754","1.3649277687072754","1.3649277687072754"
"36500","1459","1459","1459","1.3635380268096924","1.3635380268096924","1.3635380268096924"
"36550","1461","1461","1461","1.3626850843429565","1.3626850843429565","1.3626850843429565"
"36600","1463","1463","1463","1.3634785413742065","1.3634785413742065","1.3634785413742065"
"36650","1465","1465","1465","1.3636550903320312","1.3636550903320312","1.3636550903320312"
"36700","1467","1467","1467","1.3635443449020386","1.3635443449020386","1.3635443449020386"
"36750","1469","1469","1469","1.3640612363815308","1.3640612363815308","1.3640612363815308"
"36800","1471","1471","1471","1.3643248081207275","1.3643248081207275","1.3643248081207275"
"36850","1473","1473","1473","1.3631888628005981","1.3631888628005981","1.3631888628005981"
"36900","1475","1475","1475","1.3620866537094116","1.3620866537094116","1.3620866537094116"
"36950","1477","1477","1477","1.3649660348892212","1.3649660348892212","1.3649660348892212"
"37000","1479","1479","1479","1.3632375001907349","1.3632375001907349","1.3632375001907349"
"37050","1481","1481","1481","1.3627240657806396","1.3627240657806396","1.3627240657806396"
"37100","1483","1483","1483","1.3626471757888794","1.3626471757888794","1.3626471757888794"
"37150","1485","1485","1485","1.3627430200576782","1.3627430200576782","1.3627430200576782"
"37200","1487","1487","1487","1.36301589012146","1.36301589012146","1.36301589012146"
"37250","1489","1489","1489","1.3629587888717651","1.3629587888717651","1.3629587888717651"
"37300","1491","1491","1491","1.362159013748169","1.362159013748169","1.362159013748169"
"37350","1493","1493","1493","1.3630744218826294","1.3630744218826294","1.3630744218826294"
"37400","1495","1495","1495","1.364566445350647","1.364566445350647","1.364566445350647"
"37450","1497","1497","1497","1.3619604110717773","1.3619604110717773","1.3619604110717773"
"37500","1499","1499","1499","1.3628859519958496","1.3628859519958496","1.3628859519958496"
"37550","1501","1501","1501","1.3647593259811401","1.3647593259811401","1.3647593259811401"
"37600","1503","1503","1503","1.3644086122512817","1.3644086122512817","1.3644086122512817"
"37650","1505","1505","1505","1.363759994506836","1.363759994506836","1.363759994506836"
"37700","1507","1507","1507","1.3644776344299316","1.3644776344299316","1.3644776344299316"
"37750","1509","1509","1509","1.3632079362869263","1.3632079362869263","1.3632079362869263"
"37800","1511","1511","1511","1.3634757995605469","1.3634757995605469","1.3634757995605469"
"37850","1513","1513","1513","1.3626549243927002","1.3626549243927002","1.3626549243927002"
"37900","1515","1515","1515","1.3634426593780518","1.3634426593780518","1.3634426593780518"
"37950","1517","1517","1517","1.3647809028625488","1.3647809028625488","1.3647809028625488"
"38000","1519","1519","1519","1.364625096321106","1.364625096321106","1.364625096321106"
"38050","1521","1521","1521","1.3627066612243652","1.3627066612243652","1.3627066612243652"
"38100","1523","1523","1523","1.3627939224243164","1.3627939224243164","1.3627939224243164"
"38150","1525","1525","1525","1.3643678426742554","1.3643678426742554","1.3643678426742554"
"38200","1527","1527","1527","1.3608126640319824","1.3608126640319824","1.3608126640319824"
"38250","1529","1529","1529","1.3632482290267944","1.3632482290267944","1.3632482290267944"
"38300","1531","1531","1531","1.3627963066101074","1.3627963066101074","1.3627963066101074"
"38350","1533","1533","1533","1.3621975183486938","1.3621975183486938","1.3621975183486938"
"38400","1535","1535","1535","1.363187313079834","1.363187313079834","1.363187313079834"
"38450","1537","1537","1537","1.3626712560653687","1.3626712560653687","1.3626712560653687"
"38500","1539","1539","1539","1.3640528917312622","1.3640528917312622","1.3640528917312622"
"38550","1541","1541","1541","1.363332986831665","1.363332986831665","1.363332986831665"
"38600","1543","1543","1543","1.3623995780944824","1.3623995780944824","1.3623995780944824"
"38650","1545","1545","1545","1.3624916076660156","1.3624916076660156","1.3624916076660156"
"38700","1547","1547","1547","1.3647582530975342","1.3647582530975342","1.3647582530975342"
"38750","1549","1549","1549","1.3622567653656006","1.3622567653656006","1.3622567653656006"
"38800","1551","1551","1551","1.3628175258636475","1.3628175258636475","1.3628175258636475"
"38850","1553","1553","1553","1.364220142364502","1.364220142364502","1.364220142364502"
"38900","1555","1555","1555","1.364434003829956","1.364434003829956","1.364434003829956"
"38950","1557","1557","1557","1.3635444641113281","1.3635444641113281","1.3635444641113281"
"39000","1559","1559","1559","1.3630471229553223","1.3630471229553223","1.3630471229553223"
"39050","1561","1561","1561","1.3635814189910889","1.3635814189910889","1.3635814189910889"
"39100","1563","1563","1563","1.362985610961914","1.362985610961914","1.362985610961914"
"39150","1565","1565","1565","1.3625023365020752","1.3625023365020752","1.3625023365020752"
"39200","1567","1567","1567","1.3627322912216187","1.3627322912216187","1.3627322912216187"
"39250","1569","1569","1569","1.3628700971603394","1.3628700971603394","1.3628700971603394"
"39300","1571","1571","1571","1.3631101846694946","1.3631101846694946","1.3631101846694946"
"39350","1573","1573","1573","1.3635395765304565","1.3635395765304565","1.3635395765304565"
"39400","1575","1575","1575","1.3625879287719727","1.3625879287719727","1.3625879287719727"
"39450","1577","1577","1577","1.3634611368179321","1.3634611368179321","1.3634611368179321"
"39500","1579","1579","1579","1.3645670413970947","1.3645670413970947","1.3645670413970947"
"39550","1581","1581","1581","1.3634580373764038","1.3634580373764038","1.3634580373764038"
"39600","1583","1583","1583","1.3646900653839111","1.3646900653839111","1.3646900653839111"
"39650","1585","1585","1585","1.363010287284851","1.363010287284851","1.363010287284851"
"39700","1587","1587","1587","1.3630684614181519","1.3630684614181519","1.3630684614181519"
"39750","1589","1589","1589","1.3619931936264038","1.3619931936264038","1.3619931936264038"
"39800","1591","1591","1591","1.3630894422531128","1.3630894422531128","1.3630894422531128"
"39850","1593","1593","1593","1.3637549877166748","1.3637549877166748","1.3637549877166748"
"39900","1595","1595","1595","1.3618334531784058","1.3618334531784058","1.3618334531784058"
"39950","1597","1597","1597","1.3618385791778564","1.3618385791778564","1.3618385791778564"
"40000","1599","1599","1599","1.363070011138916","1.363070011138916","1.363070011138916"
"40050","1601","1601","1601","1.3622509241104126","1.3622509241104126","1.3622509241104126"
"40100","1603","1603","1603","1.3638083934783936","1.3638083934783936","1.3638083934783936"
"40150","1605","1605","1605","1.3627797365188599","1.3627797365188599","1.3627797365188599"
"40200","1607","1607","1607","1.361732006072998","1.361732006072998","1.361732006072998"
"40250","1609","1609","1609","1.364788293838501","1.364788293838501","1.364788293838501"
"40300","1611","1611","1611","1.364651083946228","1.364651083946228","1.364651083946228"
"40350","1613","1613","1613","1.3643863201141357","1.3643863201141357","1.3643863201141357"
"40400","1615","1615","1615","1.361677885055542","1.361677885055542","1.361677885055542"
"40450","1617","1617","1617","1.363297700881958","1.363297700881958","1.363297700881958"
"40500","1619","1619","1619","1.3641386032104492","1.3641386032104492","1.3641386032104492"
"40550","1621","1621","1621","1.3640064001083374","1.3640064001083374","1.3640064001083374"
"40600","1623","1623","1623","1.3641809225082397","1.3641809225082397","1.3641809225082397"
"40650","1625","1625","1625","1.3634265661239624","1.3634265661239624","1.3634265661239624"
"40700","1627","1627","1627","1.3629814386367798","1.3629814386367798","1.3629814386367798"
"40750","1629","1629","1629","1.3633402585983276","1.3633402585983276","1.3633402585983276"
"40800","1631","1631","1631","1.3628698587417603","1.3628698587417603","1.3628698587417603"
"40850","1633","1633","1633","1.3621430397033691","1.3621430397033691","1.3621430397033691"
"40900","1635","1635","1635","1.363185167312622","1.363185167312622","1.363185167312622"
"40950","1637","1637","1637","1.3631300926208496","1.3631300926208496","1.3631300926208496"
"41000","1639","1639","1639","1.362858533859253","1.362858533859253","1.362858533859253"
"41050","1641","1641","1641","1.3632733821868896","1.3632733821868896","1.3632733821868896"
"41100","1643","1643","1643","1.3642762899398804","1.3642762899398804","1.3642762899398804"
"41150","1645","1645","1645","1.363294243812561","1.363294243812561","1.363294243812561"
"41200","1647","1647","1647","1.3628419637680054","1.3628419637680054","1.3628419637680054"
"41250","1649","1649","1649","1.3610005378723145","1.3610005378723145","1.3610005378723145"
"41300","1651","1651","1651","1.361983060836792","1.361983060836792","1.361983060836792"
"41350","1653","1653","1653","1.3630825281143188","1.3630825281143188","1.3630825281143188"
"41400","1655","1655","1655","1.3632738590240479","1.3632738590240479","1.3632738590240479"
"41450","1657","1657","1657","1.3627638816833496","1.3627638816833496","1.3627638816833496"
"41500","1659","1659","1659","1.3628578186035156","1.3628578186035156","1.3628578186035156"
"41550","1661","1661","1661","1.363308310508728","1.363308310508728","1.363308310508728"
"41600","1663","1663","1663","1.3621066808700562","1.3621066808700562","1.3621066808700562"
"41650","1665","1665","1665","1.3617428541183472","1.3617428541183472","1.3617428541183472"
"41700","1667","1667","1667","1.3622578382492065","1.3622578382492065","1.3622578382492065"
"41750","1669","1669","1669","1.3619611263275146","1.3619611263275146","1.3619611263275146"
"41800","1671","1671","1671","1.3627508878707886","1.3627508878707886","1.3627508878707886"
"41850","1673","1673","1673","1.3641175031661987","1.3641175031661987","1.3641175031661987"
"41900","1675","1675","1675","1.3631834983825684","1.3631834983825684","1.3631834983825684"
"41950","1677","1677","1677","1.3622275590896606","1.3622275590896606","1.3622275590896606"
"42000","1679","1679","1679","1.3635424375534058","1.3635424375534058","1.3635424375534058"
"42050","1681","1681","1681","1.3639200925827026","1.3639200925827026","1.3639200925827026"
"42100","1683","1683","1683","1.364223599433899","1.364223599433899","1.364223599433899"
"42150","1685","1685","1685","1.3636029958724976","1.3636029958724976","1.3636029958724976"
"42200","1687","1687","1687","1.363214373588562","1.363214373588562","1.363214373588562"
"42250","1689","1689","1689","1.362271785736084","1.362271785736084","1.362271785736084"
"42300","1691","1691","1691","1.3620586395263672","1.3620586395263672","1.3620586395263672"
"42350","1693","1693","1693","1.3617303371429443","1.3617303371429443","1.3617303371429443"
"42400","1695","1695","1695","1.3629721403121948","1.3629721403121948","1.3629721403121948"
"42450","1697","1697","1697","1.3631484508514404","1.3631484508514404","1.3631484508514404"
"42500","1699","1699","1699","1.3630585670471191","1.3630585670471191","1.3630585670471191"
"42550","1701","1701","1701","1.3623301982879639","1.3623301982879639","1.3623301982879639"
"42600","1703","1703","1703","1.3644437789916992","1.3644437789916992","1.3644437789916992"
"42650","1705","1705","1705","1.362534761428833","1.362534761428833","1.362534761428833"
"42700","1707","1707","1707","1.3621500730514526","1.3621500730514526","1.3621500730514526"
"42750","1709","1709","1709","1.3629827499389648","1.3629827499389648","1.3629827499389648"
"42800","1711","1711","1711","1.3615965843200684","1.3615965843200684","1.3615965843200684"
"42850","1713","1713","1713","1.3616881370544434","1.3616881370544434","1.3616881370544434"
"42900","1715","1715","1715","1.3628103733062744","1.3628103733062744","1.3628103733062744"
"42950","1717","1717","1717","1.3634235858917236","1.3634235858917236","1.3634235858917236"
"43000","1719","1719","1719","1.3628195524215698","1.3628195524215698","1.3628195524215698"
"43050","1721","1721","1721","1.364203691482544","1.364203691482544","1.364203691482544"
"43100","1723","1723","1723","1.363789439201355","1.363789439201355","1.363789439201355"
"43150","1725","1725","1725","1.3637750148773193","1.3637750148773193","1.3637750148773193"
"43200","1727","1727","1727","1.363762378692627","1.363762378692627","1.363762378692627"
"43250","1729","1729","1729","1.3619683980941772","1.3619683980941772","1.3619683980941772"
"43300","1731","1731","1731","1.3621081113815308","1.3621081113815308","1.3621081113815308"
"43350","1733","1733","1733","1.3641986846923828","1.3641986846923828","1.3641986846923828"
"43400","1735","1735","1735","1.3650230169296265","1.3650230169296265","1.3650230169296265"
"43450","1737","1737","1737","1.3625261783599854","1.3625261783599854","1.3625261783599854"
"43500","1739","1739","1739","1.3612686395645142","1.3612686395645142","1.3612686395645142"
"43550","1741","1741","1741","1.3629809617996216","1.3629809617996216","1.3629809617996216"
"43600","1743","1743","1743","1.363061785697937","1.363061785697937","1.363061785697937"
"43650","1745","1745","1745","1.3623590469360352","1.3623590469360352","1.3623590469360352"
"43700","1747","1747","1747","1.363111138343811","1.363111138343811","1.363111138343811"
"43750","1749","1749","1749","1.362844705581665","1.362844705581665","1.362844705581665"
"43800","1751","1751","1751","1.3624489307403564","1.3624489307403564","1.3624489307403564"
"43850","1753","1753","1753","1.362334132194519","1.362334132194519","1.362334132194519"
"43900","1755","1755","1755","1.3623682260513306","1.3623682260513306","1.3623682260513306"
"43950","1757","1757","1757","1.3626806735992432","1.3626806735992432","1.3626806735992432"
"44000","1759","1759","1759","1.3622053861618042","1.3622053861618042","1.3622053861618042"
"44050","1761","1761","1761","1.3635903596878052","1.3635903596878052","1.3635903596878052"
"44100","1763","1763","1763","1.3623454570770264","1.3623454570770264","1.3623454570770264"
"44150","1765","1765","1765","1.3628443479537964","1.3628443479537964","1.3628443479537964"
"44200","1767","1767","1767","1.3617708683013916","1.3617708683013916","1.3617708683013916"
"44250","1769","1769","1769","1.363174557685852","1.363174557685852","1.363174557685852"
"44300","1771","1771","1771","1.3612003326416016","1.3612003326416016","1.3612003326416016"
"44350","1773","1773","1773","1.363584041595459","1.363584041595459","1.363584041595459"
"44400","1775","1775","1775","1.3645673990249634","1.3645673990249634","1.3645673990249634"
"44450","1777","1777","1777","1.362223744392395","1.362223744392395","1.362223744392395"
"44500","1779","1779","1779","1.3648741245269775","1.3648741245269775","1.3648741245269775"
"44550","1781","1781","1781","1.3646724224090576","1.3646724224090576","1.3646724224090576"
"44600","1783","1783","1783","1.36198890209198","1.36198890209198","1.36198890209198"
"44650","1785","1785","1785","1.3628002405166626","1.3628002405166626","1.3628002405166626"
"44700","1787","1787","1787","1.3621971607208252","1.3621971607208252","1.3621971607208252"
"44750","1789","1789","1789","1.3619451522827148","1.3619451522827148","1.3619451522827148"
"44800","1791","1791","1791","1.3625071048736572","1.3625071048736572","1.3625071048736572"
"44850","1793","1793","1793","1.3625396490097046","1.3625396490097046","1.3625396490097046"
"44900","1795","1795","1795","1.3634469509124756","1.3634469509124756","1.3634469509124756"
"44950","1797","1797","1797","1.3638137578964233","1.3638137578964233","1.3638137578964233"
"45000","1799","1799","1799","1.3618165254592896","1.3618165254592896","1.3618165254592896"
"45050","1801","1801","1801","1.363690733909607","1.363690733909607","1.363690733909607"
"45100","1803","1803","1803","1.362149715423584","1.362149715423584","1.362149715423584"
"45150","1805","1805","1805","1.3632866144180298","1.3632866144180298","1.3632866144180298"
"45200","1807","1807","1807","1.3625208139419556","1.3625208139419556","1.3625208139419556"
"45250","1809","1809","1809","1.3629902601242065","1.3629902601242065","1.3629902601242065"
"45300","1811","1811","1811","1.3614333868026733","1.3614333868026733","1.3614333868026733"
"45350","1813","1813","1813","1.3619621992111206","1.3619621992111206","1.3619621992111206"
"45400","1815","1815","1815","1.3614333868026733","1.3614333868026733","1.3614333868026733"
"45450","1817","1817","1817","1.3627688884735107","1.3627688884735107","1.3627688884735107"
"45500","1819","1819","1819","1.3642610311508179","1.3642610311508179","1.3642610311508179"
"45550","1821","1821","1821","1.3623511791229248","1.3623511791229248","1.3623511791229248"
"45600","1823","1823","1823","1.3631203174591064","1.3631203174591064","1.3631203174591064"
"45650","1825","1825","1825","1.364323377609253","1.364323377609253","1.364323377609253"
"45700","1827","1827","1827","1.364256739616394","1.364256739616394","1.364256739616394"
"45750","1829","1829","1829","1.3629846572875977","1.3629846572875977","1.3629846572875977"
"45800","1831","1831","1831","1.3632316589355469","1.3632316589355469","1.3632316589355469"
"45850","1833","1833","1833","1.3628759384155273","1.3628759384155273","1.3628759384155273"
"45900","1835","1835","1835","1.3620930910110474","1.3620930910110474","1.3620930910110474"
"45950","1837","1837","1837","1.3628926277160645","1.3628926277160645","1.3628926277160645"
"46000","1839","1839","1839","1.3636820316314697","1.3636820316314697","1.3636820316314697"
"46050","1841","1841","1841","1.3611047267913818","1.3611047267913818","1.3611047267913818"
"46100","1843","1843","1843","1.3623600006103516","1.3623600006103516","1.3623600006103516"
"46150","1845","1845","1845","1.3623132705688477","1.3623132705688477","1.3623132705688477"
"46200","1847","1847","1847","1.3633778095245361","1.3633778095245361","1.3633778095245361"
"46250","1849","1849","1849","1.3636882305145264","1.3636882305145264","1.3636882305145264"
"46300","1851","1851","1851","1.3630743026733398","1.3630743026733398","1.3630743026733398"
"46350","1853","1853","1853","1.3622877597808838","1.3622877597808838","1.3622877597808838"
"46400","1855","1855","1855","1.3636870384216309","1.3636870384216309","1.3636870384216309"
"46450","1857","1857","1857","1.3621371984481812","1.3621371984481812","1.3621371984481812"
"46500","1859","1859","1859","1.3628326654434204","1.3628326654434204","1.3628326654434204"
"46550","1861","1861","1861","1.3636313676834106","1.3636313676834106","1.3636313676834106"
"46600","1863","1863","1863","1.3626821041107178","1.3626821041107178","1.3626821041107178"
"46650","1865","1865","1865","1.363004207611084","1.363004207611084","1.363004207611084"
"46700","1867","1867","1867","1.3618841171264648","1.3618841171264648","1.3618841171264648"
"46750","1869","1869","1869","1.3616260290145874","1.3616260290145874","1.3616260290145874"
"46800","1871","1871","1871","1.3620924949645996","1.3620924949645996","1.3620924949645996"
"46850","1873","1873","1873","1.3618249893188477","1.3618249893188477","1.3618249893188477"
"46900","1875","1875","1875","1.3626601696014404","1.3626601696014404","1.3626601696014404"
"46950","1877","1877","1877","1.36376953125","1.36376953125","1.36376953125"
"47000","1879","1879","1879","1.3632487058639526","1.3632487058639526","1.3632487058639526"
"47050","1881","1881","1881","1.3641139268875122","1.3641139268875122","1.3641139268875122"
"47100","1883","1883","1883","1.362768292427063","1.362768292427063","1.362768292427063"
"47150","1885","1885","1885","1.363218903541565","1.363218903541565","1.363218903541565"
"47200","1887","1887","1887","1.362826943397522","1.362826943397522","1.362826943397522"
"47250","1889","1889","1889","1.362017035484314","1.362017035484314","1.362017035484314"
"47300","1891","1891","1891","1.3626562356948853","1.3626562356948853","1.3626562356948853"
"47350","1893","1893","1893","1.362857699394226","1.362857699394226","1.362857699394226"
"47400","1895","1895","1895","1.3631867170333862","1.3631867170333862","1.3631867170333862"
"47450","1897","1897","1897","1.3628034591674805","1.3628034591674805","1.3628034591674805"
"47500","1899","1899","1899","1.3628486394882202","1.3628486394882202","1.3628486394882202"
"47550","1901","1901","1901","1.3625634908676147","1.3625634908676147","1.3625634908676147"
"47600","1903","1903","1903","1.362380862236023","1.362380862236023","1.362380862236023"
"47650","1905","1905","1905","1.362506628036499","1.362506628036499","1.362506628036499"
"47700","1907","1907","1907","1.3610024452209473","1.3610024452209473","1.3610024452209473"
"47750","1909","1909","1909","1.3624064922332764","1.3624064922332764","1.3624064922332764"
"47800","1911","1911","1911","1.3621927499771118","1.3621927499771118","1.3621927499771118"
"47850","1913","1913","1913","1.360957145690918","1.360957145690918","1.360957145690918"
"47900","1915","1915","1915","1.3634504079818726","1.3634504079818726","1.3634504079818726"
"47950","1917","1917","1917","1.3630895614624023","1.3630895614624023","1.3630895614624023"
"48000","1919","1919","1919","1.3619555234909058","1.3619555234909058","1.3619555234909058"
"48050","1921","1921","1921","1.3626651763916016","1.3626651763916016","1.3626651763916016"
"48100","1923","1923","1923","1.3628413677215576","1.3628413677215576","1.3628413677215576"
"48150","1925","1925","1925","1.3626000881195068","1.3626000881195068","1.3626000881195068"
"48200","1927","1927","1927","1.361681342124939","1.361681342124939","1.361681342124939"
"48250","1929","1929","1929","1.362118124961853","1.362118124961853","1.362118124961853"
"48300","1931","1931","1931","1.3628385066986084","1.3628385066986084","1.3628385066986084"
"48350","1933","1933","1933","1.3631373643875122","1.3631373643875122","1.3631373643875122"
"48400","1935","1935","1935","1.362557053565979","1.362557053565979","1.362557053565979"
"48450","1937","1937","1937","1.3636285066604614","1.3636285066604614","1.3636285066604614"
"48500","1939","1939","1939","1.3631343841552734","1.3631343841552734","1.3631343841552734"
"48550","1941","1941","1941","1.3623663187026978","1.3623663187026978","1.3623663187026978"
"48600","1943","1943","1943","1.3630146980285645","1.3630146980285645","1.3630146980285645"
"48650","1945","1945","1945","1.3621292114257812","1.3621292114257812","1.3621292114257812"
"48700","1947","1947","1947","1.3637081384658813","1.3637081384658813","1.3637081384658813"
"48750","1949","1949","1949","1.3624992370605469","1.3624992370605469","1.3624992370605469"
"48800","1951","1951","1951","1.3623921871185303","1.3623921871185303","1.3623921871185303"
"48850","1953","1953","1953","1.3618569374084473","1.3618569374084473","1.3618569374084473"
"48900","1955","1955","1955","1.3626904487609863","1.3626904487609863","1.3626904487609863"
"48950","1957","1957","1957","1.3627740144729614","1.3627740144729614","1.3627740144729614"
"49000","1959","1959","1959","1.3628480434417725","1.3628480434417725","1.3628480434417725"
"49050","1961","1961","1961","1.3638426065444946","1.3638426065444946","1.3638426065444946"
"49100","1963","1963","1963","1.3624166250228882","1.3624166250228882","1.3624166250228882"
"49150","1965","1965","1965","1.3615498542785645","1.3615498542785645","1.3615498542785645"
"49200","1967","1967","1967","1.3620681762695312","1.3620681762695312","1.3620681762695312"
"49250","1969","1969","1969","1.3620984554290771","1.3620984554290771","1.3620984554290771"
"49300","1971","1971","1971","1.3634865283966064","1.3634865283966064","1.3634865283966064"
"49350","1973","1973","1973","1.362998366355896","1.362998366355896","1.362998366355896"
"49400","1975","1975","1975","1.3614603281021118","1.3614603281021118","1.3614603281021118"
"49450","1977","1977","1977","1.3630048036575317","1.3630048036575317","1.3630048036575317"
"49500","1979","1979","1979","1.362367033958435","1.362367033958435","1.362367033958435"
"49550","1981","1981","1981","1.3630836009979248","1.3630836009979248","1.3630836009979248"
"49600","1983","1983","1983","1.361344575881958","1.361344575881958","1.361344575881958"
"49650","1985","1985","1985","1.3624762296676636","1.3624762296676636","1.3624762296676636"
"49700","1987","1987","1987","1.3629223108291626","1.3629223108291626","1.3629223108291626"
"49750","1989","1989","1989","1.3616206645965576","1.3616206645965576","1.3616206645965576"
"49800","1991","1991","1991","1.3632268905639648","1.3632268905639648","1.3632268905639648"
"49850","1993","1993","1993","1.3623641729354858","1.3623641729354858","1.3623641729354858"
"49900","1995","1995","1995","1.3622684478759766","1.3622684478759766","1.3622684478759766"
"49950","1997","1997","1997","1.3624731302261353","1.3624731302261353","1.3624731302261353"
"50000","1999","1999","1999","1.3632937669754028","1.3632937669754028","1.3632937669754028"
"50050","2001","2001","2001","1.3638801574707031","1.3638801574707031","1.3638801574707031"
"50100","2003","2003","2003","1.3651059865951538","1.3651059865951538","1.3651059865951538"
"50150","2005","2005","2005","1.3621684312820435","1.3621684312820435","1.3621684312820435"
"50200","2007","2007","2007","1.3644126653671265","1.3644126653671265","1.3644126653671265"
"50250","2009","2009","2009","1.3631707429885864","1.3631707429885864","1.3631707429885864"
"50300","2011","2011","2011","1.3612582683563232","1.3612582683563232","1.3612582683563232"
"50350","2013","2013","2013","1.3636984825134277","1.3636984825134277","1.3636984825134277"
"50400","2015","2015","2015","1.3617949485778809","1.3617949485778809","1.3617949485778809"
"50450","2017","2017","2017","1.362479567527771","1.362479567527771","1.362479567527771"
"50500","2019","2019","2019","1.362523078918457","1.362523078918457","1.362523078918457"
"50550","2021","2021","2021","1.361928939819336","1.361928939819336","1.361928939819336"
"50600","2023","2023","2023","1.3631364107131958","1.3631364107131958","1.3631364107131958"
"50650","2025","2025","2025","1.3630222082138062","1.3630222082138062","1.3630222082138062"
"50700","2027","2027","2027","1.363229513168335","1.363229513168335","1.363229513168335"
"50750","2029","2029","2029","1.3639758825302124","1.3639758825302124","1.3639758825302124"
"50800","2031","2031","2031","1.3607420921325684","1.3607420921325684","1.3607420921325684"
"50850","2033","2033","2033","1.3622856140136719","1.3622856140136719","1.3622856140136719"
"50900","2035","2035","2035","1.361986756324768","1.361986756324768","1.361986756324768"
"50950","2037","2037","2037","1.3636165857315063","1.3636165857315063","1.3636165857315063"
"51000","2039","2039","2039","1.3615972995758057","1.3615972995758057","1.3615972995758057"
"51050","2041","2041","2041","1.3620887994766235","1.3620887994766235","1.3620887994766235"
"51100","2043","2043","2043","1.3617576360702515","1.3617576360702515","1.3617576360702515"
"51150","2045","2045","2045","1.3622891902923584","1.3622891902923584","1.3622891902923584"
"51200","2047","2047","2047","1.3623524904251099","1.3623524904251099","1.3623524904251099"
"51250","2049","2049","2049","1.362048864364624","1.362048864364624","1.362048864364624"
"51300","2051","2051","2051","1.363673448562622","1.363673448562622","1.363673448562622"
"51350","2053","2053","2053","1.3636970520019531","1.3636970520019531","1.3636970520019531"
"51400","2055","2055","2055","1.3646420240402222","1.3646420240402222","1.3646420240402222"
"51450","2057","2057","2057","1.3629705905914307","1.3629705905914307","1.3629705905914307"
"51500","2059","2059","2059","1.3651084899902344","1.3651084899902344","1.3651084899902344"
"51550","2061","2061","2061","1.3619863986968994","1.3619863986968994","1.3619863986968994"
"51600","2063","2063","2063","1.363317608833313","1.363317608833313","1.363317608833313"
"51650","2065","2065","2065","1.3615765571594238","1.3615765571594238","1.3615765571594238"
"51700","2067","2067","2067","1.3616728782653809","1.3616728782653809","1.3616728782653809"
"51750","2069","2069","2069","1.3626272678375244","1.3626272678375244","1.3626272678375244"
"51800","2071","2071","2071","1.3629271984100342","1.3629271984100342","1.3629271984100342"
"51850","2073","2073","2073","1.3618911504745483","1.3618911504745483","1.3618911504745483"
"51900","2075","2075","2075","1.3623297214508057","1.3623297214508057","1.3623297214508057"
"51950","2077","2077","2077","1.3621083498001099","1.3621083498001099","1.3621083498001099"
"52000","2079","2079","2079","1.3624026775360107","1.3624026775360107","1.3624026775360107"