"train/global_step","./llama_qwen_results_packing - _step","./llama_qwen_results_packing - _step__MIN","./llama_qwen_results_packing - _step__MAX","./llama_qwen_results_packing - eval/loss","./llama_qwen_results_packing - eval/loss__MIN","./llama_qwen_results_packing - eval/loss__MAX"
"50","1","1","1","2.379528284072876","2.379528284072876","2.379528284072876"
"100","3","3","3","2.1637730598449707","2.1637730598449707","2.1637730598449707"
"150","5","5","5","2.113149642944336","2.113149642944336","2.113149642944336"
"200","7","7","7","2.061220169067383","2.061220169067383","2.061220169067383"
"250","9","9","9","2.003995656967163","2.003995656967163","2.003995656967163"
"300","11","11","11","1.8892148733139038","1.8892148733139038","1.8892148733139038"
"350","13","13","13","1.7510350942611694","1.7510350942611694","1.7510350942611694"
"400","15","15","15","1.7417811155319214","1.7417811155319214","1.7417811155319214"
"450","17","17","17","1.7340508699417114","1.7340508699417114","1.7340508699417114"
"500","19","19","19","1.7256311178207397","1.7256311178207397","1.7256311178207397"
"550","21","21","21","1.7281906604766846","1.7281906604766846","1.7281906604766846"
"600","23","23","23","1.7174673080444336","1.7174673080444336","1.7174673080444336"
"650","25","25","25","1.7171019315719604","1.7171019315719604","1.7171019315719604"
"700","27","27","27","1.7126069068908691","1.7126069068908691","1.7126069068908691"
"750","29","29","29","1.709903597831726","1.709903597831726","1.709903597831726"
"800","31","31","31","1.7104109525680542","1.7104109525680542","1.7104109525680542"
"850","33","33","33","1.7034119367599487","1.7034119367599487","1.7034119367599487"
"900","35","35","35","1.7086323499679565","1.7086323499679565","1.7086323499679565"
"950","37","37","37","1.707582950592041","1.707582950592041","1.707582950592041"
"1000","39","39","39","1.705276370048523","1.705276370048523","1.705276370048523"
"1050","41","41","41","1.7000688314437866","1.7000688314437866","1.7000688314437866"
"1100","43","43","43","1.7009642124176025","1.7009642124176025","1.7009642124176025"
"1150","45","45","45","1.697635293006897","1.697635293006897","1.697635293006897"
"1200","47","47","47","1.6999386548995972","1.6999386548995972","1.6999386548995972"
"1250","49","49","49","1.6957029104232788","1.6957029104232788","1.6957029104232788"
"1300","51","51","51","1.6916526556015015","1.6916526556015015","1.6916526556015015"
"1350","53","53","53","1.6890039443969727","1.6890039443969727","1.6890039443969727"
"1400","55","55","55","1.6898643970489502","1.6898643970489502","1.6898643970489502"
"1450","57","57","57","1.691630482673645","1.691630482673645","1.691630482673645"
"1500","59","59","59","1.6857731342315674","1.6857731342315674","1.6857731342315674"
"1550","61","61","61","1.6859605312347412","1.6859605312347412","1.6859605312347412"
"1600","63","63","63","1.6852843761444092","1.6852843761444092","1.6852843761444092"
"1650","65","65","65","1.6868751049041748","1.6868751049041748","1.6868751049041748"
"1700","67","67","67","1.6842572689056396","1.6842572689056396","1.6842572689056396"
"1750","69","69","69","1.683303952217102","1.683303952217102","1.683303952217102"
"1800","71","71","71","1.6838723421096802","1.6838723421096802","1.6838723421096802"
"1850","73","73","73","1.686124324798584","1.686124324798584","1.686124324798584"
"1900","75","75","75","1.683894157409668","1.683894157409668","1.683894157409668"
"1950","77","77","77","1.6825251579284668","1.6825251579284668","1.6825251579284668"
"2000","79","79","79","1.680925726890564","1.680925726890564","1.680925726890564"
"2050","81","81","81","1.6800557374954224","1.6800557374954224","1.6800557374954224"
"2100","83","83","83","1.6786507368087769","1.6786507368087769","1.6786507368087769"
"2150","85","85","85","1.6783943176269531","1.6783943176269531","1.6783943176269531"
"2200","87","87","87","1.6853289604187012","1.6853289604187012","1.6853289604187012"
"2250","89","89","89","1.6862283945083618","1.6862283945083618","1.6862283945083618"
"2300","91","91","91","1.6850690841674805","1.6850690841674805","1.6850690841674805"
"2350","93","93","93","1.6844356060028076","1.6844356060028076","1.6844356060028076"
"2400","95","95","95","1.6829203367233276","1.6829203367233276","1.6829203367233276"
"2450","97","97","97","1.6814508438110352","1.6814508438110352","1.6814508438110352"
"2500","99","99","99","1.6827250719070435","1.6827250719070435","1.6827250719070435"
"2550","101","101","101","1.6836096048355103","1.6836096048355103","1.6836096048355103"
"2600","103","103","103","1.6781997680664062","1.6781997680664062","1.6781997680664062"
"2650","105","105","105","1.6816601753234863","1.6816601753234863","1.6816601753234863"
"2700","107","107","107","1.6806690692901611","1.6806690692901611","1.6806690692901611"
"2750","109","109","109","1.6799863576889038","1.6799863576889038","1.6799863576889038"
"2800","111","111","111","1.6792412996292114","1.6792412996292114","1.6792412996292114"
"2850","113","113","113","1.6771212816238403","1.6771212816238403","1.6771212816238403"
"2900","115","115","115","1.6761629581451416","1.6761629581451416","1.6761629581451416"
"2950","117","117","117","1.6777915954589844","1.6777915954589844","1.6777915954589844"
"3000","119","119","119","1.6780565977096558","1.6780565977096558","1.6780565977096558"
"3050","121","121","121","1.6798906326293945","1.6798906326293945","1.6798906326293945"
"3100","123","123","123","1.6811130046844482","1.6811130046844482","1.6811130046844482"
"3150","125","125","125","1.6814160346984863","1.6814160346984863","1.6814160346984863"
"3200","127","127","127","1.6818841695785522","1.6818841695785522","1.6818841695785522"
"3250","129","129","129","1.6789922714233398","1.6789922714233398","1.6789922714233398"
"3300","131","131","131","1.6807358264923096","1.6807358264923096","1.6807358264923096"
"3350","133","133","133","1.6755409240722656","1.6755409240722656","1.6755409240722656"
"3400","135","135","135","1.6784048080444336","1.6784048080444336","1.6784048080444336"
"3450","137","137","137","1.6767034530639648","1.6767034530639648","1.6767034530639648"
"3500","139","139","139","1.6860123872756958","1.6860123872756958","1.6860123872756958"
"3550","141","141","141","1.6804544925689697","1.6804544925689697","1.6804544925689697"
"3600","143","143","143","1.6825366020202637","1.6825366020202637","1.6825366020202637"
"3650","145","145","145","1.6822443008422852","1.6822443008422852","1.6822443008422852"
"3700","147","147","147","1.6821846961975098","1.6821846961975098","1.6821846961975098"
"3750","149","149","149","1.682204008102417","1.682204008102417","1.682204008102417"
"3800","151","151","151","1.680883526802063","1.680883526802063","1.680883526802063"
"3850","153","153","153","1.6815581321716309","1.6815581321716309","1.6815581321716309"
"3900","155","155","155","1.678044319152832","1.678044319152832","1.678044319152832"
"3950","157","157","157","1.6812456846237183","1.6812456846237183","1.6812456846237183"
"4000","159","159","159","1.6829737424850464","1.6829737424850464","1.6829737424850464"
"4050","161","161","161","1.683160662651062","1.683160662651062","1.683160662651062"
"4100","163","163","163","1.6816133260726929","1.6816133260726929","1.6816133260726929"
"4150","165","165","165","1.6820701360702515","1.6820701360702515","1.6820701360702515"
"4200","167","167","167","1.682080864906311","1.682080864906311","1.682080864906311"
"4250","169","169","169","1.680707573890686","1.680707573890686","1.680707573890686"
"4300","171","171","171","1.6820846796035767","1.6820846796035767","1.6820846796035767"
"4350","173","173","173","1.680890440940857","1.680890440940857","1.680890440940857"
"4400","175","175","175","1.68539559841156","1.68539559841156","1.68539559841156"
"4450","177","177","177","1.6835453510284424","1.6835453510284424","1.6835453510284424"
"4500","179","179","179","1.6850624084472656","1.6850624084472656","1.6850624084472656"
"4550","181","181","181","1.6851718425750732","1.6851718425750732","1.6851718425750732"
"4600","183","183","183","1.6843684911727905","1.6843684911727905","1.6843684911727905"
"4650","185","185","185","1.685161828994751","1.685161828994751","1.685161828994751"
"4700","187","187","187","1.6824830770492554","1.6824830770492554","1.6824830770492554"
"4750","189","189","189","1.6823880672454834","1.6823880672454834","1.6823880672454834"
"4800","191","191","191","1.6859523057937622","1.6859523057937622","1.6859523057937622"
"4850","193","193","193","1.6840351819992065","1.6840351819992065","1.6840351819992065"
"4900","195","195","195","1.684295654296875","1.684295654296875","1.684295654296875"
"4950","197","197","197","1.6840150356292725","1.6840150356292725","1.6840150356292725"
"5000","199","199","199","1.6841983795166016","1.6841983795166016","1.6841983795166016"
"5050","201","201","201","1.685045599937439","1.685045599937439","1.685045599937439"
"5100","203","203","203","1.686746597290039","1.686746597290039","1.686746597290039"
"5150","205","205","205","1.6849446296691895","1.6849446296691895","1.6849446296691895"
"5200","207","207","207","1.6844253540039062","1.6844253540039062","1.6844253540039062"
"5250","209","209","209","1.6889653205871582","1.6889653205871582","1.6889653205871582"
"5300","211","211","211","1.693080186843872","1.693080186843872","1.693080186843872"
"5350","213","213","213","1.687150239944458","1.687150239944458","1.687150239944458"
"5400","215","215","215","1.689339280128479","1.689339280128479","1.689339280128479"
"5450","217","217","217","1.692270278930664","1.692270278930664","1.692270278930664"
"5500","219","219","219","1.6908749341964722","1.6908749341964722","1.6908749341964722"
"5550","221","221","221","1.6862372159957886","1.6862372159957886","1.6862372159957886"
"5600","223","223","223","1.6861518621444702","1.6861518621444702","1.6861518621444702"
"5650","225","225","225","1.6860414743423462","1.6860414743423462","1.6860414743423462"
"5700","227","227","227","1.6948261260986328","1.6948261260986328","1.6948261260986328"
"5750","229","229","229","1.6997531652450562","1.6997531652450562","1.6997531652450562"
"5800","231","231","231","1.6886625289916992","1.6886625289916992","1.6886625289916992"
"5850","233","233","233","1.6956313848495483","1.6956313848495483","1.6956313848495483"
"5900","235","235","235","1.6952811479568481","1.6952811479568481","1.6952811479568481"
"5950","237","237","237","1.687229871749878","1.687229871749878","1.687229871749878"
"6000","239","239","239","1.691796064376831","1.691796064376831","1.691796064376831"
"6050","241","241","241","1.6965948343276978","1.6965948343276978","1.6965948343276978"
"6100","243","243","243","1.6959476470947266","1.6959476470947266","1.6959476470947266"
"6150","245","245","245","1.6919598579406738","1.6919598579406738","1.6919598579406738"
"6200","247","247","247","1.6930245161056519","1.6930245161056519","1.6930245161056519"
"6250","249","249","249","1.6869864463806152","1.6869864463806152","1.6869864463806152"
"6300","251","251","251","1.6935769319534302","1.6935769319534302","1.6935769319534302"
"6350","253","253","253","1.6894640922546387","1.6894640922546387","1.6894640922546387"
"6400","255","255","255","1.6904553174972534","1.6904553174972534","1.6904553174972534"
"6450","257","257","257","1.6915795803070068","1.6915795803070068","1.6915795803070068"
"6500","259","259","259","1.6878401041030884","1.6878401041030884","1.6878401041030884"
"6550","261","261","261","1.7023842334747314","1.7023842334747314","1.7023842334747314"
"6600","263","263","263","1.6996548175811768","1.6996548175811768","1.6996548175811768"
"6650","265","265","265","1.6989752054214478","1.6989752054214478","1.6989752054214478"
"6700","267","267","267","1.698232650756836","1.698232650756836","1.698232650756836"
"6750","269","269","269","1.6953712701797485","1.6953712701797485","1.6953712701797485"
"6800","271","271","271","1.6978031396865845","1.6978031396865845","1.6978031396865845"
"6850","273","273","273","1.6965574026107788","1.6965574026107788","1.6965574026107788"
"6900","275","275","275","1.6942167282104492","1.6942167282104492","1.6942167282104492"
"6950","277","277","277","1.697656512260437","1.697656512260437","1.697656512260437"
"7000","279","279","279","1.7095705270767212","1.7095705270767212","1.7095705270767212"
"7050","281","281","281","1.7065008878707886","1.7065008878707886","1.7065008878707886"
"7100","283","283","283","1.7059859037399292","1.7059859037399292","1.7059859037399292"
"7150","285","285","285","1.7093656063079834","1.7093656063079834","1.7093656063079834"
"7200","287","287","287","1.701176643371582","1.701176643371582","1.701176643371582"
"7250","289","289","289","1.700236439704895","1.700236439704895","1.700236439704895"
"7300","291","291","291","1.7052547931671143","1.7052547931671143","1.7052547931671143"
"7350","293","293","293","1.7063558101654053","1.7063558101654053","1.7063558101654053"
"7400","295","295","295","1.7009111642837524","1.7009111642837524","1.7009111642837524"
"7450","297","297","297","1.7035905122756958","1.7035905122756958","1.7035905122756958"
"7500","299","299","299","1.6963839530944824","1.6963839530944824","1.6963839530944824"
"7550","301","301","301","1.6994667053222656","1.6994667053222656","1.6994667053222656"
"7600","303","303","303","1.698102355003357","1.698102355003357","1.698102355003357"
"7650","305","305","305","1.6992709636688232","1.6992709636688232","1.6992709636688232"
"7700","307","307","307","1.6981083154678345","1.6981083154678345","1.6981083154678345"
"7750","309","309","309","1.6998038291931152","1.6998038291931152","1.6998038291931152"
"7800","311","311","311","1.698146104812622","1.698146104812622","1.698146104812622"
"7850","313","313","313","1.7118327617645264","1.7118327617645264","1.7118327617645264"
"7900","315","315","315","1.7117514610290527","1.7117514610290527","1.7117514610290527"
"7950","317","317","317","1.7076425552368164","1.7076425552368164","1.7076425552368164"
"8000","319","319","319","1.7055859565734863","1.7055859565734863","1.7055859565734863"
"8050","321","321","321","1.703262448310852","1.703262448310852","1.703262448310852"
"8100","323","323","323","1.7068626880645752","1.7068626880645752","1.7068626880645752"
"8150","325","325","325","1.7032397985458374","1.7032397985458374","1.7032397985458374"
"8200","327","327","327","1.7055950164794922","1.7055950164794922","1.7055950164794922"
"8250","329","329","329","1.7059447765350342","1.7059447765350342","1.7059447765350342"
"8300","331","331","331","1.7211263179779053","1.7211263179779053","1.7211263179779053"
"8350","333","333","333","1.7194544076919556","1.7194544076919556","1.7194544076919556"
"8400","335","335","335","1.7150331735610962","1.7150331735610962","1.7150331735610962"
"8450","337","337","337","1.7180895805358887","1.7180895805358887","1.7180895805358887"
"8500","339","339","339","1.717432975769043","1.717432975769043","1.717432975769043"
"8550","341","341","341","1.711482048034668","1.711482048034668","1.711482048034668"
"8600","343","343","343","1.712877631187439","1.712877631187439","1.712877631187439"
"8650","345","345","345","1.7144807577133179","1.7144807577133179","1.7144807577133179"
"8700","347","347","347","1.7118771076202393","1.7118771076202393","1.7118771076202393"
"8750","349","349","349","1.7079347372055054","1.7079347372055054","1.7079347372055054"
"8800","351","351","351","1.709378719329834","1.709378719329834","1.709378719329834"
"8850","353","353","353","1.7117189168930054","1.7117189168930054","1.7117189168930054"
"8900","355","355","355","1.717137098312378","1.717137098312378","1.717137098312378"
"8950","357","357","357","1.7114757299423218","1.7114757299423218","1.7114757299423218"
"9000","359","359","359","1.7082087993621826","1.7082087993621826","1.7082087993621826"
"9050","361","361","361","1.7109225988388062","1.7109225988388062","1.7109225988388062"
"9100","363","363","363","1.7088512182235718","1.7088512182235718","1.7088512182235718"
"9150","365","365","365","1.7194938659667969","1.7194938659667969","1.7194938659667969"
"9200","367","367","367","1.7177791595458984","1.7177791595458984","1.7177791595458984"
"9250","369","369","369","1.71816086769104","1.71816086769104","1.71816086769104"
"9300","371","371","371","1.7229084968566895","1.7229084968566895","1.7229084968566895"
"9350","373","373","373","1.717379093170166","1.717379093170166","1.717379093170166"
"9400","375","375","375","1.716800570487976","1.716800570487976","1.716800570487976"
"9450","377","377","377","1.7141302824020386","1.7141302824020386","1.7141302824020386"
"9500","379","379","379","1.718299388885498","1.718299388885498","1.718299388885498"
"9550","381","381","381","1.717721700668335","1.717721700668335","1.717721700668335"
"9600","383","383","383","1.735012173652649","1.735012173652649","1.735012173652649"
"9650","385","385","385","1.7287989854812622","1.7287989854812622","1.7287989854812622"
"9700","387","387","387","1.723150372505188","1.723150372505188","1.723150372505188"
"9750","389","389","389","1.7279183864593506","1.7279183864593506","1.7279183864593506"
"9800","391","391","391","1.7268632650375366","1.7268632650375366","1.7268632650375366"
"9850","393","393","393","1.7270429134368896","1.7270429134368896","1.7270429134368896"
"9900","395","395","395","1.7287917137145996","1.7287917137145996","1.7287917137145996"
"9950","397","397","397","1.7242941856384277","1.7242941856384277","1.7242941856384277"
"10000","399","399","399","1.722815752029419","1.722815752029419","1.722815752029419"
"10050","401","401","401","1.7325090169906616","1.7325090169906616","1.7325090169906616"
"10100","403","403","403","1.7359633445739746","1.7359633445739746","1.7359633445739746"
"10150","405","405","405","1.731510877609253","1.731510877609253","1.731510877609253"
"10200","407","407","407","1.7268896102905273","1.7268896102905273","1.7268896102905273"
"10250","409","409","409","1.7244857549667358","1.7244857549667358","1.7244857549667358"
"10300","411","411","411","1.7233314514160156","1.7233314514160156","1.7233314514160156"
"10350","413","413","413","1.7224076986312866","1.7224076986312866","1.7224076986312866"
"10400","415","415","415","1.7219668626785278","1.7219668626785278","1.7219668626785278"
"10450","417","417","417","1.7278167009353638","1.7278167009353638","1.7278167009353638"
"10500","419","419","419","1.7270029783248901","1.7270029783248901","1.7270029783248901"
"10550","421","421","421","1.7326496839523315","1.7326496839523315","1.7326496839523315"
"10600","423","423","423","1.7323384284973145","1.7323384284973145","1.7323384284973145"
"10650","425","425","425","1.725320816040039","1.725320816040039","1.725320816040039"
"10700","427","427","427","1.7284096479415894","1.7284096479415894","1.7284096479415894"
"10750","429","429","429","1.7303844690322876","1.7303844690322876","1.7303844690322876"
"10800","431","431","431","1.7269185781478882","1.7269185781478882","1.7269185781478882"
"10850","433","433","433","1.7229870557785034","1.7229870557785034","1.7229870557785034"
"10900","435","435","435","1.737593412399292","1.737593412399292","1.737593412399292"
"10950","437","437","437","1.7442623376846313","1.7442623376846313","1.7442623376846313"
"11000","439","439","439","1.7439748048782349","1.7439748048782349","1.7439748048782349"
"11050","441","441","441","1.7465330362319946","1.7465330362319946","1.7465330362319946"
"11100","443","443","443","1.7385292053222656","1.7385292053222656","1.7385292053222656"
"11150","445","445","445","1.7364273071289062","1.7364273071289062","1.7364273071289062"
"11200","447","447","447","1.7343034744262695","1.7343034744262695","1.7343034744262695"
"11250","449","449","449","1.7406790256500244","1.7406790256500244","1.7406790256500244"
"11300","451","451","451","1.7390031814575195","1.7390031814575195","1.7390031814575195"
"11350","453","453","453","1.7394849061965942","1.7394849061965942","1.7394849061965942"
"11400","455","455","455","1.7452383041381836","1.7452383041381836","1.7452383041381836"
"11450","457","457","457","1.7393471002578735","1.7393471002578735","1.7393471002578735"
"11500","459","459","459","1.7483634948730469","1.7483634948730469","1.7483634948730469"
"11550","461","461","461","1.7413830757141113","1.7413830757141113","1.7413830757141113"
"11600","463","463","463","1.7482233047485352","1.7482233047485352","1.7482233047485352"
"11650","465","465","465","1.7483470439910889","1.7483470439910889","1.7483470439910889"
"11700","467","467","467","1.7402421236038208","1.7402421236038208","1.7402421236038208"
"11750","469","469","469","1.7393804788589478","1.7393804788589478","1.7393804788589478"
"11800","471","471","471","1.7470133304595947","1.7470133304595947","1.7470133304595947"
"11850","473","473","473","1.7352538108825684","1.7352538108825684","1.7352538108825684"
"11900","475","475","475","1.7402880191802979","1.7402880191802979","1.7402880191802979"
"11950","477","477","477","1.7423803806304932","1.7423803806304932","1.7423803806304932"
"12000","479","479","479","1.7348167896270752","1.7348167896270752","1.7348167896270752"
"12050","481","481","481","1.7355738878250122","1.7355738878250122","1.7355738878250122"
"12100","483","483","483","1.7399870157241821","1.7399870157241821","1.7399870157241821"
"12150","485","485","485","1.738890290260315","1.738890290260315","1.738890290260315"
"12200","487","487","487","1.7556301355361938","1.7556301355361938","1.7556301355361938"
"12250","489","489","489","1.7464412450790405","1.7464412450790405","1.7464412450790405"
"12300","491","491","491","1.7516247034072876","1.7516247034072876","1.7516247034072876"
"12350","493","493","493","1.7480671405792236","1.7480671405792236","1.7480671405792236"
"12400","495","495","495","1.7498146295547485","1.7498146295547485","1.7498146295547485"
"12450","497","497","497","1.7551459074020386","1.7551459074020386","1.7551459074020386"
"12500","499","499","499","1.751947283744812","1.751947283744812","1.751947283744812"
"12550","501","501","501","1.7489521503448486","1.7489521503448486","1.7489521503448486"
"12600","503","503","503","1.7701420783996582","1.7701420783996582","1.7701420783996582"
"12650","505","505","505","1.773682951927185","1.773682951927185","1.773682951927185"
"12700","507","507","507","1.759175181388855","1.759175181388855","1.759175181388855"
"12750","509","509","509","1.757848858833313","1.757848858833313","1.757848858833313"
"12800","511","511","511","1.7706313133239746","1.7706313133239746","1.7706313133239746"
"12850","513","513","513","1.7577944993972778","1.7577944993972778","1.7577944993972778"
"12900","515","515","515","1.7569390535354614","1.7569390535354614","1.7569390535354614"
"12950","517","517","517","1.7608988285064697","1.7608988285064697","1.7608988285064697"
"13000","519","519","519","1.7657653093338013","1.7657653093338013","1.7657653093338013"
"13050","521","521","521","1.7544699907302856","1.7544699907302856","1.7544699907302856"
"13100","523","523","523","1.7663335800170898","1.7663335800170898","1.7663335800170898"
"13150","525","525","525","1.7494120597839355","1.7494120597839355","1.7494120597839355"
"13200","527","527","527","1.752586841583252","1.752586841583252","1.752586841583252"
"13250","529","529","529","1.7540026903152466","1.7540026903152466","1.7540026903152466"
"13300","531","531","531","1.7464511394500732","1.7464511394500732","1.7464511394500732"
"13350","533","533","533","1.752017617225647","1.752017617225647","1.752017617225647"
"13400","535","535","535","1.7502248287200928","1.7502248287200928","1.7502248287200928"
"13450","537","537","537","1.7489155530929565","1.7489155530929565","1.7489155530929565"
"13500","539","539","539","1.7644280195236206","1.7644280195236206","1.7644280195236206"
"13550","541","541","541","1.7588964700698853","1.7588964700698853","1.7588964700698853"
"13600","543","543","543","1.7664620876312256","1.7664620876312256","1.7664620876312256"
"13650","545","545","545","1.7695658206939697","1.7695658206939697","1.7695658206939697"
"13700","547","547","547","1.7671540975570679","1.7671540975570679","1.7671540975570679"
"13750","549","549","549","1.7654114961624146","1.7654114961624146","1.7654114961624146"
"13800","551","551","551","1.7709167003631592","1.7709167003631592","1.7709167003631592"
"13850","553","553","553","1.7540897130966187","1.7540897130966187","1.7540897130966187"
"13900","555","555","555","1.7821024656295776","1.7821024656295776","1.7821024656295776"
"13950","557","557","557","1.7921383380889893","1.7921383380889893","1.7921383380889893"
"14000","559","559","559","1.799519419670105","1.799519419670105","1.799519419670105"
"14050","561","561","561","1.7752593755722046","1.7752593755722046","1.7752593755722046"
"14100","563","563","563","1.7942135334014893","1.7942135334014893","1.7942135334014893"
"14150","565","565","565","1.7773886919021606","1.7773886919021606","1.7773886919021606"
"14200","567","567","567","1.7800456285476685","1.7800456285476685","1.7800456285476685"
"14250","569","569","569","1.7741097211837769","1.7741097211837769","1.7741097211837769"
"14300","571","571","571","1.7889108657836914","1.7889108657836914","1.7889108657836914"
"14350","573","573","573","1.7757995128631592","1.7757995128631592","1.7757995128631592"
"14400","575","575","575","1.7703921794891357","1.7703921794891357","1.7703921794891357"
"14450","577","577","577","1.7722316980361938","1.7722316980361938","1.7722316980361938"
"14500","579","579","579","1.7647777795791626","1.7647777795791626","1.7647777795791626"
"14550","581","581","581","1.7808853387832642","1.7808853387832642","1.7808853387832642"
"14600","583","583","583","1.763670563697815","1.763670563697815","1.763670563697815"
"14650","585","585","585","1.7629820108413696","1.7629820108413696","1.7629820108413696"
"14700","587","587","587","1.7622343301773071","1.7622343301773071","1.7622343301773071"
"14750","589","589","589","1.768014907836914","1.768014907836914","1.768014907836914"
"14800","591","591","591","1.7963206768035889","1.7963206768035889","1.7963206768035889"
"14850","593","593","593","1.7861807346343994","1.7861807346343994","1.7861807346343994"
"14900","595","595","595","1.78602135181427","1.78602135181427","1.78602135181427"
"14950","597","597","597","1.7870855331420898","1.7870855331420898","1.7870855331420898"
"15000","599","599","599","1.7706196308135986","1.7706196308135986","1.7706196308135986"
"15050","601","601","601","1.7689393758773804","1.7689393758773804","1.7689393758773804"
"15100","603","603","603","1.7788671255111694","1.7788671255111694","1.7788671255111694"
"15150","605","605","605","1.7747273445129395","1.7747273445129395","1.7747273445129395"
"15200","607","607","607","1.7843157052993774","1.7843157052993774","1.7843157052993774"
"15250","609","609","609","1.8011329174041748","1.8011329174041748","1.8011329174041748"
"15300","611","611","611","1.8086333274841309","1.8086333274841309","1.8086333274841309"
"15350","613","613","613","1.8009252548217773","1.8009252548217773","1.8009252548217773"
"15400","615","615","615","1.809462308883667","1.809462308883667","1.809462308883667"
"15450","617","617","617","1.809382438659668","1.809382438659668","1.809382438659668"
"15500","619","619","619","1.802782416343689","1.802782416343689","1.802782416343689"
"15550","621","621","621","1.7940601110458374","1.7940601110458374","1.7940601110458374"
"15600","623","623","623","1.8070039749145508","1.8070039749145508","1.8070039749145508"
"15650","625","625","625","1.8022173643112183","1.8022173643112183","1.8022173643112183"
"15700","627","627","627","1.794919490814209","1.794919490814209","1.794919490814209"
"15750","629","629","629","1.7934072017669678","1.7934072017669678","1.7934072017669678"
"15800","631","631","631","1.7892076969146729","1.7892076969146729","1.7892076969146729"
"15850","633","633","633","1.789554476737976","1.789554476737976","1.789554476737976"
"15900","635","635","635","1.783216118812561","1.783216118812561","1.783216118812561"
"15950","637","637","637","1.779618501663208","1.779618501663208","1.779618501663208"
"16000","639","639","639","1.7712377309799194","1.7712377309799194","1.7712377309799194"
"16050","641","641","641","1.7767887115478516","1.7767887115478516","1.7767887115478516"
"16100","643","643","643","1.7851396799087524","1.7851396799087524","1.7851396799087524"
"16150","645","645","645","1.7973259687423706","1.7973259687423706","1.7973259687423706"
"16200","647","647","647","1.7931780815124512","1.7931780815124512","1.7931780815124512"
"16250","649","649","649","1.8025373220443726","1.8025373220443726","1.8025373220443726"
"16300","651","651","651","1.8053456544876099","1.8053456544876099","1.8053456544876099"
"16350","653","653","653","1.8001458644866943","1.8001458644866943","1.8001458644866943"
"16400","655","655","655","1.7923616170883179","1.7923616170883179","1.7923616170883179"
"16450","657","657","657","1.7773985862731934","1.7773985862731934","1.7773985862731934"
"16500","659","659","659","1.7849509716033936","1.7849509716033936","1.7849509716033936"
"16550","661","661","661","1.8330601453781128","1.8330601453781128","1.8330601453781128"
"16600","663","663","663","1.812498688697815","1.812498688697815","1.812498688697815"
"16650","665","665","665","1.8218616247177124","1.8218616247177124","1.8218616247177124"
"16700","667","667","667","1.8085905313491821","1.8085905313491821","1.8085905313491821"
"16750","669","669","669","1.8036562204360962","1.8036562204360962","1.8036562204360962"
"16800","671","671","671","1.8076221942901611","1.8076221942901611","1.8076221942901611"
"16850","673","673","673","1.8123618364334106","1.8123618364334106","1.8123618364334106"
"16900","675","675","675","1.8029096126556396","1.8029096126556396","1.8029096126556396"
"16950","677","677","677","1.8165795803070068","1.8165795803070068","1.8165795803070068"
"17000","679","679","679","1.803506851196289","1.803506851196289","1.803506851196289"
"17050","681","681","681","1.8105051517486572","1.8105051517486572","1.8105051517486572"
"17100","683","683","683","1.8005156517028809","1.8005156517028809","1.8005156517028809"
"17150","685","685","685","1.8113740682601929","1.8113740682601929","1.8113740682601929"
"17200","687","687","687","1.8182638883590698","1.8182638883590698","1.8182638883590698"
"17250","689","689","689","1.802404522895813","1.802404522895813","1.802404522895813"
"17300","691","691","691","1.8061703443527222","1.8061703443527222","1.8061703443527222"
"17350","693","693","693","1.7949128150939941","1.7949128150939941","1.7949128150939941"
"17400","695","695","695","1.8134862184524536","1.8134862184524536","1.8134862184524536"
"17450","697","697","697","1.8189892768859863","1.8189892768859863","1.8189892768859863"
"17500","699","699","699","1.8086624145507812","1.8086624145507812","1.8086624145507812"
"17550","701","701","701","1.8099613189697266","1.8099613189697266","1.8099613189697266"
"17600","703","703","703","1.8102121353149414","1.8102121353149414","1.8102121353149414"
"17650","705","705","705","1.804476261138916","1.804476261138916","1.804476261138916"
"17700","707","707","707","1.8023333549499512","1.8023333549499512","1.8023333549499512"
"17750","709","709","709","1.814476490020752","1.814476490020752","1.814476490020752"
"17800","711","711","711","1.800500750541687","1.800500750541687","1.800500750541687"
"17850","713","713","713","1.8149758577346802","1.8149758577346802","1.8149758577346802"
"17900","715","715","715","1.8312909603118896","1.8312909603118896","1.8312909603118896"
"17950","717","717","717","1.8267579078674316","1.8267579078674316","1.8267579078674316"
"18000","719","719","719","1.8305459022521973","1.8305459022521973","1.8305459022521973"
"18050","721","721","721","1.827191948890686","1.827191948890686","1.827191948890686"
"18100","723","723","723","1.8153058290481567","1.8153058290481567","1.8153058290481567"
"18150","725","725","725","1.8287274837493896","1.8287274837493896","1.8287274837493896"
"18200","727","727","727","1.8128715753555298","1.8128715753555298","1.8128715753555298"
"18250","729","729","729","1.8323222398757935","1.8323222398757935","1.8323222398757935"
"18300","731","731","731","1.8387691974639893","1.8387691974639893","1.8387691974639893"
"18350","733","733","733","1.8326412439346313","1.8326412439346313","1.8326412439346313"
"18400","735","735","735","1.8292770385742188","1.8292770385742188","1.8292770385742188"
"18450","737","737","737","1.835277795791626","1.835277795791626","1.835277795791626"
"18500","739","739","739","1.826972246170044","1.826972246170044","1.826972246170044"
"18550","741","741","741","1.846023440361023","1.846023440361023","1.846023440361023"
"18600","743","743","743","1.825731635093689","1.825731635093689","1.825731635093689"
"18650","745","745","745","1.8349565267562866","1.8349565267562866","1.8349565267562866"
"18700","747","747","747","1.8413755893707275","1.8413755893707275","1.8413755893707275"
"18750","749","749","749","1.8296749591827393","1.8296749591827393","1.8296749591827393"
"18800","751","751","751","1.826589584350586","1.826589584350586","1.826589584350586"
"18850","753","753","753","1.8299075365066528","1.8299075365066528","1.8299075365066528"
"18900","755","755","755","1.8334051370620728","1.8334051370620728","1.8334051370620728"
"18950","757","757","757","1.8223921060562134","1.8223921060562134","1.8223921060562134"
"19000","759","759","759","1.829419732093811","1.829419732093811","1.829419732093811"
"19050","761","761","761","1.8239281177520752","1.8239281177520752","1.8239281177520752"
"19100","763","763","763","1.8237909078598022","1.8237909078598022","1.8237909078598022"
"19150","765","765","765","1.8486433029174805","1.8486433029174805","1.8486433029174805"
"19200","767","767","767","1.839773416519165","1.839773416519165","1.839773416519165"
"19250","769","769","769","1.8323854207992554","1.8323854207992554","1.8323854207992554"
"19300","771","771","771","1.8382346630096436","1.8382346630096436","1.8382346630096436"
"19350","773","773","773","1.8237608671188354","1.8237608671188354","1.8237608671188354"
"19400","775","775","775","1.8414584398269653","1.8414584398269653","1.8414584398269653"
"19450","777","777","777","1.835771918296814","1.835771918296814","1.835771918296814"
"19500","779","779","779","1.8258261680603027","1.8258261680603027","1.8258261680603027"
"19550","781","781","781","1.830228328704834","1.830228328704834","1.830228328704834"
"19600","783","783","783","1.8447436094284058","1.8447436094284058","1.8447436094284058"
"19650","785","785","785","1.8706703186035156","1.8706703186035156","1.8706703186035156"
"19700","787","787","787","1.851568341255188","1.851568341255188","1.851568341255188"
"19750","789","789","789","1.8769328594207764","1.8769328594207764","1.8769328594207764"
"19800","791","791","791","1.8431864976882935","1.8431864976882935","1.8431864976882935"
"19850","793","793","793","1.839469313621521","1.839469313621521","1.839469313621521"
"19900","795","795","795","1.8386235237121582","1.8386235237121582","1.8386235237121582"
"19950","797","797","797","1.838619589805603","1.838619589805603","1.838619589805603"
"20000","799","799","799","1.8576916456222534","1.8576916456222534","1.8576916456222534"
"20050","801","801","801","1.8473470211029053","1.8473470211029053","1.8473470211029053"
"20100","803","803","803","1.8522506952285767","1.8522506952285767","1.8522506952285767"
"20150","805","805","805","1.8538135290145874","1.8538135290145874","1.8538135290145874"
"20200","807","807","807","1.8500217199325562","1.8500217199325562","1.8500217199325562"
"20250","809","809","809","1.8399065732955933","1.8399065732955933","1.8399065732955933"
"20300","811","811","811","1.8727151155471802","1.8727151155471802","1.8727151155471802"
"20350","813","813","813","1.826223373413086","1.826223373413086","1.826223373413086"
"20400","815","815","815","1.8416264057159424","1.8416264057159424","1.8416264057159424"
"20450","817","817","817","1.8787147998809814","1.8787147998809814","1.8787147998809814"
"20500","819","819","819","1.854045033454895","1.854045033454895","1.854045033454895"
"20550","821","821","821","1.851965069770813","1.851965069770813","1.851965069770813"
"20600","823","823","823","1.8308396339416504","1.8308396339416504","1.8308396339416504"
"20650","825","825","825","1.8582736253738403","1.8582736253738403","1.8582736253738403"
"20700","827","827","827","1.8547066450119019","1.8547066450119019","1.8547066450119019"
"20750","829","829","829","1.8297011852264404","1.8297011852264404","1.8297011852264404"
"20800","831","831","831","1.8274188041687012","1.8274188041687012","1.8274188041687012"
"20850","833","833","833","1.8524959087371826","1.8524959087371826","1.8524959087371826"
"20900","835","835","835","1.8771885633468628","1.8771885633468628","1.8771885633468628"
"20950","837","837","837","1.870364785194397","1.870364785194397","1.870364785194397"
"21000","839","839","839","1.8964192867279053","1.8964192867279053","1.8964192867279053"
"21050","841","841","841","1.860608696937561","1.860608696937561","1.860608696937561"
"21100","843","843","843","1.8764005899429321","1.8764005899429321","1.8764005899429321"
"21150","845","845","845","1.8669743537902832","1.8669743537902832","1.8669743537902832"
"21200","847","847","847","1.8707067966461182","1.8707067966461182","1.8707067966461182"
"21250","849","849","849","1.8623584508895874","1.8623584508895874","1.8623584508895874"
"21300","851","851","851","1.885884165763855","1.885884165763855","1.885884165763855"
"21350","853","853","853","1.8686175346374512","1.8686175346374512","1.8686175346374512"
"21400","855","855","855","1.876416802406311","1.876416802406311","1.876416802406311"
"21450","857","857","857","1.8607332706451416","1.8607332706451416","1.8607332706451416"
"21500","859","859","859","1.8703309297561646","1.8703309297561646","1.8703309297561646"
"21550","861","861","861","1.8806838989257812","1.8806838989257812","1.8806838989257812"
"21600","863","863","863","1.8661195039749146","1.8661195039749146","1.8661195039749146"
"21650","865","865","865","1.8513973951339722","1.8513973951339722","1.8513973951339722"
"21700","867","867","867","1.851425290107727","1.851425290107727","1.851425290107727"
"21750","869","869","869","1.8647321462631226","1.8647321462631226","1.8647321462631226"
"21800","871","871","871","1.874879240989685","1.874879240989685","1.874879240989685"
"21850","873","873","873","1.8598825931549072","1.8598825931549072","1.8598825931549072"
"21900","875","875","875","1.8773523569107056","1.8773523569107056","1.8773523569107056"
"21950","877","877","877","1.8837416172027588","1.8837416172027588","1.8837416172027588"
"22000","879","879","879","1.8639153242111206","1.8639153242111206","1.8639153242111206"
"22050","881","881","881","1.8668540716171265","1.8668540716171265","1.8668540716171265"
"22100","883","883","883","1.8459001779556274","1.8459001779556274","1.8459001779556274"
"22150","885","885","885","1.872628927230835","1.872628927230835","1.872628927230835"
"22200","887","887","887","1.8846204280853271","1.8846204280853271","1.8846204280853271"
"22250","889","889","889","1.9043446779251099","1.9043446779251099","1.9043446779251099"
"22300","891","891","891","1.9236929416656494","1.9236929416656494","1.9236929416656494"
"22350","893","893","893","1.891946792602539","1.891946792602539","1.891946792602539"
"22400","895","895","895","1.8940306901931763","1.8940306901931763","1.8940306901931763"
"22450","897","897","897","1.8848258256912231","1.8848258256912231","1.8848258256912231"
"22500","899","899","899","1.8792861700057983","1.8792861700057983","1.8792861700057983"
"22550","901","901","901","1.8825421333312988","1.8825421333312988","1.8825421333312988"
"22600","903","903","903","1.893917441368103","1.893917441368103","1.893917441368103"
"22650","905","905","905","1.8978362083435059","1.8978362083435059","1.8978362083435059"
"22700","907","907","907","1.8841454982757568","1.8841454982757568","1.8841454982757568"
"22750","909","909","909","1.8992397785186768","1.8992397785186768","1.8992397785186768"
"22800","911","911","911","1.8785414695739746","1.8785414695739746","1.8785414695739746"
"22850","913","913","913","1.890021800994873","1.890021800994873","1.890021800994873"
"22900","915","915","915","1.8835177421569824","1.8835177421569824","1.8835177421569824"
"22950","917","917","917","1.890965223312378","1.890965223312378","1.890965223312378"
"23000","919","919","919","1.8736857175827026","1.8736857175827026","1.8736857175827026"
"23050","921","921","921","1.8614197969436646","1.8614197969436646","1.8614197969436646"
"23100","923","923","923","1.9003902673721313","1.9003902673721313","1.9003902673721313"
"23150","925","925","925","1.8966137170791626","1.8966137170791626","1.8966137170791626"
"23200","927","927","927","1.8663990497589111","1.8663990497589111","1.8663990497589111"
"23250","929","929","929","1.880620002746582","1.880620002746582","1.880620002746582"
"23300","931","931","931","1.8841116428375244","1.8841116428375244","1.8841116428375244"
"23350","933","933","933","1.885102391242981","1.885102391242981","1.885102391242981"
"23400","935","935","935","1.8877506256103516","1.8877506256103516","1.8877506256103516"
"23450","937","937","937","1.8812235593795776","1.8812235593795776","1.8812235593795776"
"23500","939","939","939","1.9250367879867554","1.9250367879867554","1.9250367879867554"
"23550","941","941","941","1.899660587310791","1.899660587310791","1.899660587310791"
"23600","943","943","943","1.9049439430236816","1.9049439430236816","1.9049439430236816"
"23650","945","945","945","1.9395496845245361","1.9395496845245361","1.9395496845245361"
"23700","947","947","947","1.9024473428726196","1.9024473428726196","1.9024473428726196"
"23750","949","949","949","1.8969218730926514","1.8969218730926514","1.8969218730926514"
"23800","951","951","951","1.9304766654968262","1.9304766654968262","1.9304766654968262"
"23850","953","953","953","1.9080204963684082","1.9080204963684082","1.9080204963684082"
"23900","955","955","955","1.9377326965332031","1.9377326965332031","1.9377326965332031"
"23950","957","957","957","1.9032684564590454","1.9032684564590454","1.9032684564590454"
"24000","959","959","959","1.9274091720581055","1.9274091720581055","1.9274091720581055"
"24050","961","961","961","1.9069510698318481","1.9069510698318481","1.9069510698318481"
"24100","963","963","963","1.9059815406799316","1.9059815406799316","1.9059815406799316"
"24150","965","965","965","1.8891876935958862","1.8891876935958862","1.8891876935958862"
"24200","967","967","967","1.9055458307266235","1.9055458307266235","1.9055458307266235"
"24250","969","969","969","1.897281289100647","1.897281289100647","1.897281289100647"
"24300","971","971","971","1.902004361152649","1.902004361152649","1.902004361152649"
"24350","973","973","973","1.9359562397003174","1.9359562397003174","1.9359562397003174"
"24400","975","975","975","1.9043642282485962","1.9043642282485962","1.9043642282485962"
"24450","977","977","977","1.9005733728408813","1.9005733728408813","1.9005733728408813"
"24500","979","979","979","1.8915880918502808","1.8915880918502808","1.8915880918502808"
"24550","981","981","981","1.9032636880874634","1.9032636880874634","1.9032636880874634"
"24600","983","983","983","1.9016224145889282","1.9016224145889282","1.9016224145889282"
"24650","985","985","985","1.888810396194458","1.888810396194458","1.888810396194458"
"24700","987","987","987","1.9004844427108765","1.9004844427108765","1.9004844427108765"
"24750","989","989","989","1.861830472946167","1.861830472946167","1.861830472946167"
"24800","991","991","991","1.9192229509353638","1.9192229509353638","1.9192229509353638"
"24850","993","993","993","1.9312293529510498","1.9312293529510498","1.9312293529510498"
"24900","995","995","995","1.9039809703826904","1.9039809703826904","1.9039809703826904"
"24950","997","997","997","1.897873044013977","1.897873044013977","1.897873044013977"
"25000","999","999","999","1.9112457036972046","1.9112457036972046","1.9112457036972046"
"25050","1001","1001","1001","1.9107413291931152","1.9107413291931152","1.9107413291931152"
"25100","1003","1003","1003","1.8887958526611328","1.8887958526611328","1.8887958526611328"
"25150","1005","1005","1005","1.9159502983093262","1.9159502983093262","1.9159502983093262"
"25200","1007","1007","1007","1.9572042226791382","1.9572042226791382","1.9572042226791382"
"25250","1009","1009","1009","1.9457610845565796","1.9457610845565796","1.9457610845565796"
"25300","1011","1011","1011","1.939509391784668","1.939509391784668","1.939509391784668"
"25350","1013","1013","1013","1.934768557548523","1.934768557548523","1.934768557548523"
"25400","1015","1015","1015","1.9192935228347778","1.9192935228347778","1.9192935228347778"
"25450","1017","1017","1017","1.9368658065795898","1.9368658065795898","1.9368658065795898"
"25500","1019","1019","1019","1.9341319799423218","1.9341319799423218","1.9341319799423218"
"25550","1021","1021","1021","1.9331356287002563","1.9331356287002563","1.9331356287002563"
"25600","1023","1023","1023","1.9059535264968872","1.9059535264968872","1.9059535264968872"
"25650","1025","1025","1025","1.9133459329605103","1.9133459329605103","1.9133459329605103"
"25700","1027","1027","1027","1.9202808141708374","1.9202808141708374","1.9202808141708374"
"25750","1029","1029","1029","1.9102922677993774","1.9102922677993774","1.9102922677993774"
"25800","1031","1031","1031","1.9279769659042358","1.9279769659042358","1.9279769659042358"
"25850","1033","1033","1033","1.9174209833145142","1.9174209833145142","1.9174209833145142"
"25900","1035","1035","1035","1.9118696451187134","1.9118696451187134","1.9118696451187134"
"25950","1037","1037","1037","1.9179329872131348","1.9179329872131348","1.9179329872131348"
"26000","1039","1039","1039","1.9171936511993408","1.9171936511993408","1.9171936511993408"
"26050","1041","1041","1041","1.8940778970718384","1.8940778970718384","1.8940778970718384"
"26100","1043","1043","1043","1.9287149906158447","1.9287149906158447","1.9287149906158447"
"26150","1045","1045","1045","1.9273099899291992","1.9273099899291992","1.9273099899291992"
"26200","1047","1047","1047","1.9162991046905518","1.9162991046905518","1.9162991046905518"
"26250","1049","1049","1049","1.9357585906982422","1.9357585906982422","1.9357585906982422"
"26300","1051","1051","1051","1.9174867868423462","1.9174867868423462","1.9174867868423462"
"26350","1053","1053","1053","1.9104801416397095","1.9104801416397095","1.9104801416397095"
"26400","1055","1055","1055","1.9115610122680664","1.9115610122680664","1.9115610122680664"
"26450","1057","1057","1057","1.906335711479187","1.906335711479187","1.906335711479187"
"26500","1059","1059","1059","1.9629292488098145","1.9629292488098145","1.9629292488098145"
"26550","1061","1061","1061","1.9495409727096558","1.9495409727096558","1.9495409727096558"
"26600","1063","1063","1063","1.9613754749298096","1.9613754749298096","1.9613754749298096"
"26650","1065","1065","1065","1.9250880479812622","1.9250880479812622","1.9250880479812622"
"26700","1067","1067","1067","1.9545927047729492","1.9545927047729492","1.9545927047729492"
"26750","1069","1069","1069","1.9510555267333984","1.9510555267333984","1.9510555267333984"
"26800","1071","1071","1071","1.9549355506896973","1.9549355506896973","1.9549355506896973"
"26850","1073","1073","1073","1.941749095916748","1.941749095916748","1.941749095916748"
"26900","1075","1075","1075","1.9338401556015015","1.9338401556015015","1.9338401556015015"
"26950","1077","1077","1077","1.9667129516601562","1.9667129516601562","1.9667129516601562"
"27000","1079","1079","1079","1.9485443830490112","1.9485443830490112","1.9485443830490112"
"27050","1081","1081","1081","1.953097939491272","1.953097939491272","1.953097939491272"
"27100","1083","1083","1083","1.932740569114685","1.932740569114685","1.932740569114685"
"27150","1085","1085","1085","1.9453649520874023","1.9453649520874023","1.9453649520874023"
"27200","1087","1087","1087","1.9291062355041504","1.9291062355041504","1.9291062355041504"
"27250","1089","1089","1089","1.945828914642334","1.945828914642334","1.945828914642334"
"27300","1091","1091","1091","1.9427467584609985","1.9427467584609985","1.9427467584609985"
"27350","1093","1093","1093","1.9080724716186523","1.9080724716186523","1.9080724716186523"
"27400","1095","1095","1095","1.9490970373153687","1.9490970373153687","1.9490970373153687"
"27450","1097","1097","1097","1.9297575950622559","1.9297575950622559","1.9297575950622559"
"27500","1099","1099","1099","1.9348920583724976","1.9348920583724976","1.9348920583724976"
"27550","1101","1101","1101","1.9404195547103882","1.9404195547103882","1.9404195547103882"
"27600","1103","1103","1103","1.9158345460891724","1.9158345460891724","1.9158345460891724"
"27650","1105","1105","1105","1.9166496992111206","1.9166496992111206","1.9166496992111206"
"27700","1107","1107","1107","1.91636061668396","1.91636061668396","1.91636061668396"
"27750","1109","1109","1109","1.9086337089538574","1.9086337089538574","1.9086337089538574"
"27800","1111","1111","1111","1.991883635520935","1.991883635520935","1.991883635520935"
"27850","1113","1113","1113","1.943777322769165","1.943777322769165","1.943777322769165"
"27900","1115","1115","1115","1.9621750116348267","1.9621750116348267","1.9621750116348267"
"27950","1117","1117","1117","1.9575176239013672","1.9575176239013672","1.9575176239013672"
"28000","1119","1119","1119","1.9332468509674072","1.9332468509674072","1.9332468509674072"
"28050","1121","1121","1121","1.9671307802200317","1.9671307802200317","1.9671307802200317"
"28100","1123","1123","1123","1.939760684967041","1.939760684967041","1.939760684967041"
"28150","1125","1125","1125","1.9363552331924438","1.9363552331924438","1.9363552331924438"
"28200","1127","1127","1127","1.9667706489562988","1.9667706489562988","1.9667706489562988"
"28250","1129","1129","1129","1.975967288017273","1.975967288017273","1.975967288017273"
"28300","1131","1131","1131","1.9836370944976807","1.9836370944976807","1.9836370944976807"
"28350","1133","1133","1133","1.968001127243042","1.968001127243042","1.968001127243042"
"28400","1135","1135","1135","1.9629473686218262","1.9629473686218262","1.9629473686218262"
"28450","1137","1137","1137","1.9721169471740723","1.9721169471740723","1.9721169471740723"
"28500","1139","1139","1139","1.9613277912139893","1.9613277912139893","1.9613277912139893"
"28550","1141","1141","1141","1.9825589656829834","1.9825589656829834","1.9825589656829834"
"28600","1143","1143","1143","1.9506384134292603","1.9506384134292603","1.9506384134292603"
"28650","1145","1145","1145","1.942071795463562","1.942071795463562","1.942071795463562"
"28700","1147","1147","1147","1.962354063987732","1.962354063987732","1.962354063987732"
"28750","1149","1149","1149","1.954971432685852","1.954971432685852","1.954971432685852"
"28800","1151","1151","1151","1.9461925029754639","1.9461925029754639","1.9461925029754639"
"28850","1153","1153","1153","1.951933741569519","1.951933741569519","1.951933741569519"
"28900","1155","1155","1155","1.9274845123291016","1.9274845123291016","1.9274845123291016"
"28950","1157","1157","1157","1.9504904747009277","1.9504904747009277","1.9504904747009277"
"29000","1159","1159","1159","1.941057801246643","1.941057801246643","1.941057801246643"
"29050","1161","1161","1161","1.9357014894485474","1.9357014894485474","1.9357014894485474"
"29100","1163","1163","1163","1.9424599409103394","1.9424599409103394","1.9424599409103394"
"29150","1165","1165","1165","1.9606702327728271","1.9606702327728271","1.9606702327728271"
"29200","1167","1167","1167","1.9817514419555664","1.9817514419555664","1.9817514419555664"
"29250","1169","1169","1169","1.9896525144577026","1.9896525144577026","1.9896525144577026"
"29300","1171","1171","1171","1.974724292755127","1.974724292755127","1.974724292755127"
"29350","1173","1173","1173","1.9403996467590332","1.9403996467590332","1.9403996467590332"
"29400","1175","1175","1175","1.9655401706695557","1.9655401706695557","1.9655401706695557"
"29450","1177","1177","1177","1.951372504234314","1.951372504234314","1.951372504234314"
"29500","1179","1179","1179","1.989058256149292","1.989058256149292","1.989058256149292"
"29550","1181","1181","1181","2.035301923751831","2.035301923751831","2.035301923751831"
"29600","1183","1183","1183","2.047395944595337","2.047395944595337","2.047395944595337"
"29650","1185","1185","1185","1.992235541343689","1.992235541343689","1.992235541343689"
"29700","1187","1187","1187","2.0061216354370117","2.0061216354370117","2.0061216354370117"
"29750","1189","1189","1189","2.023444414138794","2.023444414138794","2.023444414138794"
"29800","1191","1191","1191","2.015859365463257","2.015859365463257","2.015859365463257"
"29850","1193","1193","1193","2.009836196899414","2.009836196899414","2.009836196899414"
"29900","1195","1195","1195","1.9727104902267456","1.9727104902267456","1.9727104902267456"
"29950","1197","1197","1197","1.9604928493499756","1.9604928493499756","1.9604928493499756"
"30000","1199","1199","1199","1.95969557762146","1.95969557762146","1.95969557762146"
"30050","1201","1201","1201","1.9845941066741943","1.9845941066741943","1.9845941066741943"
"30100","1203","1203","1203","1.936558485031128","1.936558485031128","1.936558485031128"
"30150","1205","1205","1205","1.957939863204956","1.957939863204956","1.957939863204956"
"30200","1207","1207","1207","1.9693480730056763","1.9693480730056763","1.9693480730056763"
"30250","1209","1209","1209","1.9641201496124268","1.9641201496124268","1.9641201496124268"
"30300","1211","1211","1211","1.95826256275177","1.95826256275177","1.95826256275177"
"30350","1213","1213","1213","1.9597960710525513","1.9597960710525513","1.9597960710525513"
"30400","1215","1215","1215","1.9675780534744263","1.9675780534744263","1.9675780534744263"
"30450","1217","1217","1217","1.9674125909805298","1.9674125909805298","1.9674125909805298"
"30500","1219","1219","1219","1.9902204275131226","1.9902204275131226","1.9902204275131226"
"30550","1221","1221","1221","1.9744079113006592","1.9744079113006592","1.9744079113006592"
"30600","1223","1223","1223","2.0040550231933594","2.0040550231933594","2.0040550231933594"
"30650","1225","1225","1225","1.9833999872207642","1.9833999872207642","1.9833999872207642"
"30700","1227","1227","1227","1.9665110111236572","1.9665110111236572","1.9665110111236572"
"30750","1229","1229","1229","1.9728586673736572","1.9728586673736572","1.9728586673736572"
"30800","1231","1231","1231","1.9719654321670532","1.9719654321670532","1.9719654321670532"
"30850","1233","1233","1233","2.030769109725952","2.030769109725952","2.030769109725952"
"30900","1235","1235","1235","2.0279598236083984","2.0279598236083984","2.0279598236083984"
"30950","1237","1237","1237","2.0218021869659424","2.0218021869659424","2.0218021869659424"
"31000","1239","1239","1239","2.0455322265625","2.0455322265625","2.0455322265625"
"31050","1241","1241","1241","2.0508623123168945","2.0508623123168945","2.0508623123168945"
"31100","1243","1243","1243","2.041400194168091","2.041400194168091","2.041400194168091"
"31150","1245","1245","1245","2.0044496059417725","2.0044496059417725","2.0044496059417725"
"31200","1247","1247","1247","2.0228893756866455","2.0228893756866455","2.0228893756866455"
"31250","1249","1249","1249","2.014892339706421","2.014892339706421","2.014892339706421"
"31300","1251","1251","1251","1.9865248203277588","1.9865248203277588","1.9865248203277588"
"31350","1253","1253","1253","1.980040431022644","1.980040431022644","1.980040431022644"
"31400","1255","1255","1255","1.9634475708007812","1.9634475708007812","1.9634475708007812"
"31450","1257","1257","1257","1.983946442604065","1.983946442604065","1.983946442604065"
"31500","1259","1259","1259","1.9635367393493652","1.9635367393493652","1.9635367393493652"
"31550","1261","1261","1261","1.9616758823394775","1.9616758823394775","1.9616758823394775"
"31600","1263","1263","1263","1.971001386642456","1.971001386642456","1.971001386642456"
"31650","1265","1265","1265","1.982362151145935","1.982362151145935","1.982362151145935"
"31700","1267","1267","1267","1.9486726522445679","1.9486726522445679","1.9486726522445679"
"31750","1269","1269","1269","2.013005495071411","2.013005495071411","2.013005495071411"
"31800","1271","1271","1271","1.990929126739502","1.990929126739502","1.990929126739502"
"31850","1273","1273","1273","1.9753029346466064","1.9753029346466064","1.9753029346466064"
"31900","1275","1275","1275","1.9838271141052246","1.9838271141052246","1.9838271141052246"
"31950","1277","1277","1277","2.004744529724121","2.004744529724121","2.004744529724121"
"32000","1279","1279","1279","1.9891986846923828","1.9891986846923828","1.9891986846923828"
"32050","1281","1281","1281","1.985683560371399","1.985683560371399","1.985683560371399"
"32100","1283","1283","1283","1.9702728986740112","1.9702728986740112","1.9702728986740112"
"32150","1285","1285","1285","2.05621600151062","2.05621600151062","2.05621600151062"
"32200","1287","1287","1287","2.028830051422119","2.028830051422119","2.028830051422119"
"32250","1289","1289","1289","2.0270140171051025","2.0270140171051025","2.0270140171051025"
"32300","1291","1291","1291","2.0438313484191895","2.0438313484191895","2.0438313484191895"
"32350","1293","1293","1293","2.0344090461730957","2.0344090461730957","2.0344090461730957"
"32400","1295","1295","1295","2.0616238117218018","2.0616238117218018","2.0616238117218018"
"32450","1297","1297","1297","2.046546220779419","2.046546220779419","2.046546220779419"
"32500","1299","1299","1299","2.031482696533203","2.031482696533203","2.031482696533203"
"32550","1301","1301","1301","1.9891384840011597","1.9891384840011597","1.9891384840011597"
"32600","1303","1303","1303","2.0084705352783203","2.0084705352783203","2.0084705352783203"
"32650","1305","1305","1305","1.9989649057388306","1.9989649057388306","1.9989649057388306"
"32700","1307","1307","1307","2.00140643119812","2.00140643119812","2.00140643119812"
"32750","1309","1309","1309","2.0210087299346924","2.0210087299346924","2.0210087299346924"
"32800","1311","1311","1311","2.014206647872925","2.014206647872925","2.014206647872925"
"32850","1313","1313","1313","2.0175163745880127","2.0175163745880127","2.0175163745880127"
"32900","1315","1315","1315","1.9804271459579468","1.9804271459579468","1.9804271459579468"
"32950","1317","1317","1317","1.9972784519195557","1.9972784519195557","1.9972784519195557"
"33000","1319","1319","1319","1.9639884233474731","1.9639884233474731","1.9639884233474731"
"33050","1321","1321","1321","2.014749526977539","2.014749526977539","2.014749526977539"
"33100","1323","1323","1323","1.997544527053833","1.997544527053833","1.997544527053833"
"33150","1325","1325","1325","1.9760947227478027","1.9760947227478027","1.9760947227478027"
"33200","1327","1327","1327","1.983449935913086","1.983449935913086","1.983449935913086"
"33250","1329","1329","1329","1.9951608180999756","1.9951608180999756","1.9951608180999756"
"33300","1331","1331","1331","1.971061110496521","1.971061110496521","1.971061110496521"
"33350","1333","1333","1333","1.995339035987854","1.995339035987854","1.995339035987854"
"33400","1335","1335","1335","1.9753806591033936","1.9753806591033936","1.9753806591033936"
"33450","1337","1337","1337","2.045576572418213","2.045576572418213","2.045576572418213"
"33500","1339","1339","1339","2.0715396404266357","2.0715396404266357","2.0715396404266357"
"33550","1341","1341","1341","2.064375638961792","2.064375638961792","2.064375638961792"
"33600","1343","1343","1343","2.049783229827881","2.049783229827881","2.049783229827881"
"33650","1345","1345","1345","2.02872896194458","2.02872896194458","2.02872896194458"
"33700","1347","1347","1347","2.0570566654205322","2.0570566654205322","2.0570566654205322"
"33750","1349","1349","1349","2.025059700012207","2.025059700012207","2.025059700012207"
"33800","1351","1351","1351","2.009314775466919","2.009314775466919","2.009314775466919"
"33850","1353","1353","1353","2.0389108657836914","2.0389108657836914","2.0389108657836914"
"33900","1355","1355","1355","2.0034995079040527","2.0034995079040527","2.0034995079040527"
"33950","1357","1357","1357","2.056279420852661","2.056279420852661","2.056279420852661"
"34000","1359","1359","1359","2.0519871711730957","2.0519871711730957","2.0519871711730957"
"34050","1361","1361","1361","2.0003042221069336","2.0003042221069336","2.0003042221069336"
"34100","1363","1363","1363","2.0344748497009277","2.0344748497009277","2.0344748497009277"
"34150","1365","1365","1365","2.0110023021698","2.0110023021698","2.0110023021698"
"34200","1367","1367","1367","2.00774884223938","2.00774884223938","2.00774884223938"
"34250","1369","1369","1369","2.017887830734253","2.017887830734253","2.017887830734253"
"34300","1371","1371","1371","1.9721509218215942","1.9721509218215942","1.9721509218215942"
"34350","1373","1373","1373","2.0166730880737305","2.0166730880737305","2.0166730880737305"
"34400","1375","1375","1375","1.9980696439743042","1.9980696439743042","1.9980696439743042"
"34450","1377","1377","1377","1.9959126710891724","1.9959126710891724","1.9959126710891724"
"34500","1379","1379","1379","2.005201816558838","2.005201816558838","2.005201816558838"
"34550","1381","1381","1381","1.9780791997909546","1.9780791997909546","1.9780791997909546"
"34600","1383","1383","1383","2.0151994228363037","2.0151994228363037","2.0151994228363037"
"34650","1385","1385","1385","2.004469394683838","2.004469394683838","2.004469394683838"
"34700","1387","1387","1387","1.989755392074585","1.989755392074585","1.989755392074585"
"34750","1389","1389","1389","2.0895285606384277","2.0895285606384277","2.0895285606384277"
"34800","1391","1391","1391","2.0263264179229736","2.0263264179229736","2.0263264179229736"
"34850","1393","1393","1393","2.057816982269287","2.057816982269287","2.057816982269287"
"34900","1395","1395","1395","2.0539541244506836","2.0539541244506836","2.0539541244506836"
"34950","1397","1397","1397","2.010920524597168","2.010920524597168","2.010920524597168"
"35000","1399","1399","1399","2.053642988204956","2.053642988204956","2.053642988204956"
"35050","1401","1401","1401","2.007033348083496","2.007033348083496","2.007033348083496"
"35100","1403","1403","1403","2.032073736190796","2.032073736190796","2.032073736190796"
"35150","1405","1405","1405","2.068777322769165","2.068777322769165","2.068777322769165"
"35200","1407","1407","1407","2.0691187381744385","2.0691187381744385","2.0691187381744385"
"35250","1409","1409","1409","2.0676519870758057","2.0676519870758057","2.0676519870758057"
"35300","1411","1411","1411","2.052520513534546","2.052520513534546","2.052520513534546"
"35350","1413","1413","1413","2.0933260917663574","2.0933260917663574","2.0933260917663574"
"35400","1415","1415","1415","2.063044309616089","2.063044309616089","2.063044309616089"
"35450","1417","1417","1417","2.044715404510498","2.044715404510498","2.044715404510498"
"35500","1419","1419","1419","2.06034255027771","2.06034255027771","2.06034255027771"
"35550","1421","1421","1421","2.037961006164551","2.037961006164551","2.037961006164551"
"35600","1423","1423","1423","1.983468770980835","1.983468770980835","1.983468770980835"
"35650","1425","1425","1425","2.016883134841919","2.016883134841919","2.016883134841919"
"35700","1427","1427","1427","2.042642593383789","2.042642593383789","2.042642593383789"
"35750","1429","1429","1429","2.017287492752075","2.017287492752075","2.017287492752075"
"35800","1431","1431","1431","2.0227088928222656","2.0227088928222656","2.0227088928222656"
"35850","1433","1433","1433","2.014878034591675","2.014878034591675","2.014878034591675"
"35900","1435","1435","1435","2.012600898742676","2.012600898742676","2.012600898742676"
"35950","1437","1437","1437","1.9973419904708862","1.9973419904708862","1.9973419904708862"
"36000","1439","1439","1439","2.004038095474243","2.004038095474243","2.004038095474243"
"36050","1441","1441","1441","2.0866827964782715","2.0866827964782715","2.0866827964782715"
"36100","1443","1443","1443","2.0526576042175293","2.0526576042175293","2.0526576042175293"
"36150","1445","1445","1445","2.037395477294922","2.037395477294922","2.037395477294922"
"36200","1447","1447","1447","2.035181999206543","2.035181999206543","2.035181999206543"
"36250","1449","1449","1449","2.030996084213257","2.030996084213257","2.030996084213257"
"36300","1451","1451","1451","2.0009608268737793","2.0009608268737793","2.0009608268737793"
"36350","1453","1453","1453","2.0317764282226562","2.0317764282226562","2.0317764282226562"
"36400","1455","1455","1455","2.0547685623168945","2.0547685623168945","2.0547685623168945"
"36450","1457","1457","1457","2.0368614196777344","2.0368614196777344","2.0368614196777344"
"36500","1459","1459","1459","2.1012508869171143","2.1012508869171143","2.1012508869171143"
"36550","1461","1461","1461","2.0932180881500244","2.0932180881500244","2.0932180881500244"
"36600","1463","1463","1463","2.0983996391296387","2.0983996391296387","2.0983996391296387"
"36650","1465","1465","1465","2.101553440093994","2.101553440093994","2.101553440093994"
"36700","1467","1467","1467","2.081401824951172","2.081401824951172","2.081401824951172"
"36750","1469","1469","1469","2.083136558532715","2.083136558532715","2.083136558532715"
"36800","1471","1471","1471","2.102466106414795","2.102466106414795","2.102466106414795"
"36850","1473","1473","1473","2.0873422622680664","2.0873422622680664","2.0873422622680664"
"36900","1475","1475","1475","2.04390549659729","2.04390549659729","2.04390549659729"
"36950","1477","1477","1477","2.034752130508423","2.034752130508423","2.034752130508423"
"37000","1479","1479","1479","2.0528998374938965","2.0528998374938965","2.0528998374938965"
"37050","1481","1481","1481","2.0296788215637207","2.0296788215637207","2.0296788215637207"
"37100","1483","1483","1483","2.0608365535736084","2.0608365535736084","2.0608365535736084"
"37150","1485","1485","1485","2.0329813957214355","2.0329813957214355","2.0329813957214355"
"37200","1487","1487","1487","2.035226583480835","2.035226583480835","2.035226583480835"
"37250","1489","1489","1489","2.0235002040863037","2.0235002040863037","2.0235002040863037"
"37300","1491","1491","1491","2.0270984172821045","2.0270984172821045","2.0270984172821045"
"37350","1493","1493","1493","2.052492141723633","2.052492141723633","2.052492141723633"
"37400","1495","1495","1495","2.0484180450439453","2.0484180450439453","2.0484180450439453"
"37450","1497","1497","1497","2.0591835975646973","2.0591835975646973","2.0591835975646973"
"37500","1499","1499","1499","2.0459108352661133","2.0459108352661133","2.0459108352661133"
"37550","1501","1501","1501","2.0819616317749023","2.0819616317749023","2.0819616317749023"
"37600","1503","1503","1503","2.060203790664673","2.060203790664673","2.060203790664673"
"37650","1505","1505","1505","2.0628998279571533","2.0628998279571533","2.0628998279571533"
"37700","1507","1507","1507","2.0656332969665527","2.0656332969665527","2.0656332969665527"
"37750","1509","1509","1509","2.0409278869628906","2.0409278869628906","2.0409278869628906"
"37800","1511","1511","1511","2.141923427581787","2.141923427581787","2.141923427581787"
"37850","1513","1513","1513","2.1226587295532227","2.1226587295532227","2.1226587295532227"
"37900","1515","1515","1515","2.1018736362457275","2.1018736362457275","2.1018736362457275"
"37950","1517","1517","1517","2.140836000442505","2.140836000442505","2.140836000442505"
"38000","1519","1519","1519","2.124762535095215","2.124762535095215","2.124762535095215"
"38050","1521","1521","1521","2.146733045578003","2.146733045578003","2.146733045578003"
"38100","1523","1523","1523","2.0991532802581787","2.0991532802581787","2.0991532802581787"
"38150","1525","1525","1525","2.1616225242614746","2.1616225242614746","2.1616225242614746"
"38200","1527","1527","1527","2.0853960514068604","2.0853960514068604","2.0853960514068604"
"38250","1529","1529","1529","2.040489912033081","2.040489912033081","2.040489912033081"
"38300","1531","1531","1531","2.0477001667022705","2.0477001667022705","2.0477001667022705"
"38350","1533","1533","1533","2.047534942626953","2.047534942626953","2.047534942626953"
"38400","1535","1535","1535","2.0232505798339844","2.0232505798339844","2.0232505798339844"
"38450","1537","1537","1537","2.0258562564849854","2.0258562564849854","2.0258562564849854"
"38500","1539","1539","1539","2.031120538711548","2.031120538711548","2.031120538711548"
"38550","1541","1541","1541","2.030942678451538","2.030942678451538","2.030942678451538"
"38600","1543","1543","1543","2.0182650089263916","2.0182650089263916","2.0182650089263916"
"38650","1545","1545","1545","2.020420551300049","2.020420551300049","2.020420551300049"
"38700","1547","1547","1547","2.1230647563934326","2.1230647563934326","2.1230647563934326"
"38750","1549","1549","1549","2.062408208847046","2.062408208847046","2.062408208847046"
"38800","1551","1551","1551","2.0739059448242188","2.0739059448242188","2.0739059448242188"
"38850","1553","1553","1553","2.050722122192383","2.050722122192383","2.050722122192383"
"38900","1555","1555","1555","2.048752784729004","2.048752784729004","2.048752784729004"
"38950","1557","1557","1557","2.0730433464050293","2.0730433464050293","2.0730433464050293"
"39000","1559","1559","1559","2.051265001296997","2.051265001296997","2.051265001296997"
"39050","1561","1561","1561","2.0962231159210205","2.0962231159210205","2.0962231159210205"
"39100","1563","1563","1563","2.1652050018310547","2.1652050018310547","2.1652050018310547"
"39150","1565","1565","1565","2.1726510524749756","2.1726510524749756","2.1726510524749756"
"39200","1567","1567","1567","2.1898880004882812","2.1898880004882812","2.1898880004882812"
"39250","1569","1569","1569","2.1267900466918945","2.1267900466918945","2.1267900466918945"
"39300","1571","1571","1571","2.144094944000244","2.144094944000244","2.144094944000244"
"39350","1573","1573","1573","2.13295578956604","2.13295578956604","2.13295578956604"
"39400","1575","1575","1575","2.1479742527008057","2.1479742527008057","2.1479742527008057"
"39450","1577","1577","1577","2.1298556327819824","2.1298556327819824","2.1298556327819824"
"39500","1579","1579","1579","2.1168088912963867","2.1168088912963867","2.1168088912963867"
"39550","1581","1581","1581","2.0780205726623535","2.0780205726623535","2.0780205726623535"
"39600","1583","1583","1583","2.0693273544311523","2.0693273544311523","2.0693273544311523"
"39650","1585","1585","1585","2.0528435707092285","2.0528435707092285","2.0528435707092285"
"39700","1587","1587","1587","2.0612287521362305","2.0612287521362305","2.0612287521362305"
"39750","1589","1589","1589","2.0353989601135254","2.0353989601135254","2.0353989601135254"
"39800","1591","1591","1591","2.0448920726776123","2.0448920726776123","2.0448920726776123"
"39850","1593","1593","1593","2.0933258533477783","2.0933258533477783","2.0933258533477783"
"39900","1595","1595","1595","2.0133378505706787","2.0133378505706787","2.0133378505706787"
"39950","1597","1597","1597","2.029599189758301","2.029599189758301","2.029599189758301"
"40000","1599","1599","1599","2.124678134918213","2.124678134918213","2.124678134918213"
"40050","1601","1601","1601","2.0849621295928955","2.0849621295928955","2.0849621295928955"
"40100","1603","1603","1603","2.1118850708007812","2.1118850708007812","2.1118850708007812"
"40150","1605","1605","1605","2.085806369781494","2.085806369781494","2.085806369781494"
"40200","1607","1607","1607","2.066706895828247","2.066706895828247","2.066706895828247"
"40250","1609","1609","1609","2.055762767791748","2.055762767791748","2.055762767791748"
"40300","1611","1611","1611","2.050861358642578","2.050861358642578","2.050861358642578"
"40350","1613","1613","1613","2.0550460815429688","2.0550460815429688","2.0550460815429688"
"40400","1615","1615","1615","2.133046865463257","2.133046865463257","2.133046865463257"
"40450","1617","1617","1617","2.1257097721099854","2.1257097721099854","2.1257097721099854"
"40500","1619","1619","1619","2.200401544570923","2.200401544570923","2.200401544570923"
"40550","1621","1621","1621","2.109069347381592","2.109069347381592","2.109069347381592"
"40600","1623","1623","1623","2.1443517208099365","2.1443517208099365","2.1443517208099365"
"40650","1625","1625","1625","2.173917531967163","2.173917531967163","2.173917531967163"
"40700","1627","1627","1627","2.12140154838562","2.12140154838562","2.12140154838562"
"40750","1629","1629","1629","2.1608924865722656","2.1608924865722656","2.1608924865722656"
"40800","1631","1631","1631","2.1425328254699707","2.1425328254699707","2.1425328254699707"
"40850","1633","1633","1633","2.1105353832244873","2.1105353832244873","2.1105353832244873"
"40900","1635","1635","1635","2.1335465908050537","2.1335465908050537","2.1335465908050537"
"40950","1637","1637","1637","2.092289686203003","2.092289686203003","2.092289686203003"
"41000","1639","1639","1639","2.0822160243988037","2.0822160243988037","2.0822160243988037"
"41050","1641","1641","1641","2.090989589691162","2.090989589691162","2.090989589691162"
"41100","1643","1643","1643","2.051671266555786","2.051671266555786","2.051671266555786"
"41150","1645","1645","1645","2.085169792175293","2.085169792175293","2.085169792175293"
"41200","1647","1647","1647","2.060917854309082","2.060917854309082","2.060917854309082"
"41250","1649","1649","1649","2.030268669128418","2.030268669128418","2.030268669128418"
"41300","1651","1651","1651","2.060469150543213","2.060469150543213","2.060469150543213"
"41350","1653","1653","1653","2.091968297958374","2.091968297958374","2.091968297958374"
"41400","1655","1655","1655","2.0859856605529785","2.0859856605529785","2.0859856605529785"
"41450","1657","1657","1657","2.0840349197387695","2.0840349197387695","2.0840349197387695"
"41500","1659","1659","1659","2.0700418949127197","2.0700418949127197","2.0700418949127197"
"41550","1661","1661","1661","2.071594476699829","2.071594476699829","2.071594476699829"
"41600","1663","1663","1663","2.08488130569458","2.08488130569458","2.08488130569458"
"41650","1665","1665","1665","2.083040952682495","2.083040952682495","2.083040952682495"
"41700","1667","1667","1667","2.1123528480529785","2.1123528480529785","2.1123528480529785"
"41750","1669","1669","1669","2.139857053756714","2.139857053756714","2.139857053756714"
"41800","1671","1671","1671","2.1755778789520264","2.1755778789520264","2.1755778789520264"
"41850","1673","1673","1673","2.1267411708831787","2.1267411708831787","2.1267411708831787"
"41900","1675","1675","1675","2.156113862991333","2.156113862991333","2.156113862991333"
"41950","1677","1677","1677","2.1354448795318604","2.1354448795318604","2.1354448795318604"
"42000","1679","1679","1679","2.117723226547241","2.117723226547241","2.117723226547241"
"42050","1681","1681","1681","2.101491928100586","2.101491928100586","2.101491928100586"
"42100","1683","1683","1683","2.1471810340881348","2.1471810340881348","2.1471810340881348"
"42150","1685","1685","1685","2.1383485794067383","2.1383485794067383","2.1383485794067383"
"42200","1687","1687","1687","2.1238749027252197","2.1238749027252197","2.1238749027252197"
"42250","1689","1689","1689","2.15897798538208","2.15897798538208","2.15897798538208"
"42300","1691","1691","1691","2.0998971462249756","2.0998971462249756","2.0998971462249756"
"42350","1693","1693","1693","2.112412929534912","2.112412929534912","2.112412929534912"
"42400","1695","1695","1695","2.151109218597412","2.151109218597412","2.151109218597412"
"42450","1697","1697","1697","2.1276936531066895","2.1276936531066895","2.1276936531066895"
"42500","1699","1699","1699","2.109633445739746","2.109633445739746","2.109633445739746"
"42550","1701","1701","1701","2.1052474975585938","2.1052474975585938","2.1052474975585938"
"42600","1703","1703","1703","2.140376567840576","2.140376567840576","2.140376567840576"
"42650","1705","1705","1705","2.0645081996917725","2.0645081996917725","2.0645081996917725"
"42700","1707","1707","1707","2.084986686706543","2.084986686706543","2.084986686706543"
"42750","1709","1709","1709","2.113013982772827","2.113013982772827","2.113013982772827"
"42800","1711","1711","1711","2.083916425704956","2.083916425704956","2.083916425704956"
"42850","1713","1713","1713","2.0585708618164062","2.0585708618164062","2.0585708618164062"
"42900","1715","1715","1715","2.0785858631134033","2.0785858631134033","2.0785858631134033"
"42950","1717","1717","1717","2.0920441150665283","2.0920441150665283","2.0920441150665283"
"43000","1719","1719","1719","2.1223134994506836","2.1223134994506836","2.1223134994506836"
"43050","1721","1721","1721","2.168482542037964","2.168482542037964","2.168482542037964"
"43100","1723","1723","1723","2.128023386001587","2.128023386001587","2.128023386001587"
"43150","1725","1725","1725","2.1135051250457764","2.1135051250457764","2.1135051250457764"
"43200","1727","1727","1727","2.0812313556671143","2.0812313556671143","2.0812313556671143"
"43250","1729","1729","1729","2.059520721435547","2.059520721435547","2.059520721435547"
"43300","1731","1731","1731","2.066716432571411","2.066716432571411","2.066716432571411"
"43350","1733","1733","1733","2.1335771083831787","2.1335771083831787","2.1335771083831787"
"43400","1735","1735","1735","2.123680353164673","2.123680353164673","2.123680353164673"
"43450","1737","1737","1737","2.1838600635528564","2.1838600635528564","2.1838600635528564"
"43500","1739","1739","1739","2.207792043685913","2.207792043685913","2.207792043685913"
"43550","1741","1741","1741","2.1546971797943115","2.1546971797943115","2.1546971797943115"
"43600","1743","1743","1743","2.1892733573913574","2.1892733573913574","2.1892733573913574"
"43650","1745","1745","1745","2.1560580730438232","2.1560580730438232","2.1560580730438232"
"43700","1747","1747","1747","2.1560516357421875","2.1560516357421875","2.1560516357421875"
"43750","1749","1749","1749","2.1726367473602295","2.1726367473602295","2.1726367473602295"
"43800","1751","1751","1751","2.147952079772949","2.147952079772949","2.147952079772949"
"43850","1753","1753","1753","2.0756032466888428","2.0756032466888428","2.0756032466888428"
"43900","1755","1755","1755","2.0955023765563965","2.0955023765563965","2.0955023765563965"
"43950","1757","1757","1757","2.0921835899353027","2.0921835899353027","2.0921835899353027"
"44000","1759","1759","1759","2.1491174697875977","2.1491174697875977","2.1491174697875977"
"44050","1761","1761","1761","2.080012559890747","2.080012559890747","2.080012559890747"
"44100","1763","1763","1763","2.105226993560791","2.105226993560791","2.105226993560791"
"44150","1765","1765","1765","2.1133008003234863","2.1133008003234863","2.1133008003234863"
"44200","1767","1767","1767","2.1124212741851807","2.1124212741851807","2.1124212741851807"
"44250","1769","1769","1769","2.1024017333984375","2.1024017333984375","2.1024017333984375"
"44300","1771","1771","1771","2.1429450511932373","2.1429450511932373","2.1429450511932373"
"44350","1773","1773","1773","2.1461009979248047","2.1461009979248047","2.1461009979248047"
"44400","1775","1775","1775","2.146956205368042","2.146956205368042","2.146956205368042"
"44450","1777","1777","1777","2.1169755458831787","2.1169755458831787","2.1169755458831787"
"44500","1779","1779","1779","2.140699625015259","2.140699625015259","2.140699625015259"
"44550","1781","1781","1781","2.1127867698669434","2.1127867698669434","2.1127867698669434"
"44600","1783","1783","1783","2.055911064147949","2.055911064147949","2.055911064147949"
"44650","1785","1785","1785","2.1188502311706543","2.1188502311706543","2.1188502311706543"
"44700","1787","1787","1787","2.1192171573638916","2.1192171573638916","2.1192171573638916"
"44750","1789","1789","1789","2.204169273376465","2.204169273376465","2.204169273376465"
"44800","1791","1791","1791","2.2178938388824463","2.2178938388824463","2.2178938388824463"
"44850","1793","1793","1793","2.190251111984253","2.190251111984253","2.190251111984253"
"44900","1795","1795","1795","2.254906415939331","2.254906415939331","2.254906415939331"
"44950","1797","1797","1797","2.174684762954712","2.174684762954712","2.174684762954712"
"45000","1799","1799","1799","2.210897445678711","2.210897445678711","2.210897445678711"
"45050","1801","1801","1801","2.1934328079223633","2.1934328079223633","2.1934328079223633"
"45100","1803","1803","1803","2.2318785190582275","2.2318785190582275","2.2318785190582275"
"45150","1805","1805","1805","2.1212329864501953","2.1212329864501953","2.1212329864501953"
"45200","1807","1807","1807","2.1092400550842285","2.1092400550842285","2.1092400550842285"
"45250","1809","1809","1809","2.1323647499084473","2.1323647499084473","2.1323647499084473"
"45300","1811","1811","1811","2.0919764041900635","2.0919764041900635","2.0919764041900635"
"45350","1813","1813","1813","2.102346181869507","2.102346181869507","2.102346181869507"
"45400","1815","1815","1815","2.084723472595215","2.084723472595215","2.084723472595215"
"45450","1817","1817","1817","2.130343437194824","2.130343437194824","2.130343437194824"
"45500","1819","1819","1819","2.1126902103424072","2.1126902103424072","2.1126902103424072"
"45550","1821","1821","1821","2.1120007038116455","2.1120007038116455","2.1120007038116455"
"45600","1823","1823","1823","2.1215732097625732","2.1215732097625732","2.1215732097625732"
"45650","1825","1825","1825","2.156449794769287","2.156449794769287","2.156449794769287"
"45700","1827","1827","1827","2.1096317768096924","2.1096317768096924","2.1096317768096924"
"45750","1829","1829","1829","2.1369965076446533","2.1369965076446533","2.1369965076446533"
"45800","1831","1831","1831","2.1424143314361572","2.1424143314361572","2.1424143314361572"
"45850","1833","1833","1833","2.1325788497924805","2.1325788497924805","2.1325788497924805"
"45900","1835","1835","1835","2.103757381439209","2.103757381439209","2.103757381439209"
"45950","1837","1837","1837","2.121213674545288","2.121213674545288","2.121213674545288"
"46000","1839","1839","1839","2.15456223487854","2.15456223487854","2.15456223487854"
"46050","1841","1841","1841","2.24820876121521","2.24820876121521","2.24820876121521"
"46100","1843","1843","1843","2.248067855834961","2.248067855834961","2.248067855834961"
"46150","1845","1845","1845","2.2438671588897705","2.2438671588897705","2.2438671588897705"
"46200","1847","1847","1847","2.220282554626465","2.220282554626465","2.220282554626465"