"train/global_step","./llama_gpt_results_packing - _step","./llama_gpt_results_packing - _step__MIN","./llama_gpt_results_packing - _step__MAX","./llama_gpt_results_packing - eval/loss","./llama_gpt_results_packing - eval/loss__MIN","./llama_gpt_results_packing - eval/loss__MAX"
"50","1","1","1","2.3693244457244873","2.3693244457244873","2.3693244457244873"
"100","3","3","3","2.207153081893921","2.207153081893921","2.207153081893921"
"150","5","5","5","2.1510443687438965","2.1510443687438965","2.1510443687438965"
"200","7","7","7","2.100297689437866","2.100297689437866","2.100297689437866"
"250","9","9","9","1.9932864904403687","1.9932864904403687","1.9932864904403687"
"300","11","11","11","1.8182364702224731","1.8182364702224731","1.8182364702224731"
"350","13","13","13","1.8052682876586914","1.8052682876586914","1.8052682876586914"
"400","15","15","15","1.7906032800674438","1.7906032800674438","1.7906032800674438"
"450","17","17","17","1.7808749675750732","1.7808749675750732","1.7808749675750732"
"500","19","19","19","1.7764520645141602","1.7764520645141602","1.7764520645141602"
"550","21","21","21","1.7719924449920654","1.7719924449920654","1.7719924449920654"
"600","23","23","23","1.7706177234649658","1.7706177234649658","1.7706177234649658"
"650","25","25","25","1.7641997337341309","1.7641997337341309","1.7641997337341309"
"700","27","27","27","1.7618080377578735","1.7618080377578735","1.7618080377578735"
"750","29","29","29","1.7600139379501343","1.7600139379501343","1.7600139379501343"
"800","31","31","31","1.7537261247634888","1.7537261247634888","1.7537261247634888"
"850","33","33","33","1.7472407817840576","1.7472407817840576","1.7472407817840576"
"900","35","35","35","1.755592942237854","1.755592942237854","1.755592942237854"
"950","37","37","37","1.7480041980743408","1.7480041980743408","1.7480041980743408"
"1000","39","39","39","1.7483466863632202","1.7483466863632202","1.7483466863632202"
"1050","41","41","41","1.7492091655731201","1.7492091655731201","1.7492091655731201"
"1100","43","43","43","1.7456928491592407","1.7456928491592407","1.7456928491592407"
"1150","45","45","45","1.745044469833374","1.745044469833374","1.745044469833374"
"1200","47","47","47","1.7391420602798462","1.7391420602798462","1.7391420602798462"
"1250","49","49","49","1.738202691078186","1.738202691078186","1.738202691078186"
"1300","51","51","51","1.741392731666565","1.741392731666565","1.741392731666565"
"1350","53","53","53","1.7428221702575684","1.7428221702575684","1.7428221702575684"
"1400","55","55","55","1.7402926683425903","1.7402926683425903","1.7402926683425903"
"1450","57","57","57","1.737113356590271","1.737113356590271","1.737113356590271"
"1500","59","59","59","1.7357124090194702","1.7357124090194702","1.7357124090194702"
"1550","61","61","61","1.7367355823516846","1.7367355823516846","1.7367355823516846"
"1600","63","63","63","1.735176682472229","1.735176682472229","1.735176682472229"
"1650","65","65","65","1.7341358661651611","1.7341358661651611","1.7341358661651611"
"1700","67","67","67","1.732473373413086","1.732473373413086","1.732473373413086"
"1750","69","69","69","1.7373050451278687","1.7373050451278687","1.7373050451278687"
"1800","71","71","71","1.7343738079071045","1.7343738079071045","1.7343738079071045"
"1850","73","73","73","1.7347970008850098","1.7347970008850098","1.7347970008850098"
"1900","75","75","75","1.7379297018051147","1.7379297018051147","1.7379297018051147"
"1950","77","77","77","1.735281229019165","1.735281229019165","1.735281229019165"
"2000","79","79","79","1.7362700700759888","1.7362700700759888","1.7362700700759888"
"2050","81","81","81","1.7336080074310303","1.7336080074310303","1.7336080074310303"
"2100","83","83","83","1.7317124605178833","1.7317124605178833","1.7317124605178833"
"2150","85","85","85","1.7353469133377075","1.7353469133377075","1.7353469133377075"
"2200","87","87","87","1.736466407775879","1.736466407775879","1.736466407775879"
"2250","89","89","89","1.7373108863830566","1.7373108863830566","1.7373108863830566"
"2300","91","91","91","1.7397739887237549","1.7397739887237549","1.7397739887237549"
"2350","93","93","93","1.739585280418396","1.739585280418396","1.739585280418396"
"2400","95","95","95","1.7376456260681152","1.7376456260681152","1.7376456260681152"
"2450","97","97","97","1.7367079257965088","1.7367079257965088","1.7367079257965088"
"2500","99","99","99","1.7408928871154785","1.7408928871154785","1.7408928871154785"
"2550","101","101","101","1.7391303777694702","1.7391303777694702","1.7391303777694702"
"2600","103","103","103","1.7432582378387451","1.7432582378387451","1.7432582378387451"
"2650","105","105","105","1.7427966594696045","1.7427966594696045","1.7427966594696045"
"2700","107","107","107","1.743368148803711","1.743368148803711","1.743368148803711"
"2750","109","109","109","1.7422157526016235","1.7422157526016235","1.7422157526016235"
"2800","111","111","111","1.7369338274002075","1.7369338274002075","1.7369338274002075"
"2850","113","113","113","1.742875099182129","1.742875099182129","1.742875099182129"
"2900","115","115","115","1.7446935176849365","1.7446935176849365","1.7446935176849365"
"2950","117","117","117","1.7421884536743164","1.7421884536743164","1.7421884536743164"
"3000","119","119","119","1.7521859407424927","1.7521859407424927","1.7521859407424927"
"3050","121","121","121","1.756915807723999","1.756915807723999","1.756915807723999"
"3100","123","123","123","1.7604366540908813","1.7604366540908813","1.7604366540908813"
"3150","125","125","125","1.7529152631759644","1.7529152631759644","1.7529152631759644"
"3200","127","127","127","1.7565102577209473","1.7565102577209473","1.7565102577209473"
"3250","129","129","129","1.7511976957321167","1.7511976957321167","1.7511976957321167"
"3300","131","131","131","1.7539399862289429","1.7539399862289429","1.7539399862289429"
"3350","133","133","133","1.7472641468048096","1.7472641468048096","1.7472641468048096"
"3400","135","135","135","1.7605178356170654","1.7605178356170654","1.7605178356170654"
"3450","137","137","137","1.7624385356903076","1.7624385356903076","1.7624385356903076"
"3500","139","139","139","1.7644935846328735","1.7644935846328735","1.7644935846328735"
"3550","141","141","141","1.755568027496338","1.755568027496338","1.755568027496338"
"3600","143","143","143","1.7687666416168213","1.7687666416168213","1.7687666416168213"
"3650","145","145","145","1.7589457035064697","1.7589457035064697","1.7589457035064697"
"3700","147","147","147","1.762233018875122","1.762233018875122","1.762233018875122"
"3750","149","149","149","1.7584081888198853","1.7584081888198853","1.7584081888198853"
"3800","151","151","151","1.7552921772003174","1.7552921772003174","1.7552921772003174"
"3850","153","153","153","1.7931617498397827","1.7931617498397827","1.7931617498397827"
"3900","155","155","155","1.7931479215621948","1.7931479215621948","1.7931479215621948"
"3950","157","157","157","1.7846918106079102","1.7846918106079102","1.7846918106079102"
"4000","159","159","159","1.781961441040039","1.781961441040039","1.781961441040039"
"4050","161","161","161","1.7952910661697388","1.7952910661697388","1.7952910661697388"
"4100","163","163","163","1.7904093265533447","1.7904093265533447","1.7904093265533447"
"4150","165","165","165","1.7851016521453857","1.7851016521453857","1.7851016521453857"
"4200","167","167","167","1.7830010652542114","1.7830010652542114","1.7830010652542114"
"4250","169","169","169","1.7938719987869263","1.7938719987869263","1.7938719987869263"
"4300","171","171","171","1.7836703062057495","1.7836703062057495","1.7836703062057495"
"4350","173","173","173","1.794862151145935","1.794862151145935","1.794862151145935"
"4400","175","175","175","1.7957974672317505","1.7957974672317505","1.7957974672317505"
"4450","177","177","177","1.7918246984481812","1.7918246984481812","1.7918246984481812"
"4500","179","179","179","1.7926349639892578","1.7926349639892578","1.7926349639892578"
"4550","181","181","181","1.7897999286651611","1.7897999286651611","1.7897999286651611"
"4600","183","183","183","1.792975902557373","1.792975902557373","1.792975902557373"
"4650","185","185","185","1.787171721458435","1.787171721458435","1.787171721458435"
"4700","187","187","187","1.851203441619873","1.851203441619873","1.851203441619873"
"4750","189","189","189","1.8523896932601929","1.8523896932601929","1.8523896932601929"
"4800","191","191","191","1.8556257486343384","1.8556257486343384","1.8556257486343384"
"4850","193","193","193","1.845103144645691","1.845103144645691","1.845103144645691"
"4900","195","195","195","1.8529349565505981","1.8529349565505981","1.8529349565505981"
"4950","197","197","197","1.8368641138076782","1.8368641138076782","1.8368641138076782"
"5000","199","199","199","1.8477171659469604","1.8477171659469604","1.8477171659469604"
"5050","201","201","201","1.833231806755066","1.833231806755066","1.833231806755066"
"5100","203","203","203","1.8396239280700684","1.8396239280700684","1.8396239280700684"
"5150","205","205","205","1.831773281097412","1.831773281097412","1.831773281097412"
"5200","207","207","207","1.833311676979065","1.833311676979065","1.833311676979065"
"5250","209","209","209","1.8300381898880005","1.8300381898880005","1.8300381898880005"
"5300","211","211","211","1.8330438137054443","1.8330438137054443","1.8330438137054443"
"5350","213","213","213","1.834543228149414","1.834543228149414","1.834543228149414"
"5400","215","215","215","1.8315479755401611","1.8315479755401611","1.8315479755401611"
"5450","217","217","217","1.8319638967514038","1.8319638967514038","1.8319638967514038"
"5500","219","219","219","1.8415048122406006","1.8415048122406006","1.8415048122406006"
"5550","221","221","221","1.9399216175079346","1.9399216175079346","1.9399216175079346"
"5600","223","223","223","1.9225791692733765","1.9225791692733765","1.9225791692733765"
"5650","225","225","225","1.9158293008804321","1.9158293008804321","1.9158293008804321"
"5700","227","227","227","1.906996488571167","1.906996488571167","1.906996488571167"
"5750","229","229","229","1.900252342224121","1.900252342224121","1.900252342224121"
"5800","231","231","231","1.8874129056930542","1.8874129056930542","1.8874129056930542"
"5850","233","233","233","1.9097273349761963","1.9097273349761963","1.9097273349761963"
"5900","235","235","235","1.9097212553024292","1.9097212553024292","1.9097212553024292"
"5950","237","237","237","1.8795578479766846","1.8795578479766846","1.8795578479766846"
"6000","239","239","239","1.8981283903121948","1.8981283903121948","1.8981283903121948"
"6050","241","241","241","1.902268648147583","1.902268648147583","1.902268648147583"
"6100","243","243","243","1.8904821872711182","1.8904821872711182","1.8904821872711182"
"6150","245","245","245","1.8927512168884277","1.8927512168884277","1.8927512168884277"
"6200","247","247","247","1.8778996467590332","1.8778996467590332","1.8778996467590332"
"6250","249","249","249","1.8884209394454956","1.8884209394454956","1.8884209394454956"
"6300","251","251","251","1.885608434677124","1.885608434677124","1.885608434677124"
"6350","253","253","253","1.927320957183838","1.927320957183838","1.927320957183838"
"6400","255","255","255","1.9740110635757446","1.9740110635757446","1.9740110635757446"
"6450","257","257","257","1.931857705116272","1.931857705116272","1.931857705116272"
"6500","259","259","259","1.952886700630188","1.952886700630188","1.952886700630188"
"6550","261","261","261","1.9523130655288696","1.9523130655288696","1.9523130655288696"
"6600","263","263","263","1.963167667388916","1.963167667388916","1.963167667388916"
"6650","265","265","265","1.9636423587799072","1.9636423587799072","1.9636423587799072"
"6700","267","267","267","1.9295092821121216","1.9295092821121216","1.9295092821121216"
"6750","269","269","269","1.9563958644866943","1.9563958644866943","1.9563958644866943"
"6800","271","271","271","1.9727458953857422","1.9727458953857422","1.9727458953857422"
"6850","273","273","273","1.9778465032577515","1.9778465032577515","1.9778465032577515"
"6900","275","275","275","1.9789432287216187","1.9789432287216187","1.9789432287216187"
"6950","277","277","277","1.972837209701538","1.972837209701538","1.972837209701538"
"7000","279","279","279","1.9618968963623047","1.9618968963623047","1.9618968963623047"
"7050","281","281","281","1.9781502485275269","1.9781502485275269","1.9781502485275269"
"7100","283","283","283","1.9711560010910034","1.9711560010910034","1.9711560010910034"
"7150","285","285","285","1.9643100500106812","1.9643100500106812","1.9643100500106812"
"7200","287","287","287","2.029818296432495","2.029818296432495","2.029818296432495"
"7250","289","289","289","2.012467622756958","2.012467622756958","2.012467622756958"
"7300","291","291","291","2.0167315006256104","2.0167315006256104","2.0167315006256104"
"7350","293","293","293","1.9836273193359375","1.9836273193359375","1.9836273193359375"
"7400","295","295","295","2.0047311782836914","2.0047311782836914","2.0047311782836914"
"7450","297","297","297","2.012523889541626","2.012523889541626","2.012523889541626"
"7500","299","299","299","2.022263765335083","2.022263765335083","2.022263765335083"
"7550","301","301","301","2.01944637298584","2.01944637298584","2.01944637298584"
"7600","303","303","303","1.9987393617630005","1.9987393617630005","1.9987393617630005"
"7650","305","305","305","2.0800304412841797","2.0800304412841797","2.0800304412841797"
"7700","307","307","307","2.041203498840332","2.041203498840332","2.041203498840332"
"7750","309","309","309","2.070760488510132","2.070760488510132","2.070760488510132"
"7800","311","311","311","2.059051752090454","2.059051752090454","2.059051752090454"
"7850","313","313","313","2.0841081142425537","2.0841081142425537","2.0841081142425537"
"7900","315","315","315","2.0767643451690674","2.0767643451690674","2.0767643451690674"
"7950","317","317","317","2.064589500427246","2.064589500427246","2.064589500427246"
"8000","319","319","319","2.0468554496765137","2.0468554496765137","2.0468554496765137"
"8050","321","321","321","2.119391679763794","2.119391679763794","2.119391679763794"
"8100","323","323","323","2.0978105068206787","2.0978105068206787","2.0978105068206787"
"8150","325","325","325","2.108062982559204","2.108062982559204","2.108062982559204"
"8200","327","327","327","2.108400821685791","2.108400821685791","2.108400821685791"
"8250","329","329","329","2.087458610534668","2.087458610534668","2.087458610534668"
"8300","331","331","331","2.075225591659546","2.075225591659546","2.075225591659546"
"8350","333","333","333","2.074965238571167","2.074965238571167","2.074965238571167"
"8400","335","335","335","2.07905650138855","2.07905650138855","2.07905650138855"
"8450","337","337","337","2.0614123344421387","2.0614123344421387","2.0614123344421387"
"8500","339","339","339","2.151179790496826","2.151179790496826","2.151179790496826"
"8550","341","341","341","2.170508861541748","2.170508861541748","2.170508861541748"
"8600","343","343","343","2.2498929500579834","2.2498929500579834","2.2498929500579834"
"8650","345","345","345","2.2076337337493896","2.2076337337493896","2.2076337337493896"
"8700","347","347","347","2.1952319145202637","2.1952319145202637","2.1952319145202637"
"8750","349","349","349","2.2222156524658203","2.2222156524658203","2.2222156524658203"
"8800","351","351","351","2.1726596355438232","2.1726596355438232","2.1726596355438232"
"8850","353","353","353","2.1528429985046387","2.1528429985046387","2.1528429985046387"
"8900","355","355","355","2.188593626022339","2.188593626022339","2.188593626022339"
"8950","357","357","357","2.2224793434143066","2.2224793434143066","2.2224793434143066"
"9000","359","359","359","2.194936990737915","2.194936990737915","2.194936990737915"
"9050","361","361","361","2.162449598312378","2.162449598312378","2.162449598312378"
"9100","363","363","363","2.207211971282959","2.207211971282959","2.207211971282959"
"9150","365","365","365","2.1777191162109375","2.1777191162109375","2.1777191162109375"
"9200","367","367","367","2.175511360168457","2.175511360168457","2.175511360168457"
"9250","369","369","369","2.1775262355804443","2.1775262355804443","2.1775262355804443"
"9300","371","371","371","2.1831488609313965","2.1831488609313965","2.1831488609313965"
"9350","373","373","373","2.375419855117798","2.375419855117798","2.375419855117798"
"9400","375","375","375","2.3424954414367676","2.3424954414367676","2.3424954414367676"
"9450","377","377","377","2.3459832668304443","2.3459832668304443","2.3459832668304443"
"9500","379","379","379","2.3059051036834717","2.3059051036834717","2.3059051036834717"
"9550","381","381","381","2.3453214168548584","2.3453214168548584","2.3453214168548584"
"9600","383","383","383","2.311998128890991","2.311998128890991","2.311998128890991"
"9650","385","385","385","2.3351504802703857","2.3351504802703857","2.3351504802703857"
"9700","387","387","387","2.3137900829315186","2.3137900829315186","2.3137900829315186"
"9750","389","389","389","2.3019626140594482","2.3019626140594482","2.3019626140594482"
"9800","391","391","391","2.335205316543579","2.335205316543579","2.335205316543579"
"9850","393","393","393","2.2467358112335205","2.2467358112335205","2.2467358112335205"
"9900","395","395","395","2.2865073680877686","2.2865073680877686","2.2865073680877686"
"9950","397","397","397","2.2858948707580566","2.2858948707580566","2.2858948707580566"
"10000","399","399","399","2.2733216285705566","2.2733216285705566","2.2733216285705566"
"10050","401","401","401","2.2669522762298584","2.2669522762298584","2.2669522762298584"
"10100","403","403","403","2.2943127155303955","2.2943127155303955","2.2943127155303955"
"10150","405","405","405","2.3945353031158447","2.3945353031158447","2.3945353031158447"
"10200","407","407","407","2.4889259338378906","2.4889259338378906","2.4889259338378906"
"10250","409","409","409","2.41772723197937","2.41772723197937","2.41772723197937"
"10300","411","411","411","2.4903528690338135","2.4903528690338135","2.4903528690338135"
"10350","413","413","413","2.418055772781372","2.418055772781372","2.418055772781372"
"10400","415","415","415","2.468853235244751","2.468853235244751","2.468853235244751"
"10450","417","417","417","2.472867012023926","2.472867012023926","2.472867012023926"
"10500","419","419","419","2.4717068672180176","2.4717068672180176","2.4717068672180176"
"10550","421","421","421","2.4631831645965576","2.4631831645965576","2.4631831645965576"
"10600","423","423","423","2.4443089962005615","2.4443089962005615","2.4443089962005615"
"10650","425","425","425","2.41989803314209","2.41989803314209","2.41989803314209"
"10700","427","427","427","2.3832948207855225","2.3832948207855225","2.3832948207855225"
"10750","429","429","429","2.3557727336883545","2.3557727336883545","2.3557727336883545"
"10800","431","431","431","2.386941432952881","2.386941432952881","2.386941432952881"
"10850","433","433","433","2.4025723934173584","2.4025723934173584","2.4025723934173584"
"10900","435","435","435","2.350900173187256","2.350900173187256","2.350900173187256"
"10950","437","437","437","2.356813907623291","2.356813907623291","2.356813907623291"
"11000","439","439","439","2.6242237091064453","2.6242237091064453","2.6242237091064453"
"11050","441","441","441","2.5627896785736084","2.5627896785736084","2.5627896785736084"
"11100","443","443","443","2.5443835258483887","2.5443835258483887","2.5443835258483887"
"11150","445","445","445","2.541888952255249","2.541888952255249","2.541888952255249"
"11200","447","447","447","2.570673942565918","2.570673942565918","2.570673942565918"
"11250","449","449","449","2.5236635208129883","2.5236635208129883","2.5236635208129883"
"11300","451","451","451","2.5494911670684814","2.5494911670684814","2.5494911670684814"
"11350","453","453","453","2.4816460609436035","2.4816460609436035","2.4816460609436035"
"11400","455","455","455","2.5058047771453857","2.5058047771453857","2.5058047771453857"
"11450","457","457","457","2.591468572616577","2.591468572616577","2.591468572616577"
"11500","459","459","459","2.5290417671203613","2.5290417671203613","2.5290417671203613"
"11550","461","461","461","2.5428879261016846","2.5428879261016846","2.5428879261016846"
"11600","463","463","463","2.548006057739258","2.548006057739258","2.548006057739258"
"11650","465","465","465","2.528902053833008","2.528902053833008","2.528902053833008"
"11700","467","467","467","2.5564465522766113","2.5564465522766113","2.5564465522766113"
"11750","469","469","469","2.5187816619873047","2.5187816619873047","2.5187816619873047"
"11800","471","471","471","2.4892818927764893","2.4892818927764893","2.4892818927764893"
"11850","473","473","473","2.768275260925293","2.768275260925293","2.768275260925293"
"11900","475","475","475","2.659939765930176","2.659939765930176","2.659939765930176"
"11950","477","477","477","2.6653342247009277","2.6653342247009277","2.6653342247009277"
"12000","479","479","479","2.694403886795044","2.694403886795044","2.694403886795044"
"12050","481","481","481","2.649186849594116","2.649186849594116","2.649186849594116"
"12100","483","483","483","2.6324994564056396","2.6324994564056396","2.6324994564056396"
"12150","485","485","485","2.646057367324829","2.646057367324829","2.646057367324829"
"12200","487","487","487","2.6099793910980225","2.6099793910980225","2.6099793910980225"
"12250","489","489","489","2.56548810005188","2.56548810005188","2.56548810005188"
"12300","491","491","491","2.6774954795837402","2.6774954795837402","2.6774954795837402"
"12350","493","493","493","2.6894371509552","2.6894371509552","2.6894371509552"
"12400","495","495","495","2.6358704566955566","2.6358704566955566","2.6358704566955566"
"12450","497","497","497","2.6310245990753174","2.6310245990753174","2.6310245990753174"
"12500","499","499","499","2.65950083732605","2.65950083732605","2.65950083732605"
"12550","501","501","501","2.6413567066192627","2.6413567066192627","2.6413567066192627"
"12600","503","503","503","2.643002986907959","2.643002986907959","2.643002986907959"
"12650","505","505","505","2.6997768878936768","2.6997768878936768","2.6997768878936768"
"12700","507","507","507","2.8157525062561035","2.8157525062561035","2.8157525062561035"
"12750","509","509","509","2.8401074409484863","2.8401074409484863","2.8401074409484863"
"12800","511","511","511","2.798391580581665","2.798391580581665","2.798391580581665"
"12850","513","513","513","2.8150877952575684","2.8150877952575684","2.8150877952575684"
"12900","515","515","515","2.775928258895874","2.775928258895874","2.775928258895874"
"12950","517","517","517","2.7531843185424805","2.7531843185424805","2.7531843185424805"
"13000","519","519","519","2.762103796005249","2.762103796005249","2.762103796005249"
"13050","521","521","521","2.7954838275909424","2.7954838275909424","2.7954838275909424"
"13100","523","523","523","2.658862829208374","2.658862829208374","2.658862829208374"
"13150","525","525","525","2.787997245788574","2.787997245788574","2.787997245788574"
"13200","527","527","527","2.9412426948547363","2.9412426948547363","2.9412426948547363"
"13250","529","529","529","2.847827672958374","2.847827672958374","2.847827672958374"
"13300","531","531","531","2.7729015350341797","2.7729015350341797","2.7729015350341797"
"13350","533","533","533","2.855497360229492","2.855497360229492","2.855497360229492"
"13400","535","535","535","2.7800498008728027","2.7800498008728027","2.7800498008728027"
"13450","537","537","537","2.802513837814331","2.802513837814331","2.802513837814331"
"13500","539","539","539","2.8099968433380127","2.8099968433380127","2.8099968433380127"
"13550","541","541","541","2.8600471019744873","2.8600471019744873","2.8600471019744873"
"13600","543","543","543","2.939213275909424","2.939213275909424","2.939213275909424"
"13650","545","545","545","2.9771358966827393","2.9771358966827393","2.9771358966827393"
"13700","547","547","547","2.9097800254821777","2.9097800254821777","2.9097800254821777"
"13750","549","549","549","2.8748929500579834","2.8748929500579834","2.8748929500579834"
"13800","551","551","551","2.9040982723236084","2.9040982723236084","2.9040982723236084"
"13850","553","553","553","2.955369234085083","2.955369234085083","2.955369234085083"
"13900","555","555","555","2.909224510192871","2.909224510192871","2.909224510192871"
"13950","557","557","557","2.6965975761413574","2.6965975761413574","2.6965975761413574"
"14000","559","559","559","2.9486083984375","2.9486083984375","2.9486083984375"
"14050","561","561","561","2.9520697593688965","2.9520697593688965","2.9520697593688965"
"14100","563","563","563","2.9218268394470215","2.9218268394470215","2.9218268394470215"
"14150","565","565","565","3.0219340324401855","3.0219340324401855","3.0219340324401855"
"14200","567","567","567","3.0550341606140137","3.0550341606140137","3.0550341606140137"
"14250","569","569","569","2.901089906692505","2.901089906692505","2.901089906692505"
"14300","571","571","571","2.922959327697754","2.922959327697754","2.922959327697754"
"14350","573","573","573","2.9776129722595215","2.9776129722595215","2.9776129722595215"
"14400","575","575","575","2.969430446624756","2.969430446624756","2.969430446624756"
"14450","577","577","577","3.0155065059661865","3.0155065059661865","3.0155065059661865"
"14500","579","579","579","2.9498202800750732","2.9498202800750732","2.9498202800750732"
"14550","581","581","581","3.037850856781006","3.037850856781006","3.037850856781006"
"14600","583","583","583","3.0265114307403564","3.0265114307403564","3.0265114307403564"
"14650","585","585","585","2.931919813156128","2.931919813156128","2.931919813156128"
"14700","587","587","587","2.983690023422241","2.983690023422241","2.983690023422241"
"14750","589","589","589","3.0262413024902344","3.0262413024902344","3.0262413024902344"
"14800","591","591","591","2.9982190132141113","2.9982190132141113","2.9982190132141113"
"14850","593","593","593","3.0892484188079834","3.0892484188079834","3.0892484188079834"
"14900","595","595","595","3.143709897994995","3.143709897994995","3.143709897994995"
"14950","597","597","597","3.1336286067962646","3.1336286067962646","3.1336286067962646"
"15000","599","599","599","3.1646618843078613","3.1646618843078613","3.1646618843078613"
"15050","601","601","601","3.0371041297912598","3.0371041297912598","3.0371041297912598"
"15100","603","603","603","3.0537493228912354","3.0537493228912354","3.0537493228912354"
"15150","605","605","605","3.0687501430511475","3.0687501430511475","3.0687501430511475"
"15200","607","607","607","3.0579674243927","3.0579674243927","3.0579674243927"
"15250","609","609","609","3.074012041091919","3.074012041091919","3.074012041091919"
"15300","611","611","611","3.0804433822631836","3.0804433822631836","3.0804433822631836"
"15350","613","613","613","3.0584728717803955","3.0584728717803955","3.0584728717803955"
"15400","615","615","615","3.0852272510528564","3.0852272510528564","3.0852272510528564"
"15450","617","617","617","3.04815936088562","3.04815936088562","3.04815936088562"
"15500","619","619","619","3.1726086139678955","3.1726086139678955","3.1726086139678955"
"15550","621","621","621","3.1043567657470703","3.1043567657470703","3.1043567657470703"
"15600","623","623","623","3.0557868480682373","3.0557868480682373","3.0557868480682373"
"15650","625","625","625","3.164811134338379","3.164811134338379","3.164811134338379"
"15700","627","627","627","3.152376174926758","3.152376174926758","3.152376174926758"
"15750","629","629","629","3.1788363456726074","3.1788363456726074","3.1788363456726074"
"15800","631","631","631","3.1338930130004883","3.1338930130004883","3.1338930130004883"
"15850","633","633","633","3.162851095199585","3.162851095199585","3.162851095199585"
"15900","635","635","635","3.177503824234009","3.177503824234009","3.177503824234009"
"15950","637","637","637","3.1568925380706787","3.1568925380706787","3.1568925380706787"
"16000","639","639","639","3.1900851726531982","3.1900851726531982","3.1900851726531982"
"16050","641","641","641","3.176520824432373","3.176520824432373","3.176520824432373"
"16100","643","643","643","3.1920828819274902","3.1920828819274902","3.1920828819274902"
"16150","645","645","645","3.1619017124176025","3.1619017124176025","3.1619017124176025"
"16200","647","647","647","3.181314706802368","3.181314706802368","3.181314706802368"
"16250","649","649","649","3.1387507915496826","3.1387507915496826","3.1387507915496826"
"16300","651","651","651","3.145627975463867","3.145627975463867","3.145627975463867"
"16350","653","653","653","3.225050926208496","3.225050926208496","3.225050926208496"
"16400","655","655","655","3.117921829223633","3.117921829223633","3.117921829223633"
"16450","657","657","657","3.0348451137542725","3.0348451137542725","3.0348451137542725"
"16500","659","659","659","3.3270370960235596","3.3270370960235596","3.3270370960235596"
"16550","661","661","661","3.265798807144165","3.265798807144165","3.265798807144165"
"16600","663","663","663","3.2666141986846924","3.2666141986846924","3.2666141986846924"
"16650","665","665","665","3.2853126525878906","3.2853126525878906","3.2853126525878906"
"16700","667","667","667","3.244966506958008","3.244966506958008","3.244966506958008"
"16750","669","669","669","3.2826361656188965","3.2826361656188965","3.2826361656188965"
"16800","671","671","671","3.2319507598876953","3.2319507598876953","3.2319507598876953"
"16850","673","673","673","3.267063856124878","3.267063856124878","3.267063856124878"
"16900","675","675","675","3.2069003582000732","3.2069003582000732","3.2069003582000732"
"16950","677","677","677","3.39188814163208","3.39188814163208","3.39188814163208"
"17000","679","679","679","3.197958469390869","3.197958469390869","3.197958469390869"
"17050","681","681","681","3.2950735092163086","3.2950735092163086","3.2950735092163086"
"17100","683","683","683","3.229351282119751","3.229351282119751","3.229351282119751"
"17150","685","685","685","3.1403353214263916","3.1403353214263916","3.1403353214263916"
"17200","687","687","687","3.2463889122009277","3.2463889122009277","3.2463889122009277"
"17250","689","689","689","3.2338929176330566","3.2338929176330566","3.2338929176330566"
"17300","691","691","691","3.2651214599609375","3.2651214599609375","3.2651214599609375"
"17350","693","693","693","3.3504087924957275","3.3504087924957275","3.3504087924957275"
"17400","695","695","695","3.408543348312378","3.408543348312378","3.408543348312378"
"17450","697","697","697","3.4056003093719482","3.4056003093719482","3.4056003093719482"
"17500","699","699","699","3.4339301586151123","3.4339301586151123","3.4339301586151123"
"17550","701","701","701","3.3739218711853027","3.3739218711853027","3.3739218711853027"
"17600","703","703","703","3.2831108570098877","3.2831108570098877","3.2831108570098877"
"17650","705","705","705","3.3107993602752686","3.3107993602752686","3.3107993602752686"
"17700","707","707","707","3.3696582317352295","3.3696582317352295","3.3696582317352295"
"17750","709","709","709","3.297264575958252","3.297264575958252","3.297264575958252"
"17800","711","711","711","3.3831541538238525","3.3831541538238525","3.3831541538238525"
"17850","713","713","713","3.4191672801971436","3.4191672801971436","3.4191672801971436"
"17900","715","715","715","3.3674817085266113","3.3674817085266113","3.3674817085266113"
"17950","717","717","717","3.4406542778015137","3.4406542778015137","3.4406542778015137"
"18000","719","719","719","3.387803077697754","3.387803077697754","3.387803077697754"
"18050","721","721","721","3.4174582958221436","3.4174582958221436","3.4174582958221436"
"18100","723","723","723","3.3266172409057617","3.3266172409057617","3.3266172409057617"
"18150","725","725","725","3.263228416442871","3.263228416442871","3.263228416442871"
"18200","727","727","727","3.482612133026123","3.482612133026123","3.482612133026123"
"18250","729","729","729","3.515625238418579","3.515625238418579","3.515625238418579"
"18300","731","731","731","3.5753021240234375","3.5753021240234375","3.5753021240234375"
"18350","733","733","733","3.4746956825256348","3.4746956825256348","3.4746956825256348"
"18400","735","735","735","3.4456608295440674","3.4456608295440674","3.4456608295440674"
"18450","737","737","737","3.4417471885681152","3.4417471885681152","3.4417471885681152"
"18500","739","739","739","3.4249494075775146","3.4249494075775146","3.4249494075775146"
"18550","741","741","741","3.492841958999634","3.492841958999634","3.492841958999634"
"18600","743","743","743","3.362633228302002","3.362633228302002","3.362633228302002"
"18650","745","745","745","3.499553680419922","3.499553680419922","3.499553680419922"
"18700","747","747","747","3.405977725982666","3.405977725982666","3.405977725982666"
"18750","749","749","749","3.5575079917907715","3.5575079917907715","3.5575079917907715"
"18800","751","751","751","3.564517021179199","3.564517021179199","3.564517021179199"
"18850","753","753","753","3.571056842803955","3.571056842803955","3.571056842803955"
"18900","755","755","755","3.618551015853882","3.618551015853882","3.618551015853882"
"18950","757","757","757","3.570814847946167","3.570814847946167","3.570814847946167"
"19000","759","759","759","3.3613569736480713","3.3613569736480713","3.3613569736480713"
"19050","761","761","761","3.563181161880493","3.563181161880493","3.563181161880493"
"19100","763","763","763","3.6342053413391113","3.6342053413391113","3.6342053413391113"
"19150","765","765","765","3.5739057064056396","3.5739057064056396","3.5739057064056396"
"19200","767","767","767","3.555016040802002","3.555016040802002","3.555016040802002"
"19250","769","769","769","3.573629140853882","3.573629140853882","3.573629140853882"
"19300","771","771","771","3.6363348960876465","3.6363348960876465","3.6363348960876465"
"19350","773","773","773","3.6377880573272705","3.6377880573272705","3.6377880573272705"
"19400","775","775","775","3.6320762634277344","3.6320762634277344","3.6320762634277344"
"19450","777","777","777","3.487478017807007","3.487478017807007","3.487478017807007"
"19500","779","779","779","3.587916612625122","3.587916612625122","3.587916612625122"
"19550","781","781","781","3.5814261436462402","3.5814261436462402","3.5814261436462402"
"19600","783","783","783","3.5916852951049805","3.5916852951049805","3.5916852951049805"
"19650","785","785","785","3.6137137413024902","3.6137137413024902","3.6137137413024902"
"19700","787","787","787","3.57572340965271","3.57572340965271","3.57572340965271"
"19750","789","789","789","3.616523504257202","3.616523504257202","3.616523504257202"
"19800","791","791","791","3.4419777393341064","3.4419777393341064","3.4419777393341064"
"19850","793","793","793","3.543616533279419","3.543616533279419","3.543616533279419"
"19900","795","795","795","3.688500165939331","3.688500165939331","3.688500165939331"
"19950","797","797","797","3.7302472591400146","3.7302472591400146","3.7302472591400146"
"20000","799","799","799","3.680565357208252","3.680565357208252","3.680565357208252"
"20050","801","801","801","3.692173957824707","3.692173957824707","3.692173957824707"
"20100","803","803","803","3.5861477851867676","3.5861477851867676","3.5861477851867676"
"20150","805","805","805","3.640087604522705","3.640087604522705","3.640087604522705"
"20200","807","807","807","3.690803050994873","3.690803050994873","3.690803050994873"
"20250","809","809","809","3.598234176635742","3.598234176635742","3.598234176635742"
"20300","811","811","811","3.5604937076568604","3.5604937076568604","3.5604937076568604"
"20350","813","813","813","3.658907651901245","3.658907651901245","3.658907651901245"
"20400","815","815","815","3.68932843208313","3.68932843208313","3.68932843208313"
"20450","817","817","817","3.633561849594116","3.633561849594116","3.633561849594116"
"20500","819","819","819","3.630472421646118","3.630472421646118","3.630472421646118"
"20550","821","821","821","3.5961177349090576","3.5961177349090576","3.5961177349090576"
"20600","823","823","823","3.4911246299743652","3.4911246299743652","3.4911246299743652"
"20650","825","825","825","3.6361660957336426","3.6361660957336426","3.6361660957336426"
"20700","827","827","827","3.56058931350708","3.56058931350708","3.56058931350708"
"20750","829","829","829","3.7530250549316406","3.7530250549316406","3.7530250549316406"
"20800","831","831","831","3.7573494911193848","3.7573494911193848","3.7573494911193848"
"20850","833","833","833","3.75300669670105","3.75300669670105","3.75300669670105"
"20900","835","835","835","3.674513101577759","3.674513101577759","3.674513101577759"
"20950","837","837","837","3.7628238201141357","3.7628238201141357","3.7628238201141357"
"21000","839","839","839","3.6192643642425537","3.6192643642425537","3.6192643642425537"
"21050","841","841","841","3.724193811416626","3.724193811416626","3.724193811416626"
"21100","843","843","843","3.6527645587921143","3.6527645587921143","3.6527645587921143"
"21150","845","845","845","3.6688692569732666","3.6688692569732666","3.6688692569732666"
"21200","847","847","847","3.688307762145996","3.688307762145996","3.688307762145996"
"21250","849","849","849","3.6929376125335693","3.6929376125335693","3.6929376125335693"
"21300","851","851","851","3.6970150470733643","3.6970150470733643","3.6970150470733643"
"21350","853","853","853","3.6295788288116455","3.6295788288116455","3.6295788288116455"
"21400","855","855","855","3.6765987873077393","3.6765987873077393","3.6765987873077393"
"21450","857","857","857","3.693012237548828","3.693012237548828","3.693012237548828"
"21500","859","859","859","3.591865062713623","3.591865062713623","3.591865062713623"
"21550","861","861","861","3.6576597690582275","3.6576597690582275","3.6576597690582275"
"21600","863","863","863","3.897459030151367","3.897459030151367","3.897459030151367"
"21650","865","865","865","3.861236333847046","3.861236333847046","3.861236333847046"
"21700","867","867","867","3.8119382858276367","3.8119382858276367","3.8119382858276367"
"21750","869","869","869","3.672966480255127","3.672966480255127","3.672966480255127"
"21800","871","871","871","3.752951145172119","3.752951145172119","3.752951145172119"
"21850","873","873","873","3.7604804039001465","3.7604804039001465","3.7604804039001465"
"21900","875","875","875","3.734278678894043","3.734278678894043","3.734278678894043"
"21950","877","877","877","3.803028106689453","3.803028106689453","3.803028106689453"
"22000","879","879","879","3.765580177307129","3.765580177307129","3.765580177307129"
"22050","881","881","881","3.764469861984253","3.764469861984253","3.764469861984253"
"22100","883","883","883","3.7732698917388916","3.7732698917388916","3.7732698917388916"
"22150","885","885","885","3.760420083999634","3.760420083999634","3.760420083999634"
"22200","887","887","887","3.718905210494995","3.718905210494995","3.718905210494995"
"22250","889","889","889","3.729238271713257","3.729238271713257","3.729238271713257"
"22300","891","891","891","3.6716952323913574","3.6716952323913574","3.6716952323913574"
"22350","893","893","893","3.714864492416382","3.714864492416382","3.714864492416382"
"22400","895","895","895","3.7133841514587402","3.7133841514587402","3.7133841514587402"
"22450","897","897","897","3.8316521644592285","3.8316521644592285","3.8316521644592285"
"22500","899","899","899","3.8497204780578613","3.8497204780578613","3.8497204780578613"
"22550","901","901","901","3.7788124084472656","3.7788124084472656","3.7788124084472656"
"22600","903","903","903","3.9203314781188965","3.9203314781188965","3.9203314781188965"
"22650","905","905","905","3.8394157886505127","3.8394157886505127","3.8394157886505127"
"22700","907","907","907","3.829906940460205","3.829906940460205","3.829906940460205"
"22750","909","909","909","3.8406994342803955","3.8406994342803955","3.8406994342803955"
"22800","911","911","911","3.740736961364746","3.740736961364746","3.740736961364746"
"22850","913","913","913","3.8302865028381348","3.8302865028381348","3.8302865028381348"
"22900","915","915","915","3.896897315979004","3.896897315979004","3.896897315979004"
"22950","917","917","917","3.8962883949279785","3.8962883949279785","3.8962883949279785"
"23000","919","919","919","3.831129312515259","3.831129312515259","3.831129312515259"
"23050","921","921","921","3.9245846271514893","3.9245846271514893","3.9245846271514893"
"23100","923","923","923","3.899512767791748","3.899512767791748","3.899512767791748"
"23150","925","925","925","3.7922894954681396","3.7922894954681396","3.7922894954681396"
"23200","927","927","927","3.819211959838867","3.819211959838867","3.819211959838867"
"23250","929","929","929","3.7388129234313965","3.7388129234313965","3.7388129234313965"
"23300","931","931","931","3.9105801582336426","3.9105801582336426","3.9105801582336426"
"23350","933","933","933","3.8736412525177","3.8736412525177","3.8736412525177"
"23400","935","935","935","3.9509477615356445","3.9509477615356445","3.9509477615356445"
"23450","937","937","937","3.9169960021972656","3.9169960021972656","3.9169960021972656"
"23500","939","939","939","3.9252753257751465","3.9252753257751465","3.9252753257751465"
"23550","941","941","941","3.7978577613830566","3.7978577613830566","3.7978577613830566"
"23600","943","943","943","3.9579622745513916","3.9579622745513916","3.9579622745513916"
"23650","945","945","945","3.8984031677246094","3.8984031677246094","3.8984031677246094"
"23700","947","947","947","3.895529270172119","3.895529270172119","3.895529270172119"
"23750","949","949","949","3.961636543273926","3.961636543273926","3.961636543273926"
"23800","951","951","951","3.944603204727173","3.944603204727173","3.944603204727173"
"23850","953","953","953","3.9100701808929443","3.9100701808929443","3.9100701808929443"
"23900","955","955","955","3.8995211124420166","3.8995211124420166","3.8995211124420166"
"23950","957","957","957","3.891939163208008","3.891939163208008","3.891939163208008"
"24000","959","959","959","3.956089973449707","3.956089973449707","3.956089973449707"
"24050","961","961","961","3.9337973594665527","3.9337973594665527","3.9337973594665527"
"24100","963","963","963","3.9265987873077393","3.9265987873077393","3.9265987873077393"
"24150","965","965","965","3.993133544921875","3.993133544921875","3.993133544921875"
"24200","967","967","967","4.02394437789917","4.02394437789917","4.02394437789917"
"24250","969","969","969","3.909785509109497","3.909785509109497","3.909785509109497"
"24300","971","971","971","4.084506988525391","4.084506988525391","4.084506988525391"
"24350","973","973","973","4.008897304534912","4.008897304534912","4.008897304534912"
"24400","975","975","975","3.924276828765869","3.924276828765869","3.924276828765869"
"24450","977","977","977","3.9230663776397705","3.9230663776397705","3.9230663776397705"
"24500","979","979","979","3.9425482749938965","3.9425482749938965","3.9425482749938965"
"24550","981","981","981","3.9568421840667725","3.9568421840667725","3.9568421840667725"
"24600","983","983","983","4.115408420562744","4.115408420562744","4.115408420562744"
"24650","985","985","985","3.945380687713623","3.945380687713623","3.945380687713623"
"24700","987","987","987","4.015944957733154","4.015944957733154","4.015944957733154"
"24750","989","989","989","4.053540229797363","4.053540229797363","4.053540229797363"
"24800","991","991","991","3.9090471267700195","3.9090471267700195","3.9090471267700195"
"24850","993","993","993","3.95794677734375","3.95794677734375","3.95794677734375"
"24900","995","995","995","3.984976291656494","3.984976291656494","3.984976291656494"
"24950","997","997","997","4.024819850921631","4.024819850921631","4.024819850921631"
"25000","999","999","999","3.9935896396636963","3.9935896396636963","3.9935896396636963"
"25050","1001","1001","1001","3.9716849327087402","3.9716849327087402","3.9716849327087402"
"25100","1003","1003","1003","3.9239795207977295","3.9239795207977295","3.9239795207977295"
"25150","1005","1005","1005","4.007654666900635","4.007654666900635","4.007654666900635"
"25200","1007","1007","1007","3.946467638015747","3.946467638015747","3.946467638015747"
"25250","1009","1009","1009","4.020746231079102","4.020746231079102","4.020746231079102"
"25300","1011","1011","1011","4.012580871582031","4.012580871582031","4.012580871582031"
"25350","1013","1013","1013","3.8983187675476074","3.8983187675476074","3.8983187675476074"
"25400","1015","1015","1015","4.150754451751709","4.150754451751709","4.150754451751709"
"25450","1017","1017","1017","4.10591459274292","4.10591459274292","4.10591459274292"
"25500","1019","1019","1019","4.047852993011475","4.047852993011475","4.047852993011475"
"25550","1021","1021","1021","4.015242576599121","4.015242576599121","4.015242576599121"
"25600","1023","1023","1023","4.011984825134277","4.011984825134277","4.011984825134277"
"25650","1025","1025","1025","4.0534467697143555","4.0534467697143555","4.0534467697143555"
"25700","1027","1027","1027","4.039547443389893","4.039547443389893","4.039547443389893"
"25750","1029","1029","1029","3.9855480194091797","3.9855480194091797","3.9855480194091797"
"25800","1031","1031","1031","4.021141529083252","4.021141529083252","4.021141529083252"
"25850","1033","1033","1033","4.016988754272461","4.016988754272461","4.016988754272461"
"25900","1035","1035","1035","3.9762845039367676","3.9762845039367676","3.9762845039367676"
"25950","1037","1037","1037","4.003493309020996","4.003493309020996","4.003493309020996"
"26000","1039","1039","1039","3.99133038520813","3.99133038520813","3.99133038520813"
"26050","1041","1041","1041","3.9739253520965576","3.9739253520965576","3.9739253520965576"
"26100","1043","1043","1043","3.9905476570129395","3.9905476570129395","3.9905476570129395"
"26150","1045","1045","1045","4.0380353927612305","4.0380353927612305","4.0380353927612305"
"26200","1047","1047","1047","3.940237522125244","3.940237522125244","3.940237522125244"
"26250","1049","1049","1049","4.2488508224487305","4.2488508224487305","4.2488508224487305"
"26300","1051","1051","1051","4.065328598022461","4.065328598022461","4.065328598022461"
"26350","1053","1053","1053","4.167543888092041","4.167543888092041","4.167543888092041"
"26400","1055","1055","1055","4.021918296813965","4.021918296813965","4.021918296813965"
"26450","1057","1057","1057","4.202221393585205","4.202221393585205","4.202221393585205"
"26500","1059","1059","1059","4.223007678985596","4.223007678985596","4.223007678985596"
"26550","1061","1061","1061","4.063296794891357","4.063296794891357","4.063296794891357"
"26600","1063","1063","1063","4.111139297485352","4.111139297485352","4.111139297485352"
"26650","1065","1065","1065","4.099597454071045","4.099597454071045","4.099597454071045"
"26700","1067","1067","1067","4.161046028137207","4.161046028137207","4.161046028137207"
"26750","1069","1069","1069","4.015207290649414","4.015207290649414","4.015207290649414"
"26800","1071","1071","1071","3.9995312690734863","3.9995312690734863","3.9995312690734863"
"26850","1073","1073","1073","3.993016242980957","3.993016242980957","3.993016242980957"
"26900","1075","1075","1075","3.946488380432129","3.946488380432129","3.946488380432129"
"26950","1077","1077","1077","4.028095722198486","4.028095722198486","4.028095722198486"
"27000","1079","1079","1079","4.046228408813477","4.046228408813477","4.046228408813477"
"27050","1081","1081","1081","3.930680990219116","3.930680990219116","3.930680990219116"
"27100","1083","1083","1083","4.335117340087891","4.335117340087891","4.335117340087891"
"27150","1085","1085","1085","4.223065376281738","4.223065376281738","4.223065376281738"
"27200","1087","1087","1087","4.2104387283325195","4.2104387283325195","4.2104387283325195"
"27250","1089","1089","1089","4.249767303466797","4.249767303466797","4.249767303466797"
"27300","1091","1091","1091","4.080312252044678","4.080312252044678","4.080312252044678"
"27350","1093","1093","1093","4.1411333084106445","4.1411333084106445","4.1411333084106445"
"27400","1095","1095","1095","4.165668964385986","4.165668964385986","4.165668964385986"
"27450","1097","1097","1097","4.077356338500977","4.077356338500977","4.077356338500977"
"27500","1099","1099","1099","4.151399612426758","4.151399612426758","4.151399612426758"
"27550","1101","1101","1101","4.135850429534912","4.135850429534912","4.135850429534912"
"27600","1103","1103","1103","4.106601715087891","4.106601715087891","4.106601715087891"
"27650","1105","1105","1105","4.032666206359863","4.032666206359863","4.032666206359863"
"27700","1107","1107","1107","4.160214900970459","4.160214900970459","4.160214900970459"
"27750","1109","1109","1109","4.073280334472656","4.073280334472656","4.073280334472656"
"27800","1111","1111","1111","4.1162285804748535","4.1162285804748535","4.1162285804748535"
"27850","1113","1113","1113","3.9703829288482666","3.9703829288482666","3.9703829288482666"
"27900","1115","1115","1115","4.08292818069458","4.08292818069458","4.08292818069458"
"27950","1117","1117","1117","4.290594100952148","4.290594100952148","4.290594100952148"
"28000","1119","1119","1119","4.22788667678833","4.22788667678833","4.22788667678833"
"28050","1121","1121","1121","4.2661333084106445","4.2661333084106445","4.2661333084106445"
"28100","1123","1123","1123","4.212650299072266","4.212650299072266","4.212650299072266"
"28150","1125","1125","1125","4.127254486083984","4.127254486083984","4.127254486083984"
"28200","1127","1127","1127","4.3361897468566895","4.3361897468566895","4.3361897468566895"
"28250","1129","1129","1129","4.124215602874756","4.124215602874756","4.124215602874756"
"28300","1131","1131","1131","4.1863579750061035","4.1863579750061035","4.1863579750061035"
"28350","1133","1133","1133","4.18308162689209","4.18308162689209","4.18308162689209"
"28400","1135","1135","1135","4.174317836761475","4.174317836761475","4.174317836761475"
"28450","1137","1137","1137","4.184606552124023","4.184606552124023","4.184606552124023"
"28500","1139","1139","1139","4.182483196258545","4.182483196258545","4.182483196258545"
"28550","1141","1141","1141","4.156332969665527","4.156332969665527","4.156332969665527"
"28600","1143","1143","1143","4.0659403800964355","4.0659403800964355","4.0659403800964355"
"28650","1145","1145","1145","4.067448616027832","4.067448616027832","4.067448616027832"
"28700","1147","1147","1147","4.056042194366455","4.056042194366455","4.056042194366455"
"28750","1149","1149","1149","4.139036178588867","4.139036178588867","4.139036178588867"
"28800","1151","1151","1151","4.424674034118652","4.424674034118652","4.424674034118652"
"28850","1153","1153","1153","4.2953057289123535","4.2953057289123535","4.2953057289123535"
"28900","1155","1155","1155","4.365711212158203","4.365711212158203","4.365711212158203"
"28950","1157","1157","1157","4.252410411834717","4.252410411834717","4.252410411834717"
"29000","1159","1159","1159","4.264047622680664","4.264047622680664","4.264047622680664"
"29050","1161","1161","1161","4.206172466278076","4.206172466278076","4.206172466278076"
"29100","1163","1163","1163","4.150845050811768","4.150845050811768","4.150845050811768"
"29150","1165","1165","1165","4.2557268142700195","4.2557268142700195","4.2557268142700195"
"29200","1167","1167","1167","4.143368244171143","4.143368244171143","4.143368244171143"
"29250","1169","1169","1169","4.204644203186035","4.204644203186035","4.204644203186035"
"29300","1171","1171","1171","4.1479363441467285","4.1479363441467285","4.1479363441467285"
"29350","1173","1173","1173","4.1926093101501465","4.1926093101501465","4.1926093101501465"
"29400","1175","1175","1175","4.172067642211914","4.172067642211914","4.172067642211914"
"29450","1177","1177","1177","4.157387733459473","4.157387733459473","4.157387733459473"
"29500","1179","1179","1179","4.0953850746154785","4.0953850746154785","4.0953850746154785"
"29550","1181","1181","1181","4.20987606048584","4.20987606048584","4.20987606048584"
"29600","1183","1183","1183","4.258275032043457","4.258275032043457","4.258275032043457"
"29650","1185","1185","1185","4.395801067352295","4.395801067352295","4.395801067352295"
"29700","1187","1187","1187","4.298063278198242","4.298063278198242","4.298063278198242"
"29750","1189","1189","1189","4.286670207977295","4.286670207977295","4.286670207977295"
"29800","1191","1191","1191","4.32736349105835","4.32736349105835","4.32736349105835"
"29850","1193","1193","1193","4.237048149108887","4.237048149108887","4.237048149108887"
"29900","1195","1195","1195","4.290664196014404","4.290664196014404","4.290664196014404"
"29950","1197","1197","1197","4.25819206237793","4.25819206237793","4.25819206237793"
"30000","1199","1199","1199","4.16471004486084","4.16471004486084","4.16471004486084"
"30050","1201","1201","1201","4.187952518463135","4.187952518463135","4.187952518463135"
"30100","1203","1203","1203","4.319756507873535","4.319756507873535","4.319756507873535"
"30150","1205","1205","1205","4.24587869644165","4.24587869644165","4.24587869644165"
"30200","1207","1207","1207","4.112061977386475","4.112061977386475","4.112061977386475"
"30250","1209","1209","1209","4.305590629577637","4.305590629577637","4.305590629577637"
"30300","1211","1211","1211","4.146849632263184","4.146849632263184","4.146849632263184"
"30350","1213","1213","1213","4.258957386016846","4.258957386016846","4.258957386016846"
"30400","1215","1215","1215","4.1302618980407715","4.1302618980407715","4.1302618980407715"
"30450","1217","1217","1217","4.3056321144104","4.3056321144104","4.3056321144104"
"30500","1219","1219","1219","4.246533393859863","4.246533393859863","4.246533393859863"
"30550","1221","1221","1221","4.284387588500977","4.284387588500977","4.284387588500977"
"30600","1223","1223","1223","4.241981506347656","4.241981506347656","4.241981506347656"
"30650","1225","1225","1225","4.261497497558594","4.261497497558594","4.261497497558594"
"30700","1227","1227","1227","4.2659711837768555","4.2659711837768555","4.2659711837768555"
"30750","1229","1229","1229","4.2365403175354","4.2365403175354","4.2365403175354"
"30800","1231","1231","1231","4.234286785125732","4.234286785125732","4.234286785125732"
"30850","1233","1233","1233","4.218475341796875","4.218475341796875","4.218475341796875"
"30900","1235","1235","1235","4.470666408538818","4.470666408538818","4.470666408538818"
"30950","1237","1237","1237","4.35215425491333","4.35215425491333","4.35215425491333"
"31000","1239","1239","1239","4.3609442710876465","4.3609442710876465","4.3609442710876465"
"31050","1241","1241","1241","4.285578727722168","4.285578727722168","4.285578727722168"
"31100","1243","1243","1243","4.196214199066162","4.196214199066162","4.196214199066162"
"31150","1245","1245","1245","4.226844310760498","4.226844310760498","4.226844310760498"
"31200","1247","1247","1247","4.294095516204834","4.294095516204834","4.294095516204834"
"31250","1249","1249","1249","4.363033771514893","4.363033771514893","4.363033771514893"
"31300","1251","1251","1251","4.368821620941162","4.368821620941162","4.368821620941162"
"31350","1253","1253","1253","4.248201370239258","4.248201370239258","4.248201370239258"
"31400","1255","1255","1255","4.399320125579834","4.399320125579834","4.399320125579834"
"31450","1257","1257","1257","4.379310607910156","4.379310607910156","4.379310607910156"
"31500","1259","1259","1259","4.316860198974609","4.316860198974609","4.316860198974609"
"31550","1261","1261","1261","4.296675205230713","4.296675205230713","4.296675205230713"
"31600","1263","1263","1263","4.262700080871582","4.262700080871582","4.262700080871582"
"31650","1265","1265","1265","4.270975112915039","4.270975112915039","4.270975112915039"
"31700","1267","1267","1267","4.386831760406494","4.386831760406494","4.386831760406494"
"31750","1269","1269","1269","4.478237152099609","4.478237152099609","4.478237152099609"
"31800","1271","1271","1271","4.4841108322143555","4.4841108322143555","4.4841108322143555"
"31850","1273","1273","1273","4.3498969078063965","4.3498969078063965","4.3498969078063965"
"31900","1275","1275","1275","4.214762210845947","4.214762210845947","4.214762210845947"
"31950","1277","1277","1277","4.280069828033447","4.280069828033447","4.280069828033447"
"32000","1279","1279","1279","4.237668514251709","4.237668514251709","4.237668514251709"
"32050","1281","1281","1281","4.419919967651367","4.419919967651367","4.419919967651367"
"32100","1283","1283","1283","4.242403507232666","4.242403507232666","4.242403507232666"
"32150","1285","1285","1285","4.418971061706543","4.418971061706543","4.418971061706543"
"32200","1287","1287","1287","4.23721170425415","4.23721170425415","4.23721170425415"
"32250","1289","1289","1289","4.28973913192749","4.28973913192749","4.28973913192749"
"32300","1291","1291","1291","4.298677444458008","4.298677444458008","4.298677444458008"
"32350","1293","1293","1293","4.325656414031982","4.325656414031982","4.325656414031982"
"32400","1295","1295","1295","4.291748523712158","4.291748523712158","4.291748523712158"
"32450","1297","1297","1297","4.263210296630859","4.263210296630859","4.263210296630859"
"32500","1299","1299","1299","4.307009696960449","4.307009696960449","4.307009696960449"
"32550","1301","1301","1301","4.205329895019531","4.205329895019531","4.205329895019531"
"32600","1303","1303","1303","4.610278606414795","4.610278606414795","4.610278606414795"
"32650","1305","1305","1305","4.46614408493042","4.46614408493042","4.46614408493042"
"32700","1307","1307","1307","4.438772201538086","4.438772201538086","4.438772201538086"
"32750","1309","1309","1309","4.567383289337158","4.567383289337158","4.567383289337158"
"32800","1311","1311","1311","4.34536075592041","4.34536075592041","4.34536075592041"
"32850","1313","1313","1313","4.272248268127441","4.272248268127441","4.272248268127441"
"32900","1315","1315","1315","4.492034435272217","4.492034435272217","4.492034435272217"
"32950","1317","1317","1317","4.292722702026367","4.292722702026367","4.292722702026367"
"33000","1319","1319","1319","4.440507888793945","4.440507888793945","4.440507888793945"
"33050","1321","1321","1321","4.381010055541992","4.381010055541992","4.381010055541992"
"33100","1323","1323","1323","4.395537853240967","4.395537853240967","4.395537853240967"
"33150","1325","1325","1325","4.191067218780518","4.191067218780518","4.191067218780518"
"33200","1327","1327","1327","4.358597278594971","4.358597278594971","4.358597278594971"
"33250","1329","1329","1329","4.244377136230469","4.244377136230469","4.244377136230469"
"33300","1331","1331","1331","4.253739833831787","4.253739833831787","4.253739833831787"
"33350","1333","1333","1333","4.26177978515625","4.26177978515625","4.26177978515625"
"33400","1335","1335","1335","4.2819390296936035","4.2819390296936035","4.2819390296936035"
"33450","1337","1337","1337","4.558357238769531","4.558357238769531","4.558357238769531"
"33500","1339","1339","1339","4.4686055183410645","4.4686055183410645","4.4686055183410645"
"33550","1341","1341","1341","4.592464923858643","4.592464923858643","4.592464923858643"
"33600","1343","1343","1343","4.476436614990234","4.476436614990234","4.476436614990234"
"33650","1345","1345","1345","4.4230170249938965","4.4230170249938965","4.4230170249938965"
"33700","1347","1347","1347","4.373719692230225","4.373719692230225","4.373719692230225"
"33750","1349","1349","1349","4.421171188354492","4.421171188354492","4.421171188354492"
"33800","1351","1351","1351","4.443536758422852","4.443536758422852","4.443536758422852"
"33850","1353","1353","1353","4.431665420532227","4.431665420532227","4.431665420532227"
"33900","1355","1355","1355","4.4098100662231445","4.4098100662231445","4.4098100662231445"
"33950","1357","1357","1357","4.394700050354004","4.394700050354004","4.394700050354004"
"34000","1359","1359","1359","4.297298908233643","4.297298908233643","4.297298908233643"
"34050","1361","1361","1361","4.288902759552002","4.288902759552002","4.288902759552002"
"34100","1363","1363","1363","4.26320219039917","4.26320219039917","4.26320219039917"
"34150","1365","1365","1365","4.356954574584961","4.356954574584961","4.356954574584961"
"34200","1367","1367","1367","4.398251533508301","4.398251533508301","4.398251533508301"
"34250","1369","1369","1369","4.376687049865723","4.376687049865723","4.376687049865723"
"34300","1371","1371","1371","4.631875038146973","4.631875038146973","4.631875038146973"
"34350","1373","1373","1373","4.526151180267334","4.526151180267334","4.526151180267334"
"34400","1375","1375","1375","4.5225725173950195","4.5225725173950195","4.5225725173950195"
"34450","1377","1377","1377","4.525428771972656","4.525428771972656","4.525428771972656"
"34500","1379","1379","1379","4.510061264038086","4.510061264038086","4.510061264038086"
"34550","1381","1381","1381","4.448095321655273","4.448095321655273","4.448095321655273"
"34600","1383","1383","1383","4.479710102081299","4.479710102081299","4.479710102081299"
"34650","1385","1385","1385","4.442984580993652","4.442984580993652","4.442984580993652"
"34700","1387","1387","1387","4.477806568145752","4.477806568145752","4.477806568145752"
"34750","1389","1389","1389","4.392038822174072","4.392038822174072","4.392038822174072"
"34800","1391","1391","1391","4.4600396156311035","4.4600396156311035","4.4600396156311035"
"34850","1393","1393","1393","4.465788841247559","4.465788841247559","4.465788841247559"
"34900","1395","1395","1395","4.437927722930908","4.437927722930908","4.437927722930908"
"34950","1397","1397","1397","4.285874366760254","4.285874366760254","4.285874366760254"
"35000","1399","1399","1399","4.301253795623779","4.301253795623779","4.301253795623779"
"35050","1401","1401","1401","4.3672308921813965","4.3672308921813965","4.3672308921813965"
"35100","1403","1403","1403","4.552793502807617","4.552793502807617","4.552793502807617"
"35150","1405","1405","1405","4.55759334564209","4.55759334564209","4.55759334564209"
"35200","1407","1407","1407","4.590878963470459","4.590878963470459","4.590878963470459"
"35250","1409","1409","1409","4.465210437774658","4.465210437774658","4.465210437774658"
"35300","1411","1411","1411","4.526580333709717","4.526580333709717","4.526580333709717"
"35350","1413","1413","1413","4.342405796051025","4.342405796051025","4.342405796051025"
"35400","1415","1415","1415","4.44092321395874","4.44092321395874","4.44092321395874"
"35450","1417","1417","1417","4.458951473236084","4.458951473236084","4.458951473236084"
"35500","1419","1419","1419","4.44938325881958","4.44938325881958","4.44938325881958"
"35550","1421","1421","1421","4.554876327514648","4.554876327514648","4.554876327514648"
"35600","1423","1423","1423","4.429044723510742","4.429044723510742","4.429044723510742"
"35650","1425","1425","1425","4.400060176849365","4.400060176849365","4.400060176849365"
"35700","1427","1427","1427","4.290534019470215","4.290534019470215","4.290534019470215"
"35750","1429","1429","1429","4.384521484375","4.384521484375","4.384521484375"
"35800","1431","1431","1431","4.314916610717773","4.314916610717773","4.314916610717773"
"35850","1433","1433","1433","4.439640045166016","4.439640045166016","4.439640045166016"
"35900","1435","1435","1435","4.4270501136779785","4.4270501136779785","4.4270501136779785"
"35950","1437","1437","1437","4.585574626922607","4.585574626922607","4.585574626922607"
"36000","1439","1439","1439","4.61163854598999","4.61163854598999","4.61163854598999"
"36050","1441","1441","1441","4.538830280303955","4.538830280303955","4.538830280303955"
"36100","1443","1443","1443","4.543633460998535","4.543633460998535","4.543633460998535"
"36150","1445","1445","1445","4.5911545753479","4.5911545753479","4.5911545753479"
"36200","1447","1447","1447","4.459486484527588","4.459486484527588","4.459486484527588"
"36250","1449","1449","1449","4.439953804016113","4.439953804016113","4.439953804016113"
"36300","1451","1451","1451","4.468444347381592","4.468444347381592","4.468444347381592"
"36350","1453","1453","1453","4.469074249267578","4.469074249267578","4.469074249267578"
"36400","1455","1455","1455","4.593447208404541","4.593447208404541","4.593447208404541"
"36450","1457","1457","1457","4.543578624725342","4.543578624725342","4.543578624725342"
"36500","1459","1459","1459","4.4478020668029785","4.4478020668029785","4.4478020668029785"
"36550","1461","1461","1461","4.476772785186768","4.476772785186768","4.476772785186768"
"36600","1463","1463","1463","4.368844985961914","4.368844985961914","4.368844985961914"
"36650","1465","1465","1465","4.499297618865967","4.499297618865967","4.499297618865967"
"36700","1467","1467","1467","4.382667064666748","4.382667064666748","4.382667064666748"
"36750","1469","1469","1469","4.414361000061035","4.414361000061035","4.414361000061035"
"36800","1471","1471","1471","4.590219497680664","4.590219497680664","4.590219497680664"
"36850","1473","1473","1473","4.577728748321533","4.577728748321533","4.577728748321533"
"36900","1475","1475","1475","4.585830211639404","4.585830211639404","4.585830211639404"
"36950","1477","1477","1477","4.518537998199463","4.518537998199463","4.518537998199463"
"37000","1479","1479","1479","4.49901819229126","4.49901819229126","4.49901819229126"
"37050","1481","1481","1481","4.442725658416748","4.442725658416748","4.442725658416748"
"37100","1483","1483","1483","4.532097816467285","4.532097816467285","4.532097816467285"
"37150","1485","1485","1485","4.42487907409668","4.42487907409668","4.42487907409668"
"37200","1487","1487","1487","4.411362648010254","4.411362648010254","4.411362648010254"
"37250","1489","1489","1489","4.612638473510742","4.612638473510742","4.612638473510742"
"37300","1491","1491","1491","4.467344284057617","4.467344284057617","4.467344284057617"
"37350","1493","1493","1493","4.566363334655762","4.566363334655762","4.566363334655762"
"37400","1495","1495","1495","4.479014873504639","4.479014873504639","4.479014873504639"
"37450","1497","1497","1497","4.391605377197266","4.391605377197266","4.391605377197266"
"37500","1499","1499","1499","4.369202136993408","4.369202136993408","4.369202136993408"
"37550","1501","1501","1501","4.449005603790283","4.449005603790283","4.449005603790283"
"37600","1503","1503","1503","4.429492473602295","4.429492473602295","4.429492473602295"
"37650","1505","1505","1505","4.669956207275391","4.669956207275391","4.669956207275391"
"37700","1507","1507","1507","4.592479228973389","4.592479228973389","4.592479228973389"
"37750","1509","1509","1509","4.522654056549072","4.522654056549072","4.522654056549072"
"37800","1511","1511","1511","4.497659206390381","4.497659206390381","4.497659206390381"
"37850","1513","1513","1513","4.577448844909668","4.577448844909668","4.577448844909668"
"37900","1515","1515","1515","4.514997959136963","4.514997959136963","4.514997959136963"
"37950","1517","1517","1517","4.456733226776123","4.456733226776123","4.456733226776123"
"38000","1519","1519","1519","4.397222518920898","4.397222518920898","4.397222518920898"
"38050","1521","1521","1521","4.426328182220459","4.426328182220459","4.426328182220459"
"38100","1523","1523","1523","4.656706809997559","4.656706809997559","4.656706809997559"
"38150","1525","1525","1525","4.55014705657959","4.55014705657959","4.55014705657959"
"38200","1527","1527","1527","4.575506687164307","4.575506687164307","4.575506687164307"
"38250","1529","1529","1529","4.585855007171631","4.585855007171631","4.585855007171631"
"38300","1531","1531","1531","4.548417568206787","4.548417568206787","4.548417568206787"
"38350","1533","1533","1533","4.5964555740356445","4.5964555740356445","4.5964555740356445"
"38400","1535","1535","1535","4.402642250061035","4.402642250061035","4.402642250061035"
"38450","1537","1537","1537","4.509840488433838","4.509840488433838","4.509840488433838"
"38500","1539","1539","1539","4.596207141876221","4.596207141876221","4.596207141876221"
"38550","1541","1541","1541","4.53537654876709","4.53537654876709","4.53537654876709"
"38600","1543","1543","1543","4.556938171386719","4.556938171386719","4.556938171386719"
"38650","1545","1545","1545","4.492100715637207","4.492100715637207","4.492100715637207"
"38700","1547","1547","1547","4.4714789390563965","4.4714789390563965","4.4714789390563965"
"38750","1549","1549","1549","4.569984436035156","4.569984436035156","4.569984436035156"
"38800","1551","1551","1551","4.477489948272705","4.477489948272705","4.477489948272705"
"38850","1553","1553","1553","4.522348880767822","4.522348880767822","4.522348880767822"
"38900","1555","1555","1555","4.496315002441406","4.496315002441406","4.496315002441406"
"38950","1557","1557","1557","4.734367370605469","4.734367370605469","4.734367370605469"
"39000","1559","1559","1559","4.61683988571167","4.61683988571167","4.61683988571167"
"39050","1561","1561","1561","4.563406944274902","4.563406944274902","4.563406944274902"
"39100","1563","1563","1563","4.537513256072998","4.537513256072998","4.537513256072998"
"39150","1565","1565","1565","4.65878963470459","4.65878963470459","4.65878963470459"
"39200","1567","1567","1567","4.521393299102783","4.521393299102783","4.521393299102783"
"39250","1569","1569","1569","4.5165581703186035","4.5165581703186035","4.5165581703186035"
"39300","1571","1571","1571","4.637901306152344","4.637901306152344","4.637901306152344"
"39350","1573","1573","1573","4.676709175109863","4.676709175109863","4.676709175109863"
"39400","1575","1575","1575","4.569396018981934","4.569396018981934","4.569396018981934"
"39450","1577","1577","1577","4.517276287078857","4.517276287078857","4.517276287078857"
"39500","1579","1579","1579","4.45065450668335","4.45065450668335","4.45065450668335"
"39550","1581","1581","1581","4.4737467765808105","4.4737467765808105","4.4737467765808105"
"39600","1583","1583","1583","4.541942119598389","4.541942119598389","4.541942119598389"
"39650","1585","1585","1585","4.623537540435791","4.623537540435791","4.623537540435791"
"39700","1587","1587","1587","4.481528282165527","4.481528282165527","4.481528282165527"
"39750","1589","1589","1589","4.624673843383789","4.624673843383789","4.624673843383789"
"39800","1591","1591","1591","4.550870418548584","4.550870418548584","4.550870418548584"
"39850","1593","1593","1593","4.6802778244018555","4.6802778244018555","4.6802778244018555"
"39900","1595","1595","1595","4.656891345977783","4.656891345977783","4.656891345977783"
"39950","1597","1597","1597","4.641304016113281","4.641304016113281","4.641304016113281"
"40000","1599","1599","1599","4.575019359588623","4.575019359588623","4.575019359588623"
"40050","1601","1601","1601","4.602193832397461","4.602193832397461","4.602193832397461"
"40100","1603","1603","1603","4.521442890167236","4.521442890167236","4.521442890167236"
"40150","1605","1605","1605","4.553922176361084","4.553922176361084","4.553922176361084"
"40200","1607","1607","1607","4.669424057006836","4.669424057006836","4.669424057006836"
"40250","1609","1609","1609","4.4647722244262695","4.4647722244262695","4.4647722244262695"
"40300","1611","1611","1611","4.528012752532959","4.528012752532959","4.528012752532959"
"40350","1613","1613","1613","4.545704364776611","4.545704364776611","4.545704364776611"
"40400","1615","1615","1615","4.549648761749268","4.549648761749268","4.549648761749268"
"40450","1617","1617","1617","4.471932411193848","4.471932411193848","4.471932411193848"
"40500","1619","1619","1619","4.53780460357666","4.53780460357666","4.53780460357666"
"40550","1621","1621","1621","4.415153980255127","4.415153980255127","4.415153980255127"
"40600","1623","1623","1623","4.730014324188232","4.730014324188232","4.730014324188232"
"40650","1625","1625","1625","4.724815368652344","4.724815368652344","4.724815368652344"
"40700","1627","1627","1627","4.776411533355713","4.776411533355713","4.776411533355713"
"40750","1629","1629","1629","4.721039772033691","4.721039772033691","4.721039772033691"
"40800","1631","1631","1631","4.687085151672363","4.687085151672363","4.687085151672363"
"40850","1633","1633","1633","4.61099910736084","4.61099910736084","4.61099910736084"
"40900","1635","1635","1635","4.564598560333252","4.564598560333252","4.564598560333252"
"40950","1637","1637","1637","4.602566242218018","4.602566242218018","4.602566242218018"
"41000","1639","1639","1639","4.627020835876465","4.627020835876465","4.627020835876465"
"41050","1641","1641","1641","4.69177770614624","4.69177770614624","4.69177770614624"
"41100","1643","1643","1643","4.669315338134766","4.669315338134766","4.669315338134766"
"41150","1645","1645","1645","4.631758213043213","4.631758213043213","4.631758213043213"
"41200","1647","1647","1647","4.640632152557373","4.640632152557373","4.640632152557373"
"41250","1649","1649","1649","4.4937944412231445","4.4937944412231445","4.4937944412231445"
"41300","1651","1651","1651","4.509711742401123","4.509711742401123","4.509711742401123"
"41350","1653","1653","1653","4.582684516906738","4.582684516906738","4.582684516906738"
"41400","1655","1655","1655","4.658348083496094","4.658348083496094","4.658348083496094"
"41450","1657","1657","1657","4.698038101196289","4.698038101196289","4.698038101196289"
"41500","1659","1659","1659","4.647727012634277","4.647727012634277","4.647727012634277"
"41550","1661","1661","1661","4.619704246520996","4.619704246520996","4.619704246520996"
"41600","1663","1663","1663","4.599921703338623","4.599921703338623","4.599921703338623"
"41650","1665","1665","1665","4.648036956787109","4.648036956787109","4.648036956787109"
"41700","1667","1667","1667","4.555051326751709","4.555051326751709","4.555051326751709"
"41750","1669","1669","1669","4.680160999298096","4.680160999298096","4.680160999298096"
"41800","1671","1671","1671","4.6202545166015625","4.6202545166015625","4.6202545166015625"
"41850","1673","1673","1673","4.606526851654053","4.606526851654053","4.606526851654053"
"41900","1675","1675","1675","4.774240016937256","4.774240016937256","4.774240016937256"
"41950","1677","1677","1677","4.653425693511963","4.653425693511963","4.653425693511963"
"42000","1679","1679","1679","4.573985576629639","4.573985576629639","4.573985576629639"
"42050","1681","1681","1681","4.558193206787109","4.558193206787109","4.558193206787109"
"42100","1683","1683","1683","4.611523151397705","4.611523151397705","4.611523151397705"
"42150","1685","1685","1685","4.5216875076293945","4.5216875076293945","4.5216875076293945"
"42200","1687","1687","1687","4.646879196166992","4.646879196166992","4.646879196166992"
"42250","1689","1689","1689","4.59934663772583","4.59934663772583","4.59934663772583"
"42300","1691","1691","1691","4.760887622833252","4.760887622833252","4.760887622833252"
"42350","1693","1693","1693","4.751684188842773","4.751684188842773","4.751684188842773"
"42400","1695","1695","1695","4.671363353729248","4.671363353729248","4.671363353729248"
"42450","1697","1697","1697","4.671327114105225","4.671327114105225","4.671327114105225"
"42500","1699","1699","1699","4.66117000579834","4.66117000579834","4.66117000579834"
"42550","1701","1701","1701","4.530012607574463","4.530012607574463","4.530012607574463"
"42600","1703","1703","1703","4.5895891189575195","4.5895891189575195","4.5895891189575195"
"42650","1705","1705","1705","4.575977325439453","4.575977325439453","4.575977325439453"
"42700","1707","1707","1707","4.609851837158203","4.609851837158203","4.609851837158203"
"42750","1709","1709","1709","4.694314956665039","4.694314956665039","4.694314956665039"
"42800","1711","1711","1711","4.7215752601623535","4.7215752601623535","4.7215752601623535"
"42850","1713","1713","1713","4.721873760223389","4.721873760223389","4.721873760223389"
"42900","1715","1715","1715","4.749773025512695","4.749773025512695","4.749773025512695"
"42950","1717","1717","1717","4.672642707824707","4.672642707824707","4.672642707824707"
"43000","1719","1719","1719","4.707912921905518","4.707912921905518","4.707912921905518"
"43050","1721","1721","1721","4.657374858856201","4.657374858856201","4.657374858856201"
"43100","1723","1723","1723","4.471906661987305","4.471906661987305","4.471906661987305"
"43150","1725","1725","1725","4.786619186401367","4.786619186401367","4.786619186401367"
"43200","1727","1727","1727","4.679231643676758","4.679231643676758","4.679231643676758"
"43250","1729","1729","1729","4.6702070236206055","4.6702070236206055","4.6702070236206055"
"43300","1731","1731","1731","4.703420162200928","4.703420162200928","4.703420162200928"
"43350","1733","1733","1733","4.582942485809326","4.582942485809326","4.582942485809326"
"43400","1735","1735","1735","4.726228713989258","4.726228713989258","4.726228713989258"
"43450","1737","1737","1737","4.652066230773926","4.652066230773926","4.652066230773926"
"43500","1739","1739","1739","4.5693278312683105","4.5693278312683105","4.5693278312683105"
"43550","1741","1741","1741","4.712734222412109","4.712734222412109","4.712734222412109"
"43600","1743","1743","1743","4.749815464019775","4.749815464019775","4.749815464019775"
"43650","1745","1745","1745","4.725287437438965","4.725287437438965","4.725287437438965"
"43700","1747","1747","1747","4.734869480133057","4.734869480133057","4.734869480133057"
"43750","1749","1749","1749","4.708925724029541","4.708925724029541","4.708925724029541"
"43800","1751","1751","1751","4.640977382659912","4.640977382659912","4.640977382659912"
"43850","1753","1753","1753","4.710453987121582","4.710453987121582","4.710453987121582"
"43900","1755","1755","1755","4.49301290512085","4.49301290512085","4.49301290512085"
"43950","1757","1757","1757","4.585932731628418","4.585932731628418","4.585932731628418"
"44000","1759","1759","1759","4.733593463897705","4.733593463897705","4.733593463897705"
"44050","1761","1761","1761","4.634937763214111","4.634937763214111","4.634937763214111"
"44100","1763","1763","1763","4.653395652770996","4.653395652770996","4.653395652770996"
"44150","1765","1765","1765","4.639840602874756","4.639840602874756","4.639840602874756"
"44200","1767","1767","1767","4.704591274261475","4.704591274261475","4.704591274261475"
"44250","1769","1769","1769","4.586545944213867","4.586545944213867","4.586545944213867"
"44300","1771","1771","1771","4.719249725341797","4.719249725341797","4.719249725341797"
"44350","1773","1773","1773","4.671087741851807","4.671087741851807","4.671087741851807"
"44400","1775","1775","1775","4.668848991394043","4.668848991394043","4.668848991394043"
"44450","1777","1777","1777","4.807297229766846","4.807297229766846","4.807297229766846"
"44500","1779","1779","1779","4.627037048339844","4.627037048339844","4.627037048339844"
"44550","1781","1781","1781","4.655208587646484","4.655208587646484","4.655208587646484"
"44600","1783","1783","1783","4.771862030029297","4.771862030029297","4.771862030029297"
"44650","1785","1785","1785","4.657018661499023","4.657018661499023","4.657018661499023"
"44700","1787","1787","1787","4.766347885131836","4.766347885131836","4.766347885131836"
"44750","1789","1789","1789","4.652475357055664","4.652475357055664","4.652475357055664"
"44800","1791","1791","1791","4.6834716796875","4.6834716796875","4.6834716796875"
"44850","1793","1793","1793","4.82423734664917","4.82423734664917","4.82423734664917"
"44900","1795","1795","1795","4.6950249671936035","4.6950249671936035","4.6950249671936035"
"44950","1797","1797","1797","4.786062240600586","4.786062240600586","4.786062240600586"
"45000","1799","1799","1799","4.655648231506348","4.655648231506348","4.655648231506348"
"45050","1801","1801","1801","4.700105667114258","4.700105667114258","4.700105667114258"
"45100","1803","1803","1803","4.763103008270264","4.763103008270264","4.763103008270264"
"45150","1805","1805","1805","4.630654335021973","4.630654335021973","4.630654335021973"
"45200","1807","1807","1807","4.666917324066162","4.666917324066162","4.666917324066162"
"45250","1809","1809","1809","4.760415077209473","4.760415077209473","4.760415077209473"
"45300","1811","1811","1811","4.770550727844238","4.770550727844238","4.770550727844238"
"45350","1813","1813","1813","4.8037333488464355","4.8037333488464355","4.8037333488464355"
"45400","1815","1815","1815","4.706003189086914","4.706003189086914","4.706003189086914"
"45450","1817","1817","1817","4.701690673828125","4.701690673828125","4.701690673828125"
"45500","1819","1819","1819","4.698230266571045","4.698230266571045","4.698230266571045"
"45550","1821","1821","1821","4.715487003326416","4.715487003326416","4.715487003326416"
"45600","1823","1823","1823","4.729313850402832","4.729313850402832","4.729313850402832"
"45650","1825","1825","1825","4.762620449066162","4.762620449066162","4.762620449066162"
"45700","1827","1827","1827","4.87725305557251","4.87725305557251","4.87725305557251"
"45750","1829","1829","1829","4.688011169433594","4.688011169433594","4.688011169433594"
"45800","1831","1831","1831","4.722661018371582","4.722661018371582","4.722661018371582"
"45850","1833","1833","1833","4.791757583618164","4.791757583618164","4.791757583618164"
"45900","1835","1835","1835","4.667637825012207","4.667637825012207","4.667637825012207"
"45950","1837","1837","1837","4.66916036605835","4.66916036605835","4.66916036605835"
"46000","1839","1839","1839","4.682553768157959","4.682553768157959","4.682553768157959"
"46050","1841","1841","1841","4.723217010498047","4.723217010498047","4.723217010498047"
"46100","1843","1843","1843","4.848541259765625","4.848541259765625","4.848541259765625"
"46150","1845","1845","1845","4.87130069732666","4.87130069732666","4.87130069732666"
"46200","1847","1847","1847","4.7850518226623535","4.7850518226623535","4.7850518226623535"
"46250","1849","1849","1849","4.709762096405029","4.709762096405029","4.709762096405029"
"46300","1851","1851","1851","4.709551811218262","4.709551811218262","4.709551811218262"
"46350","1853","1853","1853","4.664596080780029","4.664596080780029","4.664596080780029"
"46400","1855","1855","1855","4.6835832595825195","4.6835832595825195","4.6835832595825195"
"46450","1857","1857","1857","4.705460548400879","4.705460548400879","4.705460548400879"
"46500","1859","1859","1859","4.712093353271484","4.712093353271484","4.712093353271484"
"46550","1861","1861","1861","4.785877704620361","4.785877704620361","4.785877704620361"
"46600","1863","1863","1863","4.790615081787109","4.790615081787109","4.790615081787109"
"46650","1865","1865","1865","4.720044136047363","4.720044136047363","4.720044136047363"
"46700","1867","1867","1867","4.7765936851501465","4.7765936851501465","4.7765936851501465"
"46750","1869","1869","1869","4.75735330581665","4.75735330581665","4.75735330581665"
"46800","1871","1871","1871","4.675879955291748","4.675879955291748","4.675879955291748"
"46850","1873","1873","1873","4.750382900238037","4.750382900238037","4.750382900238037"
"46900","1875","1875","1875","4.773400783538818","4.773400783538818","4.773400783538818"
"46950","1877","1877","1877","4.850070953369141","4.850070953369141","4.850070953369141"
"47000","1879","1879","1879","4.67781925201416","4.67781925201416","4.67781925201416"
"47050","1881","1881","1881","4.717418193817139","4.717418193817139","4.717418193817139"
"47100","1883","1883","1883","4.762210369110107","4.762210369110107","4.762210369110107"
"47150","1885","1885","1885","4.73760461807251","4.73760461807251","4.73760461807251"
"47200","1887","1887","1887","4.786679267883301","4.786679267883301","4.786679267883301"
"47250","1889","1889","1889","4.851121425628662","4.851121425628662","4.851121425628662"
"47300","1891","1891","1891","4.6963114738464355","4.6963114738464355","4.6963114738464355"
"47350","1893","1893","1893","4.862553596496582","4.862553596496582","4.862553596496582"
"47400","1895","1895","1895","4.906806945800781","4.906806945800781","4.906806945800781"
"47450","1897","1897","1897","4.852257251739502","4.852257251739502","4.852257251739502"
"47500","1899","1899","1899","4.744604110717773","4.744604110717773","4.744604110717773"
"47550","1901","1901","1901","4.775632858276367","4.775632858276367","4.775632858276367"
"47600","1903","1903","1903","4.798501014709473","4.798501014709473","4.798501014709473"
"47650","1905","1905","1905","4.7160964012146","4.7160964012146","4.7160964012146"
"47700","1907","1907","1907","4.809588432312012","4.809588432312012","4.809588432312012"
"47750","1909","1909","1909","4.692647933959961","4.692647933959961","4.692647933959961"
"47800","1911","1911","1911","4.772141933441162","4.772141933441162","4.772141933441162"
"47850","1913","1913","1913","4.732956409454346","4.732956409454346","4.732956409454346"
"47900","1915","1915","1915","4.6849517822265625","4.6849517822265625","4.6849517822265625"
"47950","1917","1917","1917","4.771303653717041","4.771303653717041","4.771303653717041"
"48000","1919","1919","1919","4.731429100036621","4.731429100036621","4.731429100036621"
"48050","1921","1921","1921","4.6862664222717285","4.6862664222717285","4.6862664222717285"
"48100","1923","1923","1923","4.706577301025391","4.706577301025391","4.706577301025391"
"48150","1925","1925","1925","4.688086986541748","4.688086986541748","4.688086986541748"
"48200","1927","1927","1927","4.755769729614258","4.755769729614258","4.755769729614258"
"48250","1929","1929","1929","4.822210311889648","4.822210311889648","4.822210311889648"
"48300","1931","1931","1931","4.95149564743042","4.95149564743042","4.95149564743042"
"48350","1933","1933","1933","4.915640830993652","4.915640830993652","4.915640830993652"
"48400","1935","1935","1935","4.744604110717773","4.744604110717773","4.744604110717773"
"48450","1937","1937","1937","4.767910480499268","4.767910480499268","4.767910480499268"
"48500","1939","1939","1939","4.783222198486328","4.783222198486328","4.783222198486328"
"48550","1941","1941","1941","4.678317546844482","4.678317546844482","4.678317546844482"
"48600","1943","1943","1943","4.7898759841918945","4.7898759841918945","4.7898759841918945"
"48650","1945","1945","1945","4.795566082000732","4.795566082000732","4.795566082000732"
"48700","1947","1947","1947","4.795127868652344","4.795127868652344","4.795127868652344"
"48750","1949","1949","1949","4.758345127105713","4.758345127105713","4.758345127105713"
"48800","1951","1951","1951","4.7399702072143555","4.7399702072143555","4.7399702072143555"
"48850","1953","1953","1953","4.679471969604492","4.679471969604492","4.679471969604492"
"48900","1955","1955","1955","4.707663536071777","4.707663536071777","4.707663536071777"
"48950","1957","1957","1957","4.599221706390381","4.599221706390381","4.599221706390381"
"49000","1959","1959","1959","4.779094219207764","4.779094219207764","4.779094219207764"
"49050","1961","1961","1961","4.757821559906006","4.757821559906006","4.757821559906006"
"49100","1963","1963","1963","4.9012579917907715","4.9012579917907715","4.9012579917907715"
"49150","1965","1965","1965","4.868463516235352","4.868463516235352","4.868463516235352"
"49200","1967","1967","1967","4.805415153503418","4.805415153503418","4.805415153503418"
"49250","1969","1969","1969","4.825279235839844","4.825279235839844","4.825279235839844"
"49300","1971","1971","1971","4.827592372894287","4.827592372894287","4.827592372894287"
"49350","1973","1973","1973","4.771957874298096","4.771957874298096","4.771957874298096"
"49400","1975","1975","1975","4.7777509689331055","4.7777509689331055","4.7777509689331055"
"49450","1977","1977","1977","4.7883477210998535","4.7883477210998535","4.7883477210998535"
"49500","1979","1979","1979","4.860056400299072","4.860056400299072","4.860056400299072"
"49550","1981","1981","1981","4.888805389404297","4.888805389404297","4.888805389404297"
"49600","1983","1983","1983","4.907072067260742","4.907072067260742","4.907072067260742"
"49650","1985","1985","1985","4.806386470794678","4.806386470794678","4.806386470794678"
"49700","1987","1987","1987","4.862081527709961","4.862081527709961","4.862081527709961"
"49750","1989","1989","1989","4.709282398223877","4.709282398223877","4.709282398223877"
"49800","1991","1991","1991","4.8126983642578125","4.8126983642578125","4.8126983642578125"
"49850","1993","1993","1993","4.755536079406738","4.755536079406738","4.755536079406738"
"49900","1995","1995","1995","4.866693019866943","4.866693019866943","4.866693019866943"
"49950","1997","1997","1997","4.837165832519531","4.837165832519531","4.837165832519531"
"50000","1999","1999","1999","4.861412048339844","4.861412048339844","4.861412048339844"
"50050","2001","2001","2001","4.760259628295898","4.760259628295898","4.760259628295898"
"50100","2003","2003","2003","4.857895374298096","4.857895374298096","4.857895374298096"
"50150","2005","2005","2005","4.930862903594971","4.930862903594971","4.930862903594971"
"50200","2007","2007","2007","4.865316390991211","4.865316390991211","4.865316390991211"
"50250","2009","2009","2009","4.704699993133545","4.704699993133545","4.704699993133545"
"50300","2011","2011","2011","4.859218597412109","4.859218597412109","4.859218597412109"
"50350","2013","2013","2013","4.803401947021484","4.803401947021484","4.803401947021484"
"50400","2015","2015","2015","4.778488636016846","4.778488636016846","4.778488636016846"
"50450","2017","2017","2017","4.767125129699707","4.767125129699707","4.767125129699707"
"50500","2019","2019","2019","4.8032941818237305","4.8032941818237305","4.8032941818237305"
"50550","2021","2021","2021","4.761392116546631","4.761392116546631","4.761392116546631"
"50600","2023","2023","2023","4.7907209396362305","4.7907209396362305","4.7907209396362305"
"50650","2025","2025","2025","4.7834038734436035","4.7834038734436035","4.7834038734436035"
"50700","2027","2027","2027","4.736269474029541","4.736269474029541","4.736269474029541"
"50750","2029","2029","2029","4.836428642272949","4.836428642272949","4.836428642272949"
"50800","2031","2031","2031","4.861666202545166","4.861666202545166","4.861666202545166"
"50850","2033","2033","2033","4.7900800704956055","4.7900800704956055","4.7900800704956055"
"50900","2035","2035","2035","4.778170108795166","4.778170108795166","4.778170108795166"
"50950","2037","2037","2037","4.745997428894043","4.745997428894043","4.745997428894043"
"51000","2039","2039","2039","4.753745079040527","4.753745079040527","4.753745079040527"
"51050","2041","2041","2041","4.796874046325684","4.796874046325684","4.796874046325684"
"51100","2043","2043","2043","4.870786190032959","4.870786190032959","4.870786190032959"
"51150","2045","2045","2045","4.690375804901123","4.690375804901123","4.690375804901123"
"51200","2047","2047","2047","4.9969892501831055","4.9969892501831055","4.9969892501831055"
"51250","2049","2049","2049","4.729370594024658","4.729370594024658","4.729370594024658"
"51300","2051","2051","2051","4.896423816680908","4.896423816680908","4.896423816680908"
"51350","2053","2053","2053","4.715121746063232","4.715121746063232","4.715121746063232"
"51400","2055","2055","2055","4.841456413269043","4.841456413269043","4.841456413269043"
"51450","2057","2057","2057","4.718690395355225","4.718690395355225","4.718690395355225"
"51500","2059","2059","2059","4.7272162437438965","4.7272162437438965","4.7272162437438965"
"51550","2061","2061","2061","4.737861156463623","4.737861156463623","4.737861156463623"
"51600","2063","2063","2063","4.791725158691406","4.791725158691406","4.791725158691406"
"51650","2065","2065","2065","4.8233723640441895","4.8233723640441895","4.8233723640441895"
"51700","2067","2067","2067","4.752866744995117","4.752866744995117","4.752866744995117"
"51750","2069","2069","2069","4.77879524230957","4.77879524230957","4.77879524230957"
"51800","2071","2071","2071","4.7572526931762695","4.7572526931762695","4.7572526931762695"
"51850","2073","2073","2073","4.787772178649902","4.787772178649902","4.787772178649902"
"51900","2075","2075","2075","4.687891960144043","4.687891960144043","4.687891960144043"