"train/global_step","./llama_results_packing - _step","./llama_results_packing - _step__MIN","./llama_results_packing - _step__MAX","./llama_results_packing - eval/loss","./llama_results_packing - eval/loss__MIN","./llama_results_packing - eval/loss__MAX"
"50","1","1","1","2.2595367431640625","2.2595367431640625","2.2595367431640625"
"100","3","3","3","2.10835862159729","2.10835862159729","2.10835862159729"
"150","5","5","5","2.0716772079467773","2.0716772079467773","2.0716772079467773"
"200","7","7","7","2.0453076362609863","2.0453076362609863","2.0453076362609863"
"250","9","9","9","1.99113929271698","1.99113929271698","1.99113929271698"
"300","11","11","11","1.8978931903839111","1.8978931903839111","1.8978931903839111"
"350","13","13","13","1.72917640209198","1.72917640209198","1.72917640209198"
"400","15","15","15","1.7253005504608154","1.7253005504608154","1.7253005504608154"
"450","17","17","17","1.7044227123260498","1.7044227123260498","1.7044227123260498"
"500","19","19","19","1.6972488164901733","1.6972488164901733","1.6972488164901733"
"550","21","21","21","1.7003341913223267","1.7003341913223267","1.7003341913223267"
"600","23","23","23","1.6900403499603271","1.6900403499603271","1.6900403499603271"
"650","25","25","25","1.688256859779358","1.688256859779358","1.688256859779358"
"700","27","27","27","1.6889575719833374","1.6889575719833374","1.6889575719833374"
"750","29","29","29","1.6850186586380005","1.6850186586380005","1.6850186586380005"
"800","31","31","31","1.6802200078964233","1.6802200078964233","1.6802200078964233"
"850","33","33","33","1.6831085681915283","1.6831085681915283","1.6831085681915283"
"900","35","35","35","1.6811984777450562","1.6811984777450562","1.6811984777450562"
"950","37","37","37","1.677526831626892","1.677526831626892","1.677526831626892"
"1000","39","39","39","1.6754242181777954","1.6754242181777954","1.6754242181777954"
"1050","41","41","41","1.6737126111984253","1.6737126111984253","1.6737126111984253"
"1100","43","43","43","1.6758131980895996","1.6758131980895996","1.6758131980895996"
"1150","45","45","45","1.6688615083694458","1.6688615083694458","1.6688615083694458"
"1200","47","47","47","1.6705876588821411","1.6705876588821411","1.6705876588821411"
"1250","49","49","49","1.6718131303787231","1.6718131303787231","1.6718131303787231"
"1300","51","51","51","1.679249882698059","1.679249882698059","1.679249882698059"
"1350","53","53","53","1.6765960454940796","1.6765960454940796","1.6765960454940796"
"1400","55","55","55","1.6810857057571411","1.6810857057571411","1.6810857057571411"
"1450","57","57","57","1.6775190830230713","1.6775190830230713","1.6775190830230713"
"1500","59","59","59","1.6791956424713135","1.6791956424713135","1.6791956424713135"
"1550","61","61","61","1.67029869556427","1.67029869556427","1.67029869556427"
"1600","63","63","63","1.6754884719848633","1.6754884719848633","1.6754884719848633"
"1650","65","65","65","1.6708250045776367","1.6708250045776367","1.6708250045776367"
"1700","67","67","67","1.6667364835739136","1.6667364835739136","1.6667364835739136"
"1750","69","69","69","1.6631031036376953","1.6631031036376953","1.6631031036376953"
"1800","71","71","71","1.6589878797531128","1.6589878797531128","1.6589878797531128"
"1850","73","73","73","1.6608061790466309","1.6608061790466309","1.6608061790466309"
"1900","75","75","75","1.6646298170089722","1.6646298170089722","1.6646298170089722"
"1950","77","77","77","1.665489673614502","1.665489673614502","1.665489673614502"
"2000","79","79","79","1.6619635820388794","1.6619635820388794","1.6619635820388794"
"2050","81","81","81","1.6613696813583374","1.6613696813583374","1.6613696813583374"
"2100","83","83","83","1.6643259525299072","1.6643259525299072","1.6643259525299072"
"2150","85","85","85","1.6610480546951294","1.6610480546951294","1.6610480546951294"
"2200","87","87","87","1.6612250804901123","1.6612250804901123","1.6612250804901123"
"2250","89","89","89","1.6614868640899658","1.6614868640899658","1.6614868640899658"
"2300","91","91","91","1.6615947484970093","1.6615947484970093","1.6615947484970093"
"2350","93","93","93","1.6627471446990967","1.6627471446990967","1.6627471446990967"
"2400","95","95","95","1.6609355211257935","1.6609355211257935","1.6609355211257935"
"2450","97","97","97","1.6596225500106812","1.6596225500106812","1.6596225500106812"
"2500","99","99","99","1.6608856916427612","1.6608856916427612","1.6608856916427612"
"2550","101","101","101","1.6740808486938477","1.6740808486938477","1.6740808486938477"
"2600","103","103","103","1.6719716787338257","1.6719716787338257","1.6719716787338257"
"2650","105","105","105","1.6644351482391357","1.6644351482391357","1.6644351482391357"
"2700","107","107","107","1.6691523790359497","1.6691523790359497","1.6691523790359497"
"2750","109","109","109","1.6625947952270508","1.6625947952270508","1.6625947952270508"
"2800","111","111","111","1.664864182472229","1.664864182472229","1.664864182472229"
"2850","113","113","113","1.6689060926437378","1.6689060926437378","1.6689060926437378"
"2900","115","115","115","1.666586995124817","1.666586995124817","1.666586995124817"
"2950","117","117","117","1.659339427947998","1.659339427947998","1.659339427947998"
"3000","119","119","119","1.6643723249435425","1.6643723249435425","1.6643723249435425"
"3050","121","121","121","1.6593104600906372","1.6593104600906372","1.6593104600906372"
"3100","123","123","123","1.6624252796173096","1.6624252796173096","1.6624252796173096"
"3150","125","125","125","1.6648253202438354","1.6648253202438354","1.6648253202438354"
"3200","127","127","127","1.662343144416809","1.662343144416809","1.662343144416809"
"3250","129","129","129","1.6593652963638306","1.6593652963638306","1.6593652963638306"
"3300","131","131","131","1.6604467630386353","1.6604467630386353","1.6604467630386353"
"3350","133","133","133","1.6608202457427979","1.6608202457427979","1.6608202457427979"
"3400","135","135","135","1.6609492301940918","1.6609492301940918","1.6609492301940918"
"3450","137","137","137","1.6627589464187622","1.6627589464187622","1.6627589464187622"
"3500","139","139","139","1.6585766077041626","1.6585766077041626","1.6585766077041626"
"3550","141","141","141","1.6610838174819946","1.6610838174819946","1.6610838174819946"
"3600","143","143","143","1.6610721349716187","1.6610721349716187","1.6610721349716187"
"3650","145","145","145","1.6595643758773804","1.6595643758773804","1.6595643758773804"
"3700","147","147","147","1.6589936017990112","1.6589936017990112","1.6589936017990112"
"3750","149","149","149","1.6618149280548096","1.6618149280548096","1.6618149280548096"
"3800","151","151","151","1.6677031517028809","1.6677031517028809","1.6677031517028809"
"3850","153","153","153","1.66922128200531","1.66922128200531","1.66922128200531"
"3900","155","155","155","1.6765655279159546","1.6765655279159546","1.6765655279159546"
"3950","157","157","157","1.6697219610214233","1.6697219610214233","1.6697219610214233"
"4000","159","159","159","1.6720311641693115","1.6720311641693115","1.6720311641693115"
"4050","161","161","161","1.6706384420394897","1.6706384420394897","1.6706384420394897"
"4100","163","163","163","1.667070984840393","1.667070984840393","1.667070984840393"
"4150","165","165","165","1.6691652536392212","1.6691652536392212","1.6691652536392212"
"4200","167","167","167","1.6708576679229736","1.6708576679229736","1.6708576679229736"
"4250","169","169","169","1.6631598472595215","1.6631598472595215","1.6631598472595215"
"4300","171","171","171","1.6687054634094238","1.6687054634094238","1.6687054634094238"
"4350","173","173","173","1.66468346118927","1.66468346118927","1.66468346118927"
"4400","175","175","175","1.664469599723816","1.664469599723816","1.664469599723816"
"4450","177","177","177","1.6671775579452515","1.6671775579452515","1.6671775579452515"
"4500","179","179","179","1.6692864894866943","1.6692864894866943","1.6692864894866943"
"4550","181","181","181","1.664294719696045","1.664294719696045","1.664294719696045"
"4600","183","183","183","1.6646273136138916","1.6646273136138916","1.6646273136138916"
"4650","185","185","185","1.6678770780563354","1.6678770780563354","1.6678770780563354"
"4700","187","187","187","1.666305422782898","1.666305422782898","1.666305422782898"
"4750","189","189","189","1.6652531623840332","1.6652531623840332","1.6652531623840332"
"4800","191","191","191","1.6630769968032837","1.6630769968032837","1.6630769968032837"
"4850","193","193","193","1.664944052696228","1.664944052696228","1.664944052696228"
"4900","195","195","195","1.6685550212860107","1.6685550212860107","1.6685550212860107"
"4950","197","197","197","1.661295771598816","1.661295771598816","1.661295771598816"
"5000","199","199","199","1.6669926643371582","1.6669926643371582","1.6669926643371582"
"5050","201","201","201","1.677253007888794","1.677253007888794","1.677253007888794"
"5100","203","203","203","1.6718568801879883","1.6718568801879883","1.6718568801879883"
"5150","205","205","205","1.674519658088684","1.674519658088684","1.674519658088684"
"5200","207","207","207","1.6753005981445312","1.6753005981445312","1.6753005981445312"
"5250","209","209","209","1.6682090759277344","1.6682090759277344","1.6682090759277344"
"5300","211","211","211","1.667891263961792","1.667891263961792","1.667891263961792"
"5350","213","213","213","1.6770732402801514","1.6770732402801514","1.6770732402801514"
"5400","215","215","215","1.6749767065048218","1.6749767065048218","1.6749767065048218"
"5450","217","217","217","1.6782575845718384","1.6782575845718384","1.6782575845718384"
"5500","219","219","219","1.6779786348342896","1.6779786348342896","1.6779786348342896"
"5550","221","221","221","1.6771072149276733","1.6771072149276733","1.6771072149276733"
"5600","223","223","223","1.6777541637420654","1.6777541637420654","1.6777541637420654"
"5650","225","225","225","1.6747416257858276","1.6747416257858276","1.6747416257858276"
"5700","227","227","227","1.678473711013794","1.678473711013794","1.678473711013794"
"5750","229","229","229","1.674751877784729","1.674751877784729","1.674751877784729"
"5800","231","231","231","1.6772692203521729","1.6772692203521729","1.6772692203521729"
"5850","233","233","233","1.677383303642273","1.677383303642273","1.677383303642273"
"5900","235","235","235","1.6745498180389404","1.6745498180389404","1.6745498180389404"
"5950","237","237","237","1.6753724813461304","1.6753724813461304","1.6753724813461304"
"6000","239","239","239","1.6739528179168701","1.6739528179168701","1.6739528179168701"
"6050","241","241","241","1.6752055883407593","1.6752055883407593","1.6752055883407593"
"6100","243","243","243","1.67208993434906","1.67208993434906","1.67208993434906"
"6150","245","245","245","1.6729189157485962","1.6729189157485962","1.6729189157485962"
"6200","247","247","247","1.6701775789260864","1.6701775789260864","1.6701775789260864"
"6250","249","249","249","1.6742850542068481","1.6742850542068481","1.6742850542068481"
"6300","251","251","251","1.6827160120010376","1.6827160120010376","1.6827160120010376"
"6350","253","253","253","1.682509183883667","1.682509183883667","1.682509183883667"
"6400","255","255","255","1.6810004711151123","1.6810004711151123","1.6810004711151123"
"6450","257","257","257","1.682045817375183","1.682045817375183","1.682045817375183"
"6500","259","259","259","1.680391550064087","1.680391550064087","1.680391550064087"
"6550","261","261","261","1.6775873899459839","1.6775873899459839","1.6775873899459839"
"6600","263","263","263","1.6746925115585327","1.6746925115585327","1.6746925115585327"
"6650","265","265","265","1.6811118125915527","1.6811118125915527","1.6811118125915527"
"6700","267","267","267","1.695916771888733","1.695916771888733","1.695916771888733"
"6750","269","269","269","1.6932331323623657","1.6932331323623657","1.6932331323623657"
"6800","271","271","271","1.6898725032806396","1.6898725032806396","1.6898725032806396"
"6850","273","273","273","1.6913180351257324","1.6913180351257324","1.6913180351257324"
"6900","275","275","275","1.691141128540039","1.691141128540039","1.691141128540039"
"6950","277","277","277","1.6926428079605103","1.6926428079605103","1.6926428079605103"
"7000","279","279","279","1.6930993795394897","1.6930993795394897","1.6930993795394897"
"7050","281","281","281","1.688684105873108","1.688684105873108","1.688684105873108"
"7100","283","283","283","1.6903928518295288","1.6903928518295288","1.6903928518295288"
"7150","285","285","285","1.6878355741500854","1.6878355741500854","1.6878355741500854"
"7200","287","287","287","1.6857844591140747","1.6857844591140747","1.6857844591140747"
"7250","289","289","289","1.6851660013198853","1.6851660013198853","1.6851660013198853"
"7300","291","291","291","1.682142734527588","1.682142734527588","1.682142734527588"
"7350","293","293","293","1.686739206314087","1.686739206314087","1.686739206314087"
"7400","295","295","295","1.6831104755401611","1.6831104755401611","1.6831104755401611"
"7450","297","297","297","1.6823073625564575","1.6823073625564575","1.6823073625564575"
"7500","299","299","299","1.684293508529663","1.684293508529663","1.684293508529663"
"7550","301","301","301","1.6858985424041748","1.6858985424041748","1.6858985424041748"
"7600","303","303","303","1.689592957496643","1.689592957496643","1.689592957496643"
"7650","305","305","305","1.6932768821716309","1.6932768821716309","1.6932768821716309"
"7700","307","307","307","1.6899712085723877","1.6899712085723877","1.6899712085723877"
"7750","309","309","309","1.6925448179244995","1.6925448179244995","1.6925448179244995"
"7800","311","311","311","1.6918185949325562","1.6918185949325562","1.6918185949325562"
"7850","313","313","313","1.6894183158874512","1.6894183158874512","1.6894183158874512"
"7900","315","315","315","1.6899182796478271","1.6899182796478271","1.6899182796478271"
"7950","317","317","317","1.7211500406265259","1.7211500406265259","1.7211500406265259"
"8000","319","319","319","1.7205454111099243","1.7205454111099243","1.7205454111099243"
"8050","321","321","321","1.708592414855957","1.708592414855957","1.708592414855957"
"8100","323","323","323","1.7109169960021973","1.7109169960021973","1.7109169960021973"
"8150","325","325","325","1.705883264541626","1.705883264541626","1.705883264541626"
"8200","327","327","327","1.7078771591186523","1.7078771591186523","1.7078771591186523"
"8250","329","329","329","1.7062618732452393","1.7062618732452393","1.7062618732452393"
"8300","331","331","331","1.7145156860351562","1.7145156860351562","1.7145156860351562"
"8350","333","333","333","1.697350025177002","1.697350025177002","1.697350025177002"
"8400","335","335","335","1.699636459350586","1.699636459350586","1.699636459350586"
"8450","337","337","337","1.6988681554794312","1.6988681554794312","1.6988681554794312"
"8500","339","339","339","1.6947574615478516","1.6947574615478516","1.6947574615478516"
"8550","341","341","341","1.6976268291473389","1.6976268291473389","1.6976268291473389"
"8600","343","343","343","1.7013932466506958","1.7013932466506958","1.7013932466506958"
"8650","345","345","345","1.6970734596252441","1.6970734596252441","1.6970734596252441"
"8700","347","347","347","1.6937572956085205","1.6937572956085205","1.6937572956085205"
"8750","349","349","349","1.7004905939102173","1.7004905939102173","1.7004905939102173"
"8800","351","351","351","1.6974173784255981","1.6974173784255981","1.6974173784255981"
"8850","353","353","353","1.6988478899002075","1.6988478899002075","1.6988478899002075"
"8900","355","355","355","1.6992167234420776","1.6992167234420776","1.6992167234420776"
"8950","357","357","357","1.7047277688980103","1.7047277688980103","1.7047277688980103"
"9000","359","359","359","1.6961042881011963","1.6961042881011963","1.6961042881011963"
"9050","361","361","361","1.6964081525802612","1.6964081525802612","1.6964081525802612"
"9100","363","363","363","1.7000521421432495","1.7000521421432495","1.7000521421432495"
"9150","365","365","365","1.7036436796188354","1.7036436796188354","1.7036436796188354"
"9200","367","367","367","1.7228050231933594","1.7228050231933594","1.7228050231933594"
"9250","369","369","369","1.727728247642517","1.727728247642517","1.727728247642517"
"9300","371","371","371","1.7385163307189941","1.7385163307189941","1.7385163307189941"
"9350","373","373","373","1.7382456064224243","1.7382456064224243","1.7382456064224243"
"9400","375","375","375","1.733837366104126","1.733837366104126","1.733837366104126"
"9450","377","377","377","1.7300621271133423","1.7300621271133423","1.7300621271133423"
"9500","379","379","379","1.7267435789108276","1.7267435789108276","1.7267435789108276"
"9550","381","381","381","1.7259557247161865","1.7259557247161865","1.7259557247161865"
"9600","383","383","383","1.7229828834533691","1.7229828834533691","1.7229828834533691"
"9650","385","385","385","1.7187602519989014","1.7187602519989014","1.7187602519989014"
"9700","387","387","387","1.7181915044784546","1.7181915044784546","1.7181915044784546"
"9750","389","389","389","1.718615174293518","1.718615174293518","1.718615174293518"
"9800","391","391","391","1.713335633277893","1.713335633277893","1.713335633277893"
"9850","393","393","393","1.7081760168075562","1.7081760168075562","1.7081760168075562"
"9900","395","395","395","1.7067313194274902","1.7067313194274902","1.7067313194274902"
"9950","397","397","397","1.7096399068832397","1.7096399068832397","1.7096399068832397"
"10000","399","399","399","1.7171193361282349","1.7171193361282349","1.7171193361282349"
"10050","401","401","401","1.7127643823623657","1.7127643823623657","1.7127643823623657"
"10100","403","403","403","1.7104086875915527","1.7104086875915527","1.7104086875915527"
"10150","405","405","405","1.7103766202926636","1.7103766202926636","1.7103766202926636"
"10200","407","407","407","1.709917426109314","1.709917426109314","1.709917426109314"
"10250","409","409","409","1.7093708515167236","1.7093708515167236","1.7093708515167236"
"10300","411","411","411","1.713823676109314","1.713823676109314","1.713823676109314"
"10350","413","413","413","1.7116488218307495","1.7116488218307495","1.7116488218307495"
"10400","415","415","415","1.715671181678772","1.715671181678772","1.715671181678772"
"10450","417","417","417","1.748755931854248","1.748755931854248","1.748755931854248"
"10500","419","419","419","1.7426764965057373","1.7426764965057373","1.7426764965057373"
"10550","421","421","421","1.7463979721069336","1.7463979721069336","1.7463979721069336"
"10600","423","423","423","1.7479993104934692","1.7479993104934692","1.7479993104934692"
"10650","425","425","425","1.7433475255966187","1.7433475255966187","1.7433475255966187"
"10700","427","427","427","1.7461131811141968","1.7461131811141968","1.7461131811141968"
"10750","429","429","429","1.739886999130249","1.739886999130249","1.739886999130249"
"10800","431","431","431","1.7419854402542114","1.7419854402542114","1.7419854402542114"
"10850","433","433","433","1.7272361516952515","1.7272361516952515","1.7272361516952515"
"10900","435","435","435","1.7375036478042603","1.7375036478042603","1.7375036478042603"
"10950","437","437","437","1.7335290908813477","1.7335290908813477","1.7335290908813477"
"11000","439","439","439","1.7340651750564575","1.7340651750564575","1.7340651750564575"
"11050","441","441","441","1.7390862703323364","1.7390862703323364","1.7390862703323364"
"11100","443","443","443","1.732784628868103","1.732784628868103","1.732784628868103"
"11150","445","445","445","1.7294020652770996","1.7294020652770996","1.7294020652770996"
"11200","447","447","447","1.7241102457046509","1.7241102457046509","1.7241102457046509"
"11250","449","449","449","1.7260764837265015","1.7260764837265015","1.7260764837265015"
"11300","451","451","451","1.7244884967803955","1.7244884967803955","1.7244884967803955"
"11350","453","453","453","1.7207552194595337","1.7207552194595337","1.7207552194595337"
"11400","455","455","455","1.7248667478561401","1.7248667478561401","1.7248667478561401"
"11450","457","457","457","1.726340413093567","1.726340413093567","1.726340413093567"
"11500","459","459","459","1.7270878553390503","1.7270878553390503","1.7270878553390503"
"11550","461","461","461","1.719964623451233","1.719964623451233","1.719964623451233"
"11600","463","463","463","1.7191523313522339","1.7191523313522339","1.7191523313522339"
"11650","465","465","465","1.7343850135803223","1.7343850135803223","1.7343850135803223"
"11700","467","467","467","1.755847454071045","1.755847454071045","1.755847454071045"
"11750","469","469","469","1.7542071342468262","1.7542071342468262","1.7542071342468262"
"11800","471","471","471","1.753071904182434","1.753071904182434","1.753071904182434"
"11850","473","473","473","1.7444936037063599","1.7444936037063599","1.7444936037063599"
"11900","475","475","475","1.749889850616455","1.749889850616455","1.749889850616455"
"11950","477","477","477","1.7556265592575073","1.7556265592575073","1.7556265592575073"
"12000","479","479","479","1.7373278141021729","1.7373278141021729","1.7373278141021729"
"12050","481","481","481","1.7513742446899414","1.7513742446899414","1.7513742446899414"
"12100","483","483","483","1.7557274103164673","1.7557274103164673","1.7557274103164673"
"12150","485","485","485","1.7556792497634888","1.7556792497634888","1.7556792497634888"
"12200","487","487","487","1.7581582069396973","1.7581582069396973","1.7581582069396973"
"12250","489","489","489","1.757438063621521","1.757438063621521","1.757438063621521"
"12300","491","491","491","1.7450634241104126","1.7450634241104126","1.7450634241104126"
"12350","493","493","493","1.7515861988067627","1.7515861988067627","1.7515861988067627"
"12400","495","495","495","1.7496634721755981","1.7496634721755981","1.7496634721755981"
"12450","497","497","497","1.7538082599639893","1.7538082599639893","1.7538082599639893"
"12500","499","499","499","1.7459670305252075","1.7459670305252075","1.7459670305252075"
"12550","501","501","501","1.7373871803283691","1.7373871803283691","1.7373871803283691"
"12600","503","503","503","1.7436059713363647","1.7436059713363647","1.7436059713363647"
"12650","505","505","505","1.734951376914978","1.734951376914978","1.734951376914978"
"12700","507","507","507","1.736504316329956","1.736504316329956","1.736504316329956"
"12750","509","509","509","1.7346272468566895","1.7346272468566895","1.7346272468566895"
"12800","511","511","511","1.7416154146194458","1.7416154146194458","1.7416154146194458"
"12850","513","513","513","1.7387008666992188","1.7387008666992188","1.7387008666992188"
"12900","515","515","515","1.7501262426376343","1.7501262426376343","1.7501262426376343"
"12950","517","517","517","1.7567110061645508","1.7567110061645508","1.7567110061645508"
"13000","519","519","519","1.7682468891143799","1.7682468891143799","1.7682468891143799"
"13050","521","521","521","1.7610440254211426","1.7610440254211426","1.7610440254211426"
"13100","523","523","523","1.7598198652267456","1.7598198652267456","1.7598198652267456"
"13150","525","525","525","1.760491132736206","1.760491132736206","1.760491132736206"
"13200","527","527","527","1.7565287351608276","1.7565287351608276","1.7565287351608276"
"13250","529","529","529","1.7547541856765747","1.7547541856765747","1.7547541856765747"
"13300","531","531","531","1.7613853216171265","1.7613853216171265","1.7613853216171265"
"13350","533","533","533","1.7893238067626953","1.7893238067626953","1.7893238067626953"
"13400","535","535","535","1.7803092002868652","1.7803092002868652","1.7803092002868652"
"13450","537","537","537","1.7789233922958374","1.7789233922958374","1.7789233922958374"
"13500","539","539","539","1.7841335535049438","1.7841335535049438","1.7841335535049438"
"13550","541","541","541","1.774990439414978","1.774990439414978","1.774990439414978"
"13600","543","543","543","1.7828686237335205","1.7828686237335205","1.7828686237335205"
"13650","545","545","545","1.7725344896316528","1.7725344896316528","1.7725344896316528"
"13700","547","547","547","1.7655785083770752","1.7655785083770752","1.7655785083770752"
"13750","549","549","549","1.7578498125076294","1.7578498125076294","1.7578498125076294"
"13800","551","551","551","1.7610620260238647","1.7610620260238647","1.7610620260238647"
"13850","553","553","553","1.7506911754608154","1.7506911754608154","1.7506911754608154"
"13900","555","555","555","1.7565562725067139","1.7565562725067139","1.7565562725067139"
"13950","557","557","557","1.7502193450927734","1.7502193450927734","1.7502193450927734"
"14000","559","559","559","1.7578721046447754","1.7578721046447754","1.7578721046447754"
"14050","561","561","561","1.7491683959960938","1.7491683959960938","1.7491683959960938"
"14100","563","563","563","1.7486439943313599","1.7486439943313599","1.7486439943313599"
"14150","565","565","565","1.7638918161392212","1.7638918161392212","1.7638918161392212"
"14200","567","567","567","1.7625679969787598","1.7625679969787598","1.7625679969787598"
"14250","569","569","569","1.7676852941513062","1.7676852941513062","1.7676852941513062"
"14300","571","571","571","1.7867895364761353","1.7867895364761353","1.7867895364761353"
"14350","573","573","573","1.7755578756332397","1.7755578756332397","1.7755578756332397"
"14400","575","575","575","1.76386559009552","1.76386559009552","1.76386559009552"
"14450","577","577","577","1.7649401426315308","1.7649401426315308","1.7649401426315308"
"14500","579","579","579","1.757127285003662","1.757127285003662","1.757127285003662"
"14550","581","581","581","1.7504477500915527","1.7504477500915527","1.7504477500915527"
"14600","583","583","583","1.810272216796875","1.810272216796875","1.810272216796875"
"14650","585","585","585","1.799206018447876","1.799206018447876","1.799206018447876"
"14700","587","587","587","1.798239827156067","1.798239827156067","1.798239827156067"
"14750","589","589","589","1.8014342784881592","1.8014342784881592","1.8014342784881592"
"14800","591","591","591","1.8031494617462158","1.8031494617462158","1.8031494617462158"
"14850","593","593","593","1.7903634309768677","1.7903634309768677","1.7903634309768677"
"14900","595","595","595","1.7984381914138794","1.7984381914138794","1.7984381914138794"
"14950","597","597","597","1.8034476041793823","1.8034476041793823","1.8034476041793823"
"15000","599","599","599","1.790086269378662","1.790086269378662","1.790086269378662"
"15050","601","601","601","1.7790273427963257","1.7790273427963257","1.7790273427963257"
"15100","603","603","603","1.7782883644104004","1.7782883644104004","1.7782883644104004"
"15150","605","605","605","1.7728596925735474","1.7728596925735474","1.7728596925735474"
"15200","607","607","607","1.7724347114562988","1.7724347114562988","1.7724347114562988"
"15250","609","609","609","1.7696408033370972","1.7696408033370972","1.7696408033370972"
"15300","611","611","611","1.7648963928222656","1.7648963928222656","1.7648963928222656"
"15350","613","613","613","1.754730224609375","1.754730224609375","1.754730224609375"
"15400","615","615","615","1.7967897653579712","1.7967897653579712","1.7967897653579712"
"15450","617","617","617","1.7861143350601196","1.7861143350601196","1.7861143350601196"
"15500","619","619","619","1.7783169746398926","1.7783169746398926","1.7783169746398926"
"15550","621","621","621","1.7748852968215942","1.7748852968215942","1.7748852968215942"
"15600","623","623","623","1.7738680839538574","1.7738680839538574","1.7738680839538574"
"15650","625","625","625","1.7791043519973755","1.7791043519973755","1.7791043519973755"
"15700","627","627","627","1.7759209871292114","1.7759209871292114","1.7759209871292114"
"15750","629","629","629","1.76775062084198","1.76775062084198","1.76775062084198"
"15800","631","631","631","1.7753983736038208","1.7753983736038208","1.7753983736038208"
"15850","633","633","633","1.8316556215286255","1.8316556215286255","1.8316556215286255"
"15900","635","635","635","1.841300368309021","1.841300368309021","1.841300368309021"
"15950","637","637","637","1.8094722032546997","1.8094722032546997","1.8094722032546997"
"16000","639","639","639","1.8371509313583374","1.8371509313583374","1.8371509313583374"
"16050","641","641","641","1.8229583501815796","1.8229583501815796","1.8229583501815796"
"16100","643","643","643","1.8341948986053467","1.8341948986053467","1.8341948986053467"
"16150","645","645","645","1.8193355798721313","1.8193355798721313","1.8193355798721313"
"16200","647","647","647","1.824123740196228","1.824123740196228","1.824123740196228"
"16250","649","649","649","1.8006978034973145","1.8006978034973145","1.8006978034973145"
"16300","651","651","651","1.785244345664978","1.785244345664978","1.785244345664978"
"16350","653","653","653","1.7854076623916626","1.7854076623916626","1.7854076623916626"
"16400","655","655","655","1.7952499389648438","1.7952499389648438","1.7952499389648438"
"16450","657","657","657","1.7843103408813477","1.7843103408813477","1.7843103408813477"
"16500","659","659","659","1.7965847253799438","1.7965847253799438","1.7965847253799438"
"16550","661","661","661","1.792238473892212","1.792238473892212","1.792238473892212"
"16600","663","663","663","1.803815484046936","1.803815484046936","1.803815484046936"
"16650","665","665","665","1.803151249885559","1.803151249885559","1.803151249885559"
"16700","667","667","667","1.7887938022613525","1.7887938022613525","1.7887938022613525"
"16750","669","669","669","1.7901135683059692","1.7901135683059692","1.7901135683059692"
"16800","671","671","671","1.7919895648956299","1.7919895648956299","1.7919895648956299"
"16850","673","673","673","1.7846029996871948","1.7846029996871948","1.7846029996871948"
"16900","675","675","675","1.7799009084701538","1.7799009084701538","1.7799009084701538"
"16950","677","677","677","1.7748641967773438","1.7748641967773438","1.7748641967773438"
"17000","679","679","679","1.787680983543396","1.787680983543396","1.787680983543396"
"17050","681","681","681","1.8061153888702393","1.8061153888702393","1.8061153888702393"
"17100","683","683","683","1.8653228282928467","1.8653228282928467","1.8653228282928467"
"17150","685","685","685","1.8397806882858276","1.8397806882858276","1.8397806882858276"
"17200","687","687","687","1.8484272956848145","1.8484272956848145","1.8484272956848145"
"17250","689","689","689","1.8425042629241943","1.8425042629241943","1.8425042629241943"
"17300","691","691","691","1.8322714567184448","1.8322714567184448","1.8322714567184448"
"17350","693","693","693","1.847513198852539","1.847513198852539","1.847513198852539"
"17400","695","695","695","1.8565694093704224","1.8565694093704224","1.8565694093704224"
"17450","697","697","697","1.8344420194625854","1.8344420194625854","1.8344420194625854"
"17500","699","699","699","1.8274784088134766","1.8274784088134766","1.8274784088134766"
"17550","701","701","701","1.8045741319656372","1.8045741319656372","1.8045741319656372"
"17600","703","703","703","1.8319380283355713","1.8319380283355713","1.8319380283355713"
"17650","705","705","705","1.8224153518676758","1.8224153518676758","1.8224153518676758"
"17700","707","707","707","1.8210426568984985","1.8210426568984985","1.8210426568984985"
"17750","709","709","709","1.8163836002349854","1.8163836002349854","1.8163836002349854"
"17800","711","711","711","1.8145382404327393","1.8145382404327393","1.8145382404327393"
"17850","713","713","713","1.8108726739883423","1.8108726739883423","1.8108726739883423"
"17900","715","715","715","1.8124148845672607","1.8124148845672607","1.8124148845672607"
"17950","717","717","717","1.8096871376037598","1.8096871376037598","1.8096871376037598"
"18000","719","719","719","1.7986772060394287","1.7986772060394287","1.7986772060394287"
"18050","721","721","721","1.8017323017120361","1.8017323017120361","1.8017323017120361"
"18100","723","723","723","1.8131839036941528","1.8131839036941528","1.8131839036941528"
"18150","725","725","725","1.8147939443588257","1.8147939443588257","1.8147939443588257"
"18200","727","727","727","1.7908539772033691","1.7908539772033691","1.7908539772033691"
"18250","729","729","729","1.7907623052597046","1.7907623052597046","1.7907623052597046"
"18300","731","731","731","1.824897050857544","1.824897050857544","1.824897050857544"
"18350","733","733","733","1.8604419231414795","1.8604419231414795","1.8604419231414795"
"18400","735","735","735","1.8491547107696533","1.8491547107696533","1.8491547107696533"
"18450","737","737","737","1.8550091981887817","1.8550091981887817","1.8550091981887817"
"18500","739","739","739","1.8551665544509888","1.8551665544509888","1.8551665544509888"
"18550","741","741","741","1.840234398841858","1.840234398841858","1.840234398841858"
"18600","743","743","743","1.8559857606887817","1.8559857606887817","1.8559857606887817"
"18650","745","745","745","1.85382080078125","1.85382080078125","1.85382080078125"
"18700","747","747","747","1.8512176275253296","1.8512176275253296","1.8512176275253296"
"18750","749","749","749","1.8542896509170532","1.8542896509170532","1.8542896509170532"
"18800","751","751","751","1.8340084552764893","1.8340084552764893","1.8340084552764893"
"18850","753","753","753","1.8386454582214355","1.8386454582214355","1.8386454582214355"
"18900","755","755","755","1.8347728252410889","1.8347728252410889","1.8347728252410889"
"18950","757","757","757","1.84390127658844","1.84390127658844","1.84390127658844"
"19000","759","759","759","1.8343350887298584","1.8343350887298584","1.8343350887298584"
"19050","761","761","761","1.8385059833526611","1.8385059833526611","1.8385059833526611"
"19100","763","763","763","1.8408328294754028","1.8408328294754028","1.8408328294754028"
"19150","765","765","765","1.8422446250915527","1.8422446250915527","1.8422446250915527"
"19200","767","767","767","1.808731198310852","1.808731198310852","1.808731198310852"
"19250","769","769","769","1.8295172452926636","1.8295172452926636","1.8295172452926636"
"19300","771","771","771","1.8253388404846191","1.8253388404846191","1.8253388404846191"
"19350","773","773","773","1.8181284666061401","1.8181284666061401","1.8181284666061401"
"19400","775","775","775","1.8123779296875","1.8123779296875","1.8123779296875"
"19450","777","777","777","1.8161486387252808","1.8161486387252808","1.8161486387252808"
"19500","779","779","779","1.8176754713058472","1.8176754713058472","1.8176754713058472"
"19550","781","781","781","1.860812783241272","1.860812783241272","1.860812783241272"
"19600","783","783","783","1.873018503189087","1.873018503189087","1.873018503189087"
"19650","785","785","785","1.8697519302368164","1.8697519302368164","1.8697519302368164"
"19700","787","787","787","1.8737784624099731","1.8737784624099731","1.8737784624099731"
"19750","789","789","789","1.8457245826721191","1.8457245826721191","1.8457245826721191"
"19800","791","791","791","1.859545350074768","1.859545350074768","1.859545350074768"
"19850","793","793","793","1.8479013442993164","1.8479013442993164","1.8479013442993164"
"19900","795","795","795","1.8533605337142944","1.8533605337142944","1.8533605337142944"
"19950","797","797","797","1.8383104801177979","1.8383104801177979","1.8383104801177979"
"20000","799","799","799","1.8944543600082397","1.8944543600082397","1.8944543600082397"
"20050","801","801","801","1.8458130359649658","1.8458130359649658","1.8458130359649658"
"20100","803","803","803","1.876665472984314","1.876665472984314","1.876665472984314"
"20150","805","805","805","1.8531464338302612","1.8531464338302612","1.8531464338302612"
"20200","807","807","807","1.8508734703063965","1.8508734703063965","1.8508734703063965"
"20250","809","809","809","1.8631784915924072","1.8631784915924072","1.8631784915924072"
"20300","811","811","811","1.8541185855865479","1.8541185855865479","1.8541185855865479"
"20350","813","813","813","1.8655405044555664","1.8655405044555664","1.8655405044555664"
"20400","815","815","815","1.8347147703170776","1.8347147703170776","1.8347147703170776"
"20450","817","817","817","1.8435535430908203","1.8435535430908203","1.8435535430908203"
"20500","819","819","819","1.838296890258789","1.838296890258789","1.838296890258789"
"20550","821","821","821","1.846047043800354","1.846047043800354","1.846047043800354"
"20600","823","823","823","1.8126083612442017","1.8126083612442017","1.8126083612442017"
"20650","825","825","825","1.8457766771316528","1.8457766771316528","1.8457766771316528"
"20700","827","827","827","1.8207486867904663","1.8207486867904663","1.8207486867904663"
"20750","829","829","829","1.8329613208770752","1.8329613208770752","1.8329613208770752"
"20800","831","831","831","1.8832650184631348","1.8832650184631348","1.8832650184631348"
"20850","833","833","833","1.8656632900238037","1.8656632900238037","1.8656632900238037"
"20900","835","835","835","1.8701188564300537","1.8701188564300537","1.8701188564300537"
"20950","837","837","837","1.8691977262496948","1.8691977262496948","1.8691977262496948"
"21000","839","839","839","1.8668396472930908","1.8668396472930908","1.8668396472930908"
"21050","841","841","841","1.8514140844345093","1.8514140844345093","1.8514140844345093"
"21100","843","843","843","1.851337194442749","1.851337194442749","1.851337194442749"
"21150","845","845","845","1.8649823665618896","1.8649823665618896","1.8649823665618896"
"21200","847","847","847","1.8490773439407349","1.8490773439407349","1.8490773439407349"
"21250","849","849","849","1.9117430448532104","1.9117430448532104","1.9117430448532104"
"21300","851","851","851","1.89786958694458","1.89786958694458","1.89786958694458"
"21350","853","853","853","1.8899799585342407","1.8899799585342407","1.8899799585342407"
"21400","855","855","855","1.8977094888687134","1.8977094888687134","1.8977094888687134"
"21450","857","857","857","1.8932201862335205","1.8932201862335205","1.8932201862335205"
"21500","859","859","859","1.8864182233810425","1.8864182233810425","1.8864182233810425"
"21550","861","861","861","1.8750194311141968","1.8750194311141968","1.8750194311141968"
"21600","863","863","863","1.8898060321807861","1.8898060321807861","1.8898060321807861"
"21650","865","865","865","1.8623907566070557","1.8623907566070557","1.8623907566070557"
"21700","867","867","867","1.8681790828704834","1.8681790828704834","1.8681790828704834"
"21750","869","869","869","1.8595277070999146","1.8595277070999146","1.8595277070999146"
"21800","871","871","871","1.8583650588989258","1.8583650588989258","1.8583650588989258"
"21850","873","873","873","1.8492183685302734","1.8492183685302734","1.8492183685302734"
"21900","875","875","875","1.8445637226104736","1.8445637226104736","1.8445637226104736"
"21950","877","877","877","1.847634196281433","1.847634196281433","1.847634196281433"
"22000","879","879","879","1.8460683822631836","1.8460683822631836","1.8460683822631836"
"22050","881","881","881","1.907057523727417","1.907057523727417","1.907057523727417"
"22100","883","883","883","1.8743767738342285","1.8743767738342285","1.8743767738342285"
"22150","885","885","885","1.8663016557693481","1.8663016557693481","1.8663016557693481"
"22200","887","887","887","1.8839662075042725","1.8839662075042725","1.8839662075042725"
"22250","889","889","889","1.8854023218154907","1.8854023218154907","1.8854023218154907"
"22300","891","891","891","1.8840211629867554","1.8840211629867554","1.8840211629867554"
"22350","893","893","893","1.876174807548523","1.876174807548523","1.876174807548523"
"22400","895","895","895","1.8547452688217163","1.8547452688217163","1.8547452688217163"
"22450","897","897","897","1.868994951248169","1.868994951248169","1.868994951248169"
"22500","899","899","899","1.9086425304412842","1.9086425304412842","1.9086425304412842"
"22550","901","901","901","1.9158064126968384","1.9158064126968384","1.9158064126968384"
"22600","903","903","903","1.9271867275238037","1.9271867275238037","1.9271867275238037"
"22650","905","905","905","1.926348328590393","1.926348328590393","1.926348328590393"
"22700","907","907","907","1.9293599128723145","1.9293599128723145","1.9293599128723145"
"22750","909","909","909","1.9355531930923462","1.9355531930923462","1.9355531930923462"
"22800","911","911","911","1.9086591005325317","1.9086591005325317","1.9086591005325317"
"22850","913","913","913","1.9267354011535645","1.9267354011535645","1.9267354011535645"
"22900","915","915","915","1.8720673322677612","1.8720673322677612","1.8720673322677612"
"22950","917","917","917","1.874749779701233","1.874749779701233","1.874749779701233"
"23000","919","919","919","1.878442406654358","1.878442406654358","1.878442406654358"
"23050","921","921","921","1.8657302856445312","1.8657302856445312","1.8657302856445312"
"23100","923","923","923","1.8812474012374878","1.8812474012374878","1.8812474012374878"
"23150","925","925","925","1.8687242269515991","1.8687242269515991","1.8687242269515991"
"23200","927","927","927","1.877689003944397","1.877689003944397","1.877689003944397"
"23250","929","929","929","1.8768049478530884","1.8768049478530884","1.8768049478530884"
"23300","931","931","931","1.9180659055709839","1.9180659055709839","1.9180659055709839"
"23350","933","933","933","1.8937357664108276","1.8937357664108276","1.8937357664108276"
"23400","935","935","935","1.906787395477295","1.906787395477295","1.906787395477295"
"23450","937","937","937","1.8749384880065918","1.8749384880065918","1.8749384880065918"
"23500","939","939","939","1.8889245986938477","1.8889245986938477","1.8889245986938477"
"23550","941","941","941","1.8803895711898804","1.8803895711898804","1.8803895711898804"
"23600","943","943","943","1.8756190538406372","1.8756190538406372","1.8756190538406372"
"23650","945","945","945","1.8561432361602783","1.8561432361602783","1.8561432361602783"
"23700","947","947","947","1.8656069040298462","1.8656069040298462","1.8656069040298462"
"23750","949","949","949","1.9497644901275635","1.9497644901275635","1.9497644901275635"
"23800","951","951","951","1.9428268671035767","1.9428268671035767","1.9428268671035767"
"23850","953","953","953","1.932112693786621","1.932112693786621","1.932112693786621"
"23900","955","955","955","1.939507007598877","1.939507007598877","1.939507007598877"
"23950","957","957","957","1.9389402866363525","1.9389402866363525","1.9389402866363525"
"24000","959","959","959","1.9109857082366943","1.9109857082366943","1.9109857082366943"
"24050","961","961","961","1.9148343801498413","1.9148343801498413","1.9148343801498413"
"24100","963","963","963","1.9470860958099365","1.9470860958099365","1.9470860958099365"
"24150","965","965","965","1.8973438739776611","1.8973438739776611","1.8973438739776611"
"24200","967","967","967","1.910112977027893","1.910112977027893","1.910112977027893"
"24250","969","969","969","1.8786444664001465","1.8786444664001465","1.8786444664001465"
"24300","971","971","971","1.8918591737747192","1.8918591737747192","1.8918591737747192"
"24350","973","973","973","1.892469882965088","1.892469882965088","1.892469882965088"
"24400","975","975","975","1.902328372001648","1.902328372001648","1.902328372001648"
"24450","977","977","977","1.8908641338348389","1.8908641338348389","1.8908641338348389"
"24500","979","979","979","1.886002779006958","1.886002779006958","1.886002779006958"
"24550","981","981","981","1.9240225553512573","1.9240225553512573","1.9240225553512573"
"24600","983","983","983","1.899665117263794","1.899665117263794","1.899665117263794"
"24650","985","985","985","1.904128909111023","1.904128909111023","1.904128909111023"
"24700","987","987","987","1.9029756784439087","1.9029756784439087","1.9029756784439087"
"24750","989","989","989","1.8897778987884521","1.8897778987884521","1.8897778987884521"
"24800","991","991","991","1.9148911237716675","1.9148911237716675","1.9148911237716675"
"24850","993","993","993","1.8921083211898804","1.8921083211898804","1.8921083211898804"
"24900","995","995","995","1.882637619972229","1.882637619972229","1.882637619972229"
"24950","997","997","997","1.900503158569336","1.900503158569336","1.900503158569336"
"25000","999","999","999","1.9720970392227173","1.9720970392227173","1.9720970392227173"
"25050","1001","1001","1001","1.957196831703186","1.957196831703186","1.957196831703186"
"25100","1003","1003","1003","1.9823100566864014","1.9823100566864014","1.9823100566864014"
"25150","1005","1005","1005","1.9472050666809082","1.9472050666809082","1.9472050666809082"
"25200","1007","1007","1007","1.9288296699523926","1.9288296699523926","1.9288296699523926"
"25250","1009","1009","1009","1.9384452104568481","1.9384452104568481","1.9384452104568481"
"25300","1011","1011","1011","1.9343616962432861","1.9343616962432861","1.9343616962432861"
"25350","1013","1013","1013","1.967300295829773","1.967300295829773","1.967300295829773"
"25400","1015","1015","1015","1.9340786933898926","1.9340786933898926","1.9340786933898926"
"25450","1017","1017","1017","1.9117478132247925","1.9117478132247925","1.9117478132247925"
"25500","1019","1019","1019","1.9310284852981567","1.9310284852981567","1.9310284852981567"
"25550","1021","1021","1021","1.919129729270935","1.919129729270935","1.919129729270935"
"25600","1023","1023","1023","1.931434154510498","1.931434154510498","1.931434154510498"
"25650","1025","1025","1025","1.9103080034255981","1.9103080034255981","1.9103080034255981"
"25700","1027","1027","1027","1.9037317037582397","1.9037317037582397","1.9037317037582397"
"25750","1029","1029","1029","1.9163181781768799","1.9163181781768799","1.9163181781768799"
"25800","1031","1031","1031","1.9223952293395996","1.9223952293395996","1.9223952293395996"
"25850","1033","1033","1033","1.896681547164917","1.896681547164917","1.896681547164917"
"25900","1035","1035","1035","1.9476486444473267","1.9476486444473267","1.9476486444473267"
"25950","1037","1037","1037","1.8871172666549683","1.8871172666549683","1.8871172666549683"
"26000","1039","1039","1039","1.913069486618042","1.913069486618042","1.913069486618042"
"26050","1041","1041","1041","1.9020905494689941","1.9020905494689941","1.9020905494689941"
"26100","1043","1043","1043","1.9115864038467407","1.9115864038467407","1.9115864038467407"
"26150","1045","1045","1045","1.9103766679763794","1.9103766679763794","1.9103766679763794"
"26200","1047","1047","1047","1.9350993633270264","1.9350993633270264","1.9350993633270264"
"26250","1049","1049","1049","1.9724152088165283","1.9724152088165283","1.9724152088165283"
"26300","1051","1051","1051","1.9417556524276733","1.9417556524276733","1.9417556524276733"
"26350","1053","1053","1053","1.941554069519043","1.941554069519043","1.941554069519043"
"26400","1055","1055","1055","1.9791061878204346","1.9791061878204346","1.9791061878204346"
"26450","1057","1057","1057","1.9514602422714233","1.9514602422714233","1.9514602422714233"
"26500","1059","1059","1059","1.9629223346710205","1.9629223346710205","1.9629223346710205"
"26550","1061","1061","1061","1.943530559539795","1.943530559539795","1.943530559539795"
"26600","1063","1063","1063","1.9309520721435547","1.9309520721435547","1.9309520721435547"
"26650","1065","1065","1065","1.9532378911972046","1.9532378911972046","1.9532378911972046"
"26700","1067","1067","1067","1.9288256168365479","1.9288256168365479","1.9288256168365479"
"26750","1069","1069","1069","1.9506324529647827","1.9506324529647827","1.9506324529647827"
"26800","1071","1071","1071","1.9412304162979126","1.9412304162979126","1.9412304162979126"
"26850","1073","1073","1073","1.936791181564331","1.936791181564331","1.936791181564331"
"26900","1075","1075","1075","1.9144805669784546","1.9144805669784546","1.9144805669784546"
"26950","1077","1077","1077","1.9227081537246704","1.9227081537246704","1.9227081537246704"
"27000","1079","1079","1079","1.9284920692443848","1.9284920692443848","1.9284920692443848"
"27050","1081","1081","1081","1.9264684915542603","1.9264684915542603","1.9264684915542603"
"27100","1083","1083","1083","1.929398536682129","1.929398536682129","1.929398536682129"
"27150","1085","1085","1085","1.933627724647522","1.933627724647522","1.933627724647522"
"27200","1087","1087","1087","1.9124222993850708","1.9124222993850708","1.9124222993850708"
"27250","1089","1089","1089","1.9209040403366089","1.9209040403366089","1.9209040403366089"
"27300","1091","1091","1091","1.9170535802841187","1.9170535802841187","1.9170535802841187"
"27350","1093","1093","1093","1.9179737567901611","1.9179737567901611","1.9179737567901611"
"27400","1095","1095","1095","1.932904839515686","1.932904839515686","1.932904839515686"
"27450","1097","1097","1097","1.9659217596054077","1.9659217596054077","1.9659217596054077"
"27500","1099","1099","1099","1.9649680852890015","1.9649680852890015","1.9649680852890015"
"27550","1101","1101","1101","1.9692696332931519","1.9692696332931519","1.9692696332931519"
"27600","1103","1103","1103","1.9901238679885864","1.9901238679885864","1.9901238679885864"
"27650","1105","1105","1105","1.9863357543945312","1.9863357543945312","1.9863357543945312"
"27700","1107","1107","1107","1.9844969511032104","1.9844969511032104","1.9844969511032104"
"27750","1109","1109","1109","1.9523719549179077","1.9523719549179077","1.9523719549179077"
"27800","1111","1111","1111","1.934590458869934","1.934590458869934","1.934590458869934"
"27850","1113","1113","1113","1.9355013370513916","1.9355013370513916","1.9355013370513916"
"27900","1115","1115","1115","1.9700109958648682","1.9700109958648682","1.9700109958648682"
"27950","1117","1117","1117","1.9531642198562622","1.9531642198562622","1.9531642198562622"
"28000","1119","1119","1119","2.0072731971740723","2.0072731971740723","2.0072731971740723"
"28050","1121","1121","1121","1.957396149635315","1.957396149635315","1.957396149635315"
"28100","1123","1123","1123","1.9726123809814453","1.9726123809814453","1.9726123809814453"
"28150","1125","1125","1125","1.946004033088684","1.946004033088684","1.946004033088684"
"28200","1127","1127","1127","1.964618444442749","1.964618444442749","1.964618444442749"
"28250","1129","1129","1129","1.957696557044983","1.957696557044983","1.957696557044983"
"28300","1131","1131","1131","1.951303482055664","1.951303482055664","1.951303482055664"
"28350","1133","1133","1133","1.9482998847961426","1.9482998847961426","1.9482998847961426"
"28400","1135","1135","1135","1.9403821229934692","1.9403821229934692","1.9403821229934692"
"28450","1137","1137","1137","1.9310877323150635","1.9310877323150635","1.9310877323150635"
"28500","1139","1139","1139","1.9429038763046265","1.9429038763046265","1.9429038763046265"
"28550","1141","1141","1141","1.9116864204406738","1.9116864204406738","1.9116864204406738"
"28600","1143","1143","1143","1.9276704788208008","1.9276704788208008","1.9276704788208008"
"28650","1145","1145","1145","1.9049266576766968","1.9049266576766968","1.9049266576766968"
"28700","1147","1147","1147","2.020094156265259","2.020094156265259","2.020094156265259"
"28750","1149","1149","1149","1.9864473342895508","1.9864473342895508","1.9864473342895508"
"28800","1151","1151","1151","1.973341464996338","1.973341464996338","1.973341464996338"
"28850","1153","1153","1153","1.9875411987304688","1.9875411987304688","1.9875411987304688"
"28900","1155","1155","1155","1.9758650064468384","1.9758650064468384","1.9758650064468384"
"28950","1157","1157","1157","1.9825047254562378","1.9825047254562378","1.9825047254562378"
"29000","1159","1159","1159","1.9705873727798462","1.9705873727798462","1.9705873727798462"
"29050","1161","1161","1161","1.9823126792907715","1.9823126792907715","1.9823126792907715"
"29100","1163","1163","1163","1.9506042003631592","1.9506042003631592","1.9506042003631592"
"29150","1165","1165","1165","1.98969566822052","1.98969566822052","1.98969566822052"
"29200","1167","1167","1167","2.013150930404663","2.013150930404663","2.013150930404663"
"29250","1169","1169","1169","1.9719409942626953","1.9719409942626953","1.9719409942626953"
"29300","1171","1171","1171","1.9941860437393188","1.9941860437393188","1.9941860437393188"
"29350","1173","1173","1173","1.9722917079925537","1.9722917079925537","1.9722917079925537"
"29400","1175","1175","1175","1.9717140197753906","1.9717140197753906","1.9717140197753906"
"29450","1177","1177","1177","1.9932279586791992","1.9932279586791992","1.9932279586791992"
"29500","1179","1179","1179","1.981703519821167","1.981703519821167","1.981703519821167"
"29550","1181","1181","1181","1.9744360446929932","1.9744360446929932","1.9744360446929932"
"29600","1183","1183","1183","1.9499868154525757","1.9499868154525757","1.9499868154525757"
"29650","1185","1185","1185","1.9346544742584229","1.9346544742584229","1.9346544742584229"
"29700","1187","1187","1187","1.9448710680007935","1.9448710680007935","1.9448710680007935"
"29750","1189","1189","1189","1.9370793104171753","1.9370793104171753","1.9370793104171753"
"29800","1191","1191","1191","1.9505271911621094","1.9505271911621094","1.9505271911621094"
"29850","1193","1193","1193","1.9413094520568848","1.9413094520568848","1.9413094520568848"
"29900","1195","1195","1195","1.942535400390625","1.942535400390625","1.942535400390625"
"29950","1197","1197","1197","2.041215658187866","2.041215658187866","2.041215658187866"
"30000","1199","1199","1199","2.011164665222168","2.011164665222168","2.011164665222168"
"30050","1201","1201","1201","1.9847352504730225","1.9847352504730225","1.9847352504730225"
"30100","1203","1203","1203","1.9992023706436157","1.9992023706436157","1.9992023706436157"
"30150","1205","1205","1205","1.9744253158569336","1.9744253158569336","1.9744253158569336"
"30200","1207","1207","1207","1.9823591709136963","1.9823591709136963","1.9823591709136963"
"30250","1209","1209","1209","2.0094757080078125","2.0094757080078125","2.0094757080078125"
"30300","1211","1211","1211","1.9750438928604126","1.9750438928604126","1.9750438928604126"
"30350","1213","1213","1213","1.9383516311645508","1.9383516311645508","1.9383516311645508"
"30400","1215","1215","1215","2.0277469158172607","2.0277469158172607","2.0277469158172607"
"30450","1217","1217","1217","2.0043277740478516","2.0043277740478516","2.0043277740478516"
"30500","1219","1219","1219","2.0261034965515137","2.0261034965515137","2.0261034965515137"
"30550","1221","1221","1221","1.9823087453842163","1.9823087453842163","1.9823087453842163"
"30600","1223","1223","1223","2.009263515472412","2.009263515472412","2.009263515472412"
"30650","1225","1225","1225","2.0126891136169434","2.0126891136169434","2.0126891136169434"
"30700","1227","1227","1227","2.0094335079193115","2.0094335079193115","2.0094335079193115"
"30750","1229","1229","1229","2.0050764083862305","2.0050764083862305","2.0050764083862305"
"30800","1231","1231","1231","1.9796406030654907","1.9796406030654907","1.9796406030654907"
"30850","1233","1233","1233","1.964957356452942","1.964957356452942","1.964957356452942"
"30900","1235","1235","1235","1.969529628753662","1.969529628753662","1.969529628753662"
"30950","1237","1237","1237","1.963334321975708","1.963334321975708","1.963334321975708"
"31000","1239","1239","1239","1.9768251180648804","1.9768251180648804","1.9768251180648804"
"31050","1241","1241","1241","1.9401469230651855","1.9401469230651855","1.9401469230651855"
"31100","1243","1243","1243","1.9737509489059448","1.9737509489059448","1.9737509489059448"
"31150","1245","1245","1245","1.95499849319458","1.95499849319458","1.95499849319458"
"31200","1247","1247","1247","2.01937198638916","2.01937198638916","2.01937198638916"
"31250","1249","1249","1249","1.9984873533248901","1.9984873533248901","1.9984873533248901"
"31300","1251","1251","1251","1.9974472522735596","1.9974472522735596","1.9974472522735596"
"31350","1253","1253","1253","2.0033953189849854","2.0033953189849854","2.0033953189849854"
"31400","1255","1255","1255","1.9903544187545776","1.9903544187545776","1.9903544187545776"
"31450","1257","1257","1257","1.9809613227844238","1.9809613227844238","1.9809613227844238"
"31500","1259","1259","1259","2.0499179363250732","2.0499179363250732","2.0499179363250732"
"31550","1261","1261","1261","2.005096197128296","2.005096197128296","2.005096197128296"
"31600","1263","1263","1263","1.92205810546875","1.92205810546875","1.92205810546875"
"31650","1265","1265","1265","2.021575689315796","2.021575689315796","2.021575689315796"
"31700","1267","1267","1267","2.0497524738311768","2.0497524738311768","2.0497524738311768"
"31750","1269","1269","1269","2.0360312461853027","2.0360312461853027","2.0360312461853027"
"31800","1271","1271","1271","2.044740676879883","2.044740676879883","2.044740676879883"
"31850","1273","1273","1273","2.0281386375427246","2.0281386375427246","2.0281386375427246"
"31900","1275","1275","1275","2.0169644355773926","2.0169644355773926","2.0169644355773926"
"31950","1277","1277","1277","2.0227773189544678","2.0227773189544678","2.0227773189544678"
"32000","1279","1279","1279","2.0595529079437256","2.0595529079437256","2.0595529079437256"
"32050","1281","1281","1281","2.0279746055603027","2.0279746055603027","2.0279746055603027"
"32100","1283","1283","1283","1.9932926893234253","1.9932926893234253","1.9932926893234253"
"32150","1285","1285","1285","2.003385066986084","2.003385066986084","2.003385066986084"
"32200","1287","1287","1287","1.9748260974884033","1.9748260974884033","1.9748260974884033"
"32250","1289","1289","1289","1.9971007108688354","1.9971007108688354","1.9971007108688354"
"32300","1291","1291","1291","1.9848980903625488","1.9848980903625488","1.9848980903625488"
"32350","1293","1293","1293","1.9765875339508057","1.9765875339508057","1.9765875339508057"
"32400","1295","1295","1295","1.9682785272598267","1.9682785272598267","1.9682785272598267"
"32450","1297","1297","1297","2.008746385574341","2.008746385574341","2.008746385574341"
"32500","1299","1299","1299","1.9865702390670776","1.9865702390670776","1.9865702390670776"
"32550","1301","1301","1301","2.026934862136841","2.026934862136841","2.026934862136841"
"32600","1303","1303","1303","1.9953234195709229","1.9953234195709229","1.9953234195709229"
"32650","1305","1305","1305","1.9861862659454346","1.9861862659454346","1.9861862659454346"
"32700","1307","1307","1307","2.007046699523926","2.007046699523926","2.007046699523926"
"32750","1309","1309","1309","2.007054328918457","2.007054328918457","2.007054328918457"
"32800","1311","1311","1311","2.0322375297546387","2.0322375297546387","2.0322375297546387"
"32850","1313","1313","1313","1.9839205741882324","1.9839205741882324","1.9839205741882324"
"32900","1315","1315","1315","2.039464235305786","2.039464235305786","2.039464235305786"
"32950","1317","1317","1317","2.0344388484954834","2.0344388484954834","2.0344388484954834"
"33000","1319","1319","1319","2.0746090412139893","2.0746090412139893","2.0746090412139893"
"33050","1321","1321","1321","2.0906949043273926","2.0906949043273926","2.0906949043273926"
"33100","1323","1323","1323","2.022508382797241","2.022508382797241","2.022508382797241"
"33150","1325","1325","1325","2.0406851768493652","2.0406851768493652","2.0406851768493652"
"33200","1327","1327","1327","2.041868209838867","2.041868209838867","2.041868209838867"
"33250","1329","1329","1329","2.062708616256714","2.062708616256714","2.062708616256714"
"33300","1331","1331","1331","2.01497483253479","2.01497483253479","2.01497483253479"
"33350","1333","1333","1333","2.0263686180114746","2.0263686180114746","2.0263686180114746"
"33400","1335","1335","1335","2.0103375911712646","2.0103375911712646","2.0103375911712646"
"33450","1337","1337","1337","2.0165188312530518","2.0165188312530518","2.0165188312530518"
"33500","1339","1339","1339","2.0149176120758057","2.0149176120758057","2.0149176120758057"
"33550","1341","1341","1341","1.9995790719985962","1.9995790719985962","1.9995790719985962"
"33600","1343","1343","1343","2.002098321914673","2.002098321914673","2.002098321914673"
"33650","1345","1345","1345","2.0192313194274902","2.0192313194274902","2.0192313194274902"
"33700","1347","1347","1347","2.0234768390655518","2.0234768390655518","2.0234768390655518"
"33750","1349","1349","1349","2.006625175476074","2.006625175476074","2.006625175476074"
"33800","1351","1351","1351","1.9883729219436646","1.9883729219436646","1.9883729219436646"
"33850","1353","1353","1353","2.004572629928589","2.004572629928589","2.004572629928589"
"33900","1355","1355","1355","2.0091025829315186","2.0091025829315186","2.0091025829315186"
"33950","1357","1357","1357","2.016664505004883","2.016664505004883","2.016664505004883"
"34000","1359","1359","1359","2.005023241043091","2.005023241043091","2.005023241043091"
"34050","1361","1361","1361","1.9816300868988037","1.9816300868988037","1.9816300868988037"
"34100","1363","1363","1363","2.0301918983459473","2.0301918983459473","2.0301918983459473"
"34150","1365","1365","1365","2.034014940261841","2.034014940261841","2.034014940261841"
"34200","1367","1367","1367","2.045729160308838","2.045729160308838","2.045729160308838"
"34250","1369","1369","1369","2.071633815765381","2.071633815765381","2.071633815765381"
"34300","1371","1371","1371","2.0460855960845947","2.0460855960845947","2.0460855960845947"
"34350","1373","1373","1373","2.009512186050415","2.009512186050415","2.009512186050415"
"34400","1375","1375","1375","2.058306932449341","2.058306932449341","2.058306932449341"
"34450","1377","1377","1377","2.068809986114502","2.068809986114502","2.068809986114502"
"34500","1379","1379","1379","2.0412065982818604","2.0412065982818604","2.0412065982818604"
"34550","1381","1381","1381","2.0454726219177246","2.0454726219177246","2.0454726219177246"
"34600","1383","1383","1383","2.018028974533081","2.018028974533081","2.018028974533081"
"34650","1385","1385","1385","2.0498719215393066","2.0498719215393066","2.0498719215393066"
"34700","1387","1387","1387","2.0405848026275635","2.0405848026275635","2.0405848026275635"
"34750","1389","1389","1389","2.000818967819214","2.000818967819214","2.000818967819214"
"34800","1391","1391","1391","2.0130574703216553","2.0130574703216553","2.0130574703216553"
"34850","1393","1393","1393","2.029744863510132","2.029744863510132","2.029744863510132"
"34900","1395","1395","1395","2.023756980895996","2.023756980895996","2.023756980895996"
"34950","1397","1397","1397","2.023545742034912","2.023545742034912","2.023545742034912"
"35000","1399","1399","1399","2.0239462852478027","2.0239462852478027","2.0239462852478027"
"35050","1401","1401","1401","2.0478506088256836","2.0478506088256836","2.0478506088256836"
"35100","1403","1403","1403","2.005551338195801","2.005551338195801","2.005551338195801"
"35150","1405","1405","1405","2.0130863189697266","2.0130863189697266","2.0130863189697266"
"35200","1407","1407","1407","2.0134739875793457","2.0134739875793457","2.0134739875793457"
"35250","1409","1409","1409","2.024233818054199","2.024233818054199","2.024233818054199"
"35300","1411","1411","1411","1.9936999082565308","1.9936999082565308","1.9936999082565308"
"35350","1413","1413","1413","2.0874903202056885","2.0874903202056885","2.0874903202056885"
"35400","1415","1415","1415","2.079101800918579","2.079101800918579","2.079101800918579"
"35450","1417","1417","1417","2.0823259353637695","2.0823259353637695","2.0823259353637695"
"35500","1419","1419","1419","2.0674452781677246","2.0674452781677246","2.0674452781677246"
"35550","1421","1421","1421","2.0791797637939453","2.0791797637939453","2.0791797637939453"
"35600","1423","1423","1423","2.075139284133911","2.075139284133911","2.075139284133911"
"35650","1425","1425","1425","2.04587459564209","2.04587459564209","2.04587459564209"
"35700","1427","1427","1427","2.0257349014282227","2.0257349014282227","2.0257349014282227"
"35750","1429","1429","1429","2.0252692699432373","2.0252692699432373","2.0252692699432373"
"35800","1431","1431","1431","2.0603270530700684","2.0603270530700684","2.0603270530700684"
"35850","1433","1433","1433","2.043653726577759","2.043653726577759","2.043653726577759"
"35900","1435","1435","1435","2.0510175228118896","2.0510175228118896","2.0510175228118896"
"35950","1437","1437","1437","2.039853096008301","2.039853096008301","2.039853096008301"
"36000","1439","1439","1439","2.0449891090393066","2.0449891090393066","2.0449891090393066"
"36050","1441","1441","1441","2.057645559310913","2.057645559310913","2.057645559310913"
"36100","1443","1443","1443","2.063169002532959","2.063169002532959","2.063169002532959"
"36150","1445","1445","1445","2.057208776473999","2.057208776473999","2.057208776473999"
"36200","1447","1447","1447","2.042330026626587","2.042330026626587","2.042330026626587"
"36250","1449","1449","1449","2.051086187362671","2.051086187362671","2.051086187362671"
"36300","1451","1451","1451","2.0450663566589355","2.0450663566589355","2.0450663566589355"
"36350","1453","1453","1453","2.0541679859161377","2.0541679859161377","2.0541679859161377"
"36400","1455","1455","1455","2.016190528869629","2.016190528869629","2.016190528869629"
"36450","1457","1457","1457","2.0406742095947266","2.0406742095947266","2.0406742095947266"
"36500","1459","1459","1459","2.007288932800293","2.007288932800293","2.007288932800293"
"36550","1461","1461","1461","2.0297110080718994","2.0297110080718994","2.0297110080718994"
"36600","1463","1463","1463","2.162928819656372","2.162928819656372","2.162928819656372"
"36650","1465","1465","1465","2.0801119804382324","2.0801119804382324","2.0801119804382324"
"36700","1467","1467","1467","2.0836141109466553","2.0836141109466553","2.0836141109466553"
"36750","1469","1469","1469","2.0653762817382812","2.0653762817382812","2.0653762817382812"
"36800","1471","1471","1471","2.061500072479248","2.061500072479248","2.061500072479248"
"36850","1473","1473","1473","2.1029253005981445","2.1029253005981445","2.1029253005981445"
"36900","1475","1475","1475","2.107211112976074","2.107211112976074","2.107211112976074"
"36950","1477","1477","1477","2.081347703933716","2.081347703933716","2.081347703933716"
"37000","1479","1479","1479","2.0446863174438477","2.0446863174438477","2.0446863174438477"
"37050","1481","1481","1481","2.0719354152679443","2.0719354152679443","2.0719354152679443"
"37100","1483","1483","1483","2.0963306427001953","2.0963306427001953","2.0963306427001953"
"37150","1485","1485","1485","2.0914433002471924","2.0914433002471924","2.0914433002471924"
"37200","1487","1487","1487","2.0314738750457764","2.0314738750457764","2.0314738750457764"
"37250","1489","1489","1489","2.057877779006958","2.057877779006958","2.057877779006958"
"37300","1491","1491","1491","2.042996644973755","2.042996644973755","2.042996644973755"
"37350","1493","1493","1493","2.071424722671509","2.071424722671509","2.071424722671509"
"37400","1495","1495","1495","2.078580617904663","2.078580617904663","2.078580617904663"
"37450","1497","1497","1497","2.0636518001556396","2.0636518001556396","2.0636518001556396"
"37500","1499","1499","1499","2.073166847229004","2.073166847229004","2.073166847229004"
"37550","1501","1501","1501","2.062830686569214","2.062830686569214","2.062830686569214"
"37600","1503","1503","1503","2.06722092628479","2.06722092628479","2.06722092628479"
"37650","1505","1505","1505","2.0422329902648926","2.0422329902648926","2.0422329902648926"
"37700","1507","1507","1507","2.0537962913513184","2.0537962913513184","2.0537962913513184"
"37750","1509","1509","1509","2.023023843765259","2.023023843765259","2.023023843765259"
"37800","1511","1511","1511","2.01979923248291","2.01979923248291","2.01979923248291"
"37850","1513","1513","1513","2.115893840789795","2.115893840789795","2.115893840789795"
"37900","1515","1515","1515","2.1264560222625732","2.1264560222625732","2.1264560222625732"
"37950","1517","1517","1517","2.1208248138427734","2.1208248138427734","2.1208248138427734"
"38000","1519","1519","1519","2.076988697052002","2.076988697052002","2.076988697052002"
"38050","1521","1521","1521","2.0967180728912354","2.0967180728912354","2.0967180728912354"
"38100","1523","1523","1523","2.0935215950012207","2.0935215950012207","2.0935215950012207"
"38150","1525","1525","1525","2.1101484298706055","2.1101484298706055","2.1101484298706055"
"38200","1527","1527","1527","2.069476366043091","2.069476366043091","2.069476366043091"
"38250","1529","1529","1529","2.0466370582580566","2.0466370582580566","2.0466370582580566"
"38300","1531","1531","1531","2.095311403274536","2.095311403274536","2.095311403274536"
"38350","1533","1533","1533","2.0968430042266846","2.0968430042266846","2.0968430042266846"
"38400","1535","1535","1535","2.0829174518585205","2.0829174518585205","2.0829174518585205"
"38450","1537","1537","1537","2.1297590732574463","2.1297590732574463","2.1297590732574463"
"38500","1539","1539","1539","2.069138288497925","2.069138288497925","2.069138288497925"
"38550","1541","1541","1541","2.0944325923919678","2.0944325923919678","2.0944325923919678"
"38600","1543","1543","1543","2.0936591625213623","2.0936591625213623","2.0936591625213623"
"38650","1545","1545","1545","2.1264328956604004","2.1264328956604004","2.1264328956604004"
"38700","1547","1547","1547","2.0721564292907715","2.0721564292907715","2.0721564292907715"
"38750","1549","1549","1549","2.0439774990081787","2.0439774990081787","2.0439774990081787"
"38800","1551","1551","1551","2.0484161376953125","2.0484161376953125","2.0484161376953125"
"38850","1553","1553","1553","2.0820729732513428","2.0820729732513428","2.0820729732513428"
"38900","1555","1555","1555","2.0488691329956055","2.0488691329956055","2.0488691329956055"
"38950","1557","1557","1557","2.0559191703796387","2.0559191703796387","2.0559191703796387"
"39000","1559","1559","1559","2.049440383911133","2.049440383911133","2.049440383911133"
"39050","1561","1561","1561","2.0467050075531006","2.0467050075531006","2.0467050075531006"
"39100","1563","1563","1563","2.126587152481079","2.126587152481079","2.126587152481079"
"39150","1565","1565","1565","2.118830919265747","2.118830919265747","2.118830919265747"
"39200","1567","1567","1567","2.1179652214050293","2.1179652214050293","2.1179652214050293"
"39250","1569","1569","1569","2.113600730895996","2.113600730895996","2.113600730895996"
"39300","1571","1571","1571","2.1090645790100098","2.1090645790100098","2.1090645790100098"
"39350","1573","1573","1573","2.1121673583984375","2.1121673583984375","2.1121673583984375"
"39400","1575","1575","1575","2.092721462249756","2.092721462249756","2.092721462249756"
"39450","1577","1577","1577","2.108447313308716","2.108447313308716","2.108447313308716"
"39500","1579","1579","1579","2.0612618923187256","2.0612618923187256","2.0612618923187256"
"39550","1581","1581","1581","2.1232640743255615","2.1232640743255615","2.1232640743255615"
"39600","1583","1583","1583","2.1330792903900146","2.1330792903900146","2.1330792903900146"
"39650","1585","1585","1585","2.1198360919952393","2.1198360919952393","2.1198360919952393"
"39700","1587","1587","1587","2.0955307483673096","2.0955307483673096","2.0955307483673096"
"39750","1589","1589","1589","2.102461814880371","2.102461814880371","2.102461814880371"
"39800","1591","1591","1591","2.1362948417663574","2.1362948417663574","2.1362948417663574"
"39850","1593","1593","1593","2.0839669704437256","2.0839669704437256","2.0839669704437256"
"39900","1595","1595","1595","2.1286776065826416","2.1286776065826416","2.1286776065826416"
"39950","1597","1597","1597","2.078498363494873","2.078498363494873","2.078498363494873"
"40000","1599","1599","1599","2.0663299560546875","2.0663299560546875","2.0663299560546875"
"40050","1601","1601","1601","2.080951690673828","2.080951690673828","2.080951690673828"
"40100","1603","1603","1603","2.072122812271118","2.072122812271118","2.072122812271118"
"40150","1605","1605","1605","2.0695300102233887","2.0695300102233887","2.0695300102233887"
"40200","1607","1607","1607","2.0748908519744873","2.0748908519744873","2.0748908519744873"
"40250","1609","1609","1609","2.070615291595459","2.070615291595459","2.070615291595459"
"40300","1611","1611","1611","2.0699644088745117","2.0699644088745117","2.0699644088745117"
"40350","1613","1613","1613","2.133788824081421","2.133788824081421","2.133788824081421"
"40400","1615","1615","1615","2.133150339126587","2.133150339126587","2.133150339126587"
"40450","1617","1617","1617","2.091031789779663","2.091031789779663","2.091031789779663"
"40500","1619","1619","1619","2.097841262817383","2.097841262817383","2.097841262817383"
"40550","1621","1621","1621","2.100322723388672","2.100322723388672","2.100322723388672"
"40600","1623","1623","1623","2.1118834018707275","2.1118834018707275","2.1118834018707275"
"40650","1625","1625","1625","2.1255998611450195","2.1255998611450195","2.1255998611450195"
"40700","1627","1627","1627","2.1043667793273926","2.1043667793273926","2.1043667793273926"
"40750","1629","1629","1629","2.089078426361084","2.089078426361084","2.089078426361084"
"40800","1631","1631","1631","2.1485507488250732","2.1485507488250732","2.1485507488250732"
"40850","1633","1633","1633","2.166435956954956","2.166435956954956","2.166435956954956"
"40900","1635","1635","1635","2.1450395584106445","2.1450395584106445","2.1450395584106445"
"40950","1637","1637","1637","2.1011996269226074","2.1011996269226074","2.1011996269226074"
"41000","1639","1639","1639","2.110600233078003","2.110600233078003","2.110600233078003"
"41050","1641","1641","1641","2.1405372619628906","2.1405372619628906","2.1405372619628906"
"41100","1643","1643","1643","2.118896722793579","2.118896722793579","2.118896722793579"
"41150","1645","1645","1645","2.158622980117798","2.158622980117798","2.158622980117798"
"41200","1647","1647","1647","2.098259925842285","2.098259925842285","2.098259925842285"
"41250","1649","1649","1649","2.0919668674468994","2.0919668674468994","2.0919668674468994"
"41300","1651","1651","1651","2.0957462787628174","2.0957462787628174","2.0957462787628174"
"41350","1653","1653","1653","2.120858907699585","2.120858907699585","2.120858907699585"
"41400","1655","1655","1655","2.097977638244629","2.097977638244629","2.097977638244629"