"Step","./results_packing - eval/loss","./results_packing - eval/loss__MIN","./results_packing - eval/loss__MAX"
"1","2.6642608642578125","2.6642608642578125","2.6642608642578125"
"3","2.4691848754882812","2.4691848754882812","2.4691848754882812"
"5","2.262701988220215","2.262701988220215","2.262701988220215"
"7","2.025172472000122","2.025172472000122","2.025172472000122"
"9","1.9268940687179565","1.9268940687179565","1.9268940687179565"
"11","1.8805383443832397","1.8805383443832397","1.8805383443832397"
"13","1.8394306898117065","1.8394306898117065","1.8394306898117065"
"15","1.8187685012817383","1.8187685012817383","1.8187685012817383"
"17","1.779522180557251","1.779522180557251","1.779522180557251"
"19","1.7505642175674438","1.7505642175674438","1.7505642175674438"
"21","1.7397936582565308","1.7397936582565308","1.7397936582565308"
"23","1.7305924892425537","1.7305924892425537","1.7305924892425537"
"25","1.7256126403808594","1.7256126403808594","1.7256126403808594"
"27","1.729261875152588","1.729261875152588","1.729261875152588"
"29","1.7238250970840454","1.7238250970840454","1.7238250970840454"
"31","1.7229039669036865","1.7229039669036865","1.7229039669036865"
"33","1.7258604764938354","1.7258604764938354","1.7258604764938354"
"35","1.724289059638977","1.724289059638977","1.724289059638977"
"37","1.7212821245193481","1.7212821245193481","1.7212821245193481"
"39","1.719315767288208","1.719315767288208","1.719315767288208"
"41","1.720164179801941","1.720164179801941","1.720164179801941"
"43","1.7193002700805664","1.7193002700805664","1.7193002700805664"
"45","1.7173376083374023","1.7173376083374023","1.7173376083374023"
"47","1.7170360088348389","1.7170360088348389","1.7170360088348389"
"49","1.7196249961853027","1.7196249961853027","1.7196249961853027"
"51","1.7326290607452393","1.7326290607452393","1.7326290607452393"
"53","1.7334802150726318","1.7334802150726318","1.7334802150726318"
"55","1.7338324785232544","1.7338324785232544","1.7338324785232544"
"57","1.7311909198760986","1.7311909198760986","1.7311909198760986"
"59","1.7295007705688477","1.7295007705688477","1.7295007705688477"
"61","1.7253060340881348","1.7253060340881348","1.7253060340881348"
"63","1.731216311454773","1.731216311454773","1.731216311454773"
"65","1.7266608476638794","1.7266608476638794","1.7266608476638794"
"67","1.7187070846557617","1.7187070846557617","1.7187070846557617"
"69","1.717522144317627","1.717522144317627","1.717522144317627"
"71","1.7148997783660889","1.7148997783660889","1.7148997783660889"
"73","1.7164578437805176","1.7164578437805176","1.7164578437805176"
"75","1.7188862562179565","1.7188862562179565","1.7188862562179565"
"77","1.719285249710083","1.719285249710083","1.719285249710083"
"79","1.7185642719268799","1.7185642719268799","1.7185642719268799"
"81","1.7146369218826294","1.7146369218826294","1.7146369218826294"
"83","1.7207776308059692","1.7207776308059692","1.7207776308059692"
"85","1.7203490734100342","1.7203490734100342","1.7203490734100342"
"87","1.7202039957046509","1.7202039957046509","1.7202039957046509"
"89","1.7213629484176636","1.7213629484176636","1.7213629484176636"
"91","1.7195042371749878","1.7195042371749878","1.7195042371749878"
"93","1.7208317518234253","1.7208317518234253","1.7208317518234253"
"95","1.720030426979065","1.720030426979065","1.720030426979065"
"97","1.7213672399520874","1.7213672399520874","1.7213672399520874"
"99","1.720950722694397","1.720950722694397","1.720950722694397"
"101","1.7476885318756104","1.7476885318756104","1.7476885318756104"
"103","1.74430513381958","1.74430513381958","1.74430513381958"
"105","1.7435847520828247","1.7435847520828247","1.7435847520828247"
"107","1.7453854084014893","1.7453854084014893","1.7453854084014893"
"109","1.7408183813095093","1.7408183813095093","1.7408183813095093"
"111","1.7413407564163208","1.7413407564163208","1.7413407564163208"
"113","1.7450364828109741","1.7450364828109741","1.7450364828109741"
"115","1.739850640296936","1.739850640296936","1.739850640296936"
"117","1.7310177087783813","1.7310177087783813","1.7310177087783813"
"119","1.734244704246521","1.734244704246521","1.734244704246521"
"121","1.7305129766464233","1.7305129766464233","1.7305129766464233"
"123","1.7340110540390015","1.7340110540390015","1.7340110540390015"
"125","1.736283540725708","1.736283540725708","1.736283540725708"
"127","1.736323356628418","1.736323356628418","1.736323356628418"
"129","1.729143500328064","1.729143500328064","1.729143500328064"
"131","1.7347863912582397","1.7347863912582397","1.7347863912582397"
"133","1.7390875816345215","1.7390875816345215","1.7390875816345215"
"135","1.739143967628479","1.739143967628479","1.739143967628479"
"137","1.7415581941604614","1.7415581941604614","1.7415581941604614"
"139","1.7378183603286743","1.7378183603286743","1.7378183603286743"
"141","1.7387454509735107","1.7387454509735107","1.7387454509735107"
"143","1.7405750751495361","1.7405750751495361","1.7405750751495361"
"145","1.7377347946166992","1.7377347946166992","1.7377347946166992"
"147","1.7356821298599243","1.7356821298599243","1.7356821298599243"
"149","1.7417056560516357","1.7417056560516357","1.7417056560516357"
"151","1.7764183282852173","1.7764183282852173","1.7764183282852173"
"153","1.770216941833496","1.770216941833496","1.770216941833496"
"155","1.7768383026123047","1.7768383026123047","1.7768383026123047"
"157","1.7677724361419678","1.7677724361419678","1.7677724361419678"
"159","1.7695664167404175","1.7695664167404175","1.7695664167404175"
"161","1.7678593397140503","1.7678593397140503","1.7678593397140503"
"163","1.7614854574203491","1.7614854574203491","1.7614854574203491"
"165","1.762732982635498","1.762732982635498","1.762732982635498"
"167","1.7673194408416748","1.7673194408416748","1.7673194408416748"
"169","1.7569494247436523","1.7569494247436523","1.7569494247436523"
"171","1.7573165893554688","1.7573165893554688","1.7573165893554688"
"173","1.758745551109314","1.758745551109314","1.758745551109314"
"175","1.760532021522522","1.760532021522522","1.760532021522522"
"177","1.7599457502365112","1.7599457502365112","1.7599457502365112"
"179","1.765373945236206","1.765373945236206","1.765373945236206"
"181","1.761231780052185","1.761231780052185","1.761231780052185"
"183","1.7699187994003296","1.7699187994003296","1.7699187994003296"
"185","1.7675504684448242","1.7675504684448242","1.7675504684448242"
"187","1.7786040306091309","1.7786040306091309","1.7786040306091309"
"189","1.7670824527740479","1.7670824527740479","1.7670824527740479"
"191","1.759616494178772","1.759616494178772","1.759616494178772"
"193","1.7683907747268677","1.7683907747268677","1.7683907747268677"
"195","1.7719614505767822","1.7719614505767822","1.7719614505767822"
"197","1.7660791873931885","1.7660791873931885","1.7660791873931885"
"199","1.7741913795471191","1.7741913795471191","1.7741913795471191"
"201","1.794623613357544","1.794623613357544","1.794623613357544"
"203","1.7960983514785767","1.7960983514785767","1.7960983514785767"
"205","1.796617031097412","1.796617031097412","1.796617031097412"
"207","1.7938951253890991","1.7938951253890991","1.7938951253890991"
"209","1.794426441192627","1.794426441192627","1.794426441192627"
"211","1.7842330932617188","1.7842330932617188","1.7842330932617188"
"213","1.7898459434509277","1.7898459434509277","1.7898459434509277"
"215","1.7851868867874146","1.7851868867874146","1.7851868867874146"
"217","1.814736247062683","1.814736247062683","1.814736247062683"
"219","1.8172181844711304","1.8172181844711304","1.8172181844711304"
"221","1.8118234872817993","1.8118234872817993","1.8118234872817993"
"223","1.808591604232788","1.808591604232788","1.808591604232788"
"225","1.8033562898635864","1.8033562898635864","1.8033562898635864"
"227","1.799709677696228","1.799709677696228","1.799709677696228"
"229","1.8105379343032837","1.8105379343032837","1.8105379343032837"
"231","1.8116600513458252","1.8116600513458252","1.8116600513458252"
"233","1.8172554969787598","1.8172554969787598","1.8172554969787598"
"235","1.8085973262786865","1.8085973262786865","1.8085973262786865"
"237","1.807758092880249","1.807758092880249","1.807758092880249"
"239","1.8037916421890259","1.8037916421890259","1.8037916421890259"
"241","1.7961580753326416","1.7961580753326416","1.7961580753326416"
"243","1.7974995374679565","1.7974995374679565","1.7974995374679565"
"245","1.7948436737060547","1.7948436737060547","1.7948436737060547"
"247","1.794779658317566","1.794779658317566","1.794779658317566"
"249","1.8148869276046753","1.8148869276046753","1.8148869276046753"
"251","1.8199595212936401","1.8199595212936401","1.8199595212936401"
"253","1.8401234149932861","1.8401234149932861","1.8401234149932861"
"255","1.8332480192184448","1.8332480192184448","1.8332480192184448"
"257","1.8181434869766235","1.8181434869766235","1.8181434869766235"
"259","1.83474862575531","1.83474862575531","1.83474862575531"
"261","1.8114525079727173","1.8114525079727173","1.8114525079727173"
"263","1.8144534826278687","1.8144534826278687","1.8144534826278687"
"265","1.81639564037323","1.81639564037323","1.81639564037323"
"267","1.8837193250656128","1.8837193250656128","1.8837193250656128"
"269","1.8725810050964355","1.8725810050964355","1.8725810050964355"
"271","1.864991545677185","1.864991545677185","1.864991545677185"
"273","1.8649760484695435","1.8649760484695435","1.8649760484695435"
"275","1.8653233051300049","1.8653233051300049","1.8653233051300049"
"277","1.8703837394714355","1.8703837394714355","1.8703837394714355"
"279","1.8755446672439575","1.8755446672439575","1.8755446672439575"
"281","1.8684653043746948","1.8684653043746948","1.8684653043746948"
"283","1.8444691896438599","1.8444691896438599","1.8444691896438599"
"285","1.8344613313674927","1.8344613313674927","1.8344613313674927"
"287","1.8395087718963623","1.8395087718963623","1.8395087718963623"
"289","1.842696189880371","1.842696189880371","1.842696189880371"
"291","1.8463431596755981","1.8463431596755981","1.8463431596755981"
"293","1.8503777980804443","1.8503777980804443","1.8503777980804443"
"295","1.8461034297943115","1.8461034297943115","1.8461034297943115"
"297","1.835556149482727","1.835556149482727","1.835556149482727"
"299","1.8896127939224243","1.8896127939224243","1.8896127939224243"
"301","1.8687156438827515","1.8687156438827515","1.8687156438827515"
"303","1.869340181350708","1.869340181350708","1.869340181350708"
"305","1.8625874519348145","1.8625874519348145","1.8625874519348145"
"307","1.8631776571273804","1.8631776571273804","1.8631776571273804"
"309","1.8671317100524902","1.8671317100524902","1.8671317100524902"
"311","1.85840904712677","1.85840904712677","1.85840904712677"
"313","1.860800862312317","1.860800862312317","1.860800862312317"
"315","1.8528516292572021","1.8528516292572021","1.8528516292572021"
"317","1.9664703607559204","1.9664703607559204","1.9664703607559204"
"319","1.933756709098816","1.933756709098816","1.933756709098816"
"321","1.949978232383728","1.949978232383728","1.949978232383728"
"323","1.9461729526519775","1.9461729526519775","1.9461729526519775"
"325","1.918433666229248","1.918433666229248","1.918433666229248"
"327","1.9254153966903687","1.9254153966903687","1.9254153966903687"
"329","1.914756178855896","1.914756178855896","1.914756178855896"
"331","1.933062195777893","1.933062195777893","1.933062195777893"
"333","1.9278512001037598","1.9278512001037598","1.9278512001037598"
"335","1.9001777172088623","1.9001777172088623","1.9001777172088623"
"337","1.898820161819458","1.898820161819458","1.898820161819458"
"339","1.8805047273635864","1.8805047273635864","1.8805047273635864"
"341","1.9043771028518677","1.9043771028518677","1.9043771028518677"
"343","1.8820767402648926","1.8820767402648926","1.8820767402648926"
"345","1.9024134874343872","1.9024134874343872","1.9024134874343872"
"347","1.8862704038619995","1.8862704038619995","1.8862704038619995"
"349","1.923536777496338","1.923536777496338","1.923536777496338"
"351","1.907366156578064","1.907366156578064","1.907366156578064"
"353","1.9122422933578491","1.9122422933578491","1.9122422933578491"
"355","1.9011999368667603","1.9011999368667603","1.9011999368667603"
"357","1.9150809049606323","1.9150809049606323","1.9150809049606323"
"359","1.9165164232254028","1.9165164232254028","1.9165164232254028"
"361","1.9124914407730103","1.9124914407730103","1.9124914407730103"
"363","1.9108998775482178","1.9108998775482178","1.9108998775482178"
"365","1.922763466835022","1.922763466835022","1.922763466835022"
"367","2.018336534500122","2.018336534500122","2.018336534500122"
"369","2.0281903743743896","2.0281903743743896","2.0281903743743896"
"371","1.9596656560897827","1.9596656560897827","1.9596656560897827"
"373","1.9960246086120605","1.9960246086120605","1.9960246086120605"
"375","1.9605205059051514","1.9605205059051514","1.9605205059051514"
"377","2.0066685676574707","2.0066685676574707","2.0066685676574707"
"379","1.9712544679641724","1.9712544679641724","1.9712544679641724"
"381","1.9897537231445312","1.9897537231445312","1.9897537231445312"
"383","1.9718669652938843","1.9718669652938843","1.9718669652938843"
"385","1.9650588035583496","1.9650588035583496","1.9650588035583496"
"387","1.9590144157409668","1.9590144157409668","1.9590144157409668"
"389","1.9587494134902954","1.9587494134902954","1.9587494134902954"
"391","1.959377646446228","1.959377646446228","1.959377646446228"
"393","1.9649245738983154","1.9649245738983154","1.9649245738983154"
"395","1.9617233276367188","1.9617233276367188","1.9617233276367188"
"397","1.9352731704711914","1.9352731704711914","1.9352731704711914"
"399","1.98805570602417","1.98805570602417","1.98805570602417"
"401","1.980767011642456","1.980767011642456","1.980767011642456"
"403","1.9825644493103027","1.9825644493103027","1.9825644493103027"
"405","1.9747687578201294","1.9747687578201294","1.9747687578201294"
"407","1.9583460092544556","1.9583460092544556","1.9583460092544556"
"409","1.9278706312179565","1.9278706312179565","1.9278706312179565"
"411","1.964693307876587","1.964693307876587","1.964693307876587"
"413","1.9406520128250122","1.9406520128250122","1.9406520128250122"
"415","2.0013551712036133","2.0013551712036133","2.0013551712036133"
"417","2.0751757621765137","2.0751757621765137","2.0751757621765137"
"419","2.044757127761841","2.044757127761841","2.044757127761841"
"421","2.044494390487671","2.044494390487671","2.044494390487671"
"423","2.0706424713134766","2.0706424713134766","2.0706424713134766"
"425","2.033766031265259","2.033766031265259","2.033766031265259"
"427","2.0083374977111816","2.0083374977111816","2.0083374977111816"
"429","2.0342140197753906","2.0342140197753906","2.0342140197753906"
"431","2.035778522491455","2.035778522491455","2.035778522491455"
"433","2.06234073638916","2.06234073638916","2.06234073638916"
"435","2.024042844772339","2.024042844772339","2.024042844772339"
"437","2.0367047786712646","2.0367047786712646","2.0367047786712646"
"439","2.0314676761627197","2.0314676761627197","2.0314676761627197"
"441","2.026129722595215","2.026129722595215","2.026129722595215"
"443","2.0212111473083496","2.0212111473083496","2.0212111473083496"
"445","2.007826328277588","2.007826328277588","2.007826328277588"
"447","2.0253422260284424","2.0253422260284424","2.0253422260284424"
"449","2.0266432762145996","2.0266432762145996","2.0266432762145996"
"451","1.9936712980270386","1.9936712980270386","1.9936712980270386"
"453","2.020005226135254","2.020005226135254","2.020005226135254"
"455","2.0202713012695312","2.0202713012695312","2.0202713012695312"
"457","1.9980580806732178","1.9980580806732178","1.9980580806732178"
"459","2.012424945831299","2.012424945831299","2.012424945831299"
"461","2.0056395530700684","2.0056395530700684","2.0056395530700684"
"463","2.002631664276123","2.002631664276123","2.002631664276123"
"465","2.0948331356048584","2.0948331356048584","2.0948331356048584"
"467","2.095086097717285","2.095086097717285","2.095086097717285"
"469","2.0542714595794678","2.0542714595794678","2.0542714595794678"
"471","2.08454966545105","2.08454966545105","2.08454966545105"
"473","2.07781720161438","2.07781720161438","2.07781720161438"
"475","2.0711143016815186","2.0711143016815186","2.0711143016815186"
"477","2.0824105739593506","2.0824105739593506","2.0824105739593506"
"479","2.0646555423736572","2.0646555423736572","2.0646555423736572"
"481","2.045811414718628","2.045811414718628","2.045811414718628"
"483","2.0786259174346924","2.0786259174346924","2.0786259174346924"
"485","2.0776450634002686","2.0776450634002686","2.0776450634002686"
"487","2.0726959705352783","2.0726959705352783","2.0726959705352783"
"489","2.1046841144561768","2.1046841144561768","2.1046841144561768"
"491","2.0821380615234375","2.0821380615234375","2.0821380615234375"
"493","2.0833427906036377","2.0833427906036377","2.0833427906036377"
"495","2.0831313133239746","2.0831313133239746","2.0831313133239746"
"497","2.0837621688842773","2.0837621688842773","2.0837621688842773"
"499","2.060452699661255","2.060452699661255","2.060452699661255"
"501","2.0616250038146973","2.0616250038146973","2.0616250038146973"
"503","2.059518337249756","2.059518337249756","2.059518337249756"
"505","2.056156873703003","2.056156873703003","2.056156873703003"
"507","2.0697879791259766","2.0697879791259766","2.0697879791259766"
"509","2.064943313598633","2.064943313598633","2.064943313598633"
"511","2.0579898357391357","2.0579898357391357","2.0579898357391357"
"513","2.0274720191955566","2.0274720191955566","2.0274720191955566"
"515","2.189390182495117","2.189390182495117","2.189390182495117"
"517","2.136808156967163","2.136808156967163","2.136808156967163"
"519","2.1492323875427246","2.1492323875427246","2.1492323875427246"
"521","2.1327478885650635","2.1327478885650635","2.1327478885650635"
"523","2.133957624435425","2.133957624435425","2.133957624435425"
"525","2.1383514404296875","2.1383514404296875","2.1383514404296875"
"527","2.102759838104248","2.102759838104248","2.102759838104248"
"529","2.0937914848327637","2.0937914848327637","2.0937914848327637"
"531","2.0366854667663574","2.0366854667663574","2.0366854667663574"
"533","2.167682409286499","2.167682409286499","2.167682409286499"
"535","2.143214464187622","2.143214464187622","2.143214464187622"
"537","2.1332905292510986","2.1332905292510986","2.1332905292510986"
"539","2.16264271736145","2.16264271736145","2.16264271736145"
"541","2.1507201194763184","2.1507201194763184","2.1507201194763184"
"543","2.157289981842041","2.157289981842041","2.157289981842041"
"545","2.1642746925354004","2.1642746925354004","2.1642746925354004"
"547","2.1116983890533447","2.1116983890533447","2.1116983890533447"
"549","2.1378962993621826","2.1378962993621826","2.1378962993621826"
"551","2.121509552001953","2.121509552001953","2.121509552001953"
"553","2.1117844581604004","2.1117844581604004","2.1117844581604004"
"555","2.1128666400909424","2.1128666400909424","2.1128666400909424"
"557","2.1343040466308594","2.1343040466308594","2.1343040466308594"
"559","2.1103320121765137","2.1103320121765137","2.1103320121765137"
"561","2.0919017791748047","2.0919017791748047","2.0919017791748047"
"563","2.0799520015716553","2.0799520015716553","2.0799520015716553"
"565","2.2613871097564697","2.2613871097564697","2.2613871097564697"
"567","2.176009178161621","2.176009178161621","2.176009178161621"
"569","2.138611078262329","2.138611078262329","2.138611078262329"
"571","2.18562912940979","2.18562912940979","2.18562912940979"
"573","2.1883697509765625","2.1883697509765625","2.1883697509765625"
"575","2.138719081878662","2.138719081878662","2.138719081878662"
"577","2.1624739170074463","2.1624739170074463","2.1624739170074463"
"579","2.171212911605835","2.171212911605835","2.171212911605835"
"581","2.1219491958618164","2.1219491958618164","2.1219491958618164"
"583","2.18505597114563","2.18505597114563","2.18505597114563"
"585","2.2330613136291504","2.2330613136291504","2.2330613136291504"
"587","2.232513427734375","2.232513427734375","2.232513427734375"
"589","2.1827352046966553","2.1827352046966553","2.1827352046966553"
"591","2.2078497409820557","2.2078497409820557","2.2078497409820557"
"593","2.20757794380188","2.20757794380188","2.20757794380188"
"595","2.1998860836029053","2.1998860836029053","2.1998860836029053"
"597","2.1930501461029053","2.1930501461029053","2.1930501461029053"
"599","2.218695640563965","2.218695640563965","2.218695640563965"
"601","2.196293592453003","2.196293592453003","2.196293592453003"
"603","2.1815803050994873","2.1815803050994873","2.1815803050994873"
"605","2.1363768577575684","2.1363768577575684","2.1363768577575684"
"607","2.1284797191619873","2.1284797191619873","2.1284797191619873"
"609","2.1600096225738525","2.1600096225738525","2.1600096225738525"
"611","2.154634952545166","2.154634952545166","2.154634952545166"
"613","2.1267974376678467","2.1267974376678467","2.1267974376678467"
"615","2.2454559803009033","2.2454559803009033","2.2454559803009033"
"617","2.2500624656677246","2.2500624656677246","2.2500624656677246"
"619","2.2321794033050537","2.2321794033050537","2.2321794033050537"
"621","2.216888904571533","2.216888904571533","2.216888904571533"
"623","2.230654239654541","2.230654239654541","2.230654239654541"
"625","2.223024845123291","2.223024845123291","2.223024845123291"
"627","2.219377279281616","2.219377279281616","2.219377279281616"
"629","2.200880289077759","2.200880289077759","2.200880289077759"
"631","2.1878483295440674","2.1878483295440674","2.1878483295440674"
"633","2.311414957046509","2.311414957046509","2.311414957046509"
"635","2.2989275455474854","2.2989275455474854","2.2989275455474854"
"637","2.31880784034729","2.31880784034729","2.31880784034729"
"639","2.272266387939453","2.272266387939453","2.272266387939453"
"641","2.325679063796997","2.325679063796997","2.325679063796997"
"643","2.2396366596221924","2.2396366596221924","2.2396366596221924"
"645","2.3009870052337646","2.3009870052337646","2.3009870052337646"
"647","2.251343011856079","2.251343011856079","2.251343011856079"
"649","2.229135513305664","2.229135513305664","2.229135513305664"
"651","2.221146821975708","2.221146821975708","2.221146821975708"
"653","2.250775098800659","2.250775098800659","2.250775098800659"
"655","2.223684310913086","2.223684310913086","2.223684310913086"
"657","2.2070295810699463","2.2070295810699463","2.2070295810699463"
"659","2.216887950897217","2.216887950897217","2.216887950897217"
"661","2.189701557159424","2.189701557159424","2.189701557159424"
"663","2.2084577083587646","2.2084577083587646","2.2084577083587646"
"665","2.239403247833252","2.239403247833252","2.239403247833252"
"667","2.272804021835327","2.272804021835327","2.272804021835327"
"669","2.2235732078552246","2.2235732078552246","2.2235732078552246"
"671","2.2589635848999023","2.2589635848999023","2.2589635848999023"
"673","2.287656545639038","2.287656545639038","2.287656545639038"
"675","2.2680742740631104","2.2680742740631104","2.2680742740631104"
"677","2.270341157913208","2.270341157913208","2.270341157913208"
"679","2.2670228481292725","2.2670228481292725","2.2670228481292725"
"681","2.2950422763824463","2.2950422763824463","2.2950422763824463"
"683","2.331515073776245","2.331515073776245","2.331515073776245"
"685","2.300570487976074","2.300570487976074","2.300570487976074"
"687","2.3501477241516113","2.3501477241516113","2.3501477241516113"
"689","2.2900242805480957","2.2900242805480957","2.2900242805480957"
"691","2.305124044418335","2.305124044418335","2.305124044418335"
"693","2.308354139328003","2.308354139328003","2.308354139328003"
"695","2.282318115234375","2.282318115234375","2.282318115234375"
"697","2.3164093494415283","2.3164093494415283","2.3164093494415283"
"699","2.2646098136901855","2.2646098136901855","2.2646098136901855"
"701","2.290907859802246","2.290907859802246","2.290907859802246"
"703","2.2821240425109863","2.2821240425109863","2.2821240425109863"
"705","2.2693448066711426","2.2693448066711426","2.2693448066711426"
"707","2.2756271362304688","2.2756271362304688","2.2756271362304688"
"709","2.2504425048828125","2.2504425048828125","2.2504425048828125"
"711","2.2960851192474365","2.2960851192474365","2.2960851192474365"
"713","2.2557737827301025","2.2557737827301025","2.2557737827301025"
"715","2.287876844406128","2.287876844406128","2.287876844406128"
"717","2.324939012527466","2.324939012527466","2.324939012527466"
"719","2.28705096244812","2.28705096244812","2.28705096244812"
"721","2.2869479656219482","2.2869479656219482","2.2869479656219482"
"723","2.285201072692871","2.285201072692871","2.285201072692871"
"725","2.2830066680908203","2.2830066680908203","2.2830066680908203"
"727","2.3095591068267822","2.3095591068267822","2.3095591068267822"
"729","2.259989023208618","2.259989023208618","2.259989023208618"
"731","2.3194544315338135","2.3194544315338135","2.3194544315338135"
"733","2.3405776023864746","2.3405776023864746","2.3405776023864746"
"735","2.376325845718384","2.376325845718384","2.376325845718384"
"737","2.3322412967681885","2.3322412967681885","2.3322412967681885"
"739","2.3366031646728516","2.3366031646728516","2.3366031646728516"
"741","2.331967353820801","2.331967353820801","2.331967353820801"
"743","2.3655989170074463","2.3655989170074463","2.3655989170074463"
"745","2.3221590518951416","2.3221590518951416","2.3221590518951416"
"747","2.3371152877807617","2.3371152877807617","2.3371152877807617"
"749","2.3628814220428467","2.3628814220428467","2.3628814220428467"
"751","2.356712818145752","2.356712818145752","2.356712818145752"
"753","2.434149742126465","2.434149742126465","2.434149742126465"
"755","2.3569045066833496","2.3569045066833496","2.3569045066833496"
"757","2.3464503288269043","2.3464503288269043","2.3464503288269043"
"759","2.3591599464416504","2.3591599464416504","2.3591599464416504"
"761","2.3410229682922363","2.3410229682922363","2.3410229682922363"
"763","2.357440233230591","2.357440233230591","2.357440233230591"
"765","2.348320484161377","2.348320484161377","2.348320484161377"
"767","2.3336527347564697","2.3336527347564697","2.3336527347564697"
"769","2.2855074405670166","2.2855074405670166","2.2855074405670166"
"771","2.4087088108062744","2.4087088108062744","2.4087088108062744"
"773","2.2935895919799805","2.2935895919799805","2.2935895919799805"
"775","2.3376777172088623","2.3376777172088623","2.3376777172088623"
"777","2.3162171840667725","2.3162171840667725","2.3162171840667725"
"779","2.2898528575897217","2.2898528575897217","2.2898528575897217"
"781","2.4972472190856934","2.4972472190856934","2.4972472190856934"
"783","2.4106478691101074","2.4106478691101074","2.4106478691101074"
"785","2.3641252517700195","2.3641252517700195","2.3641252517700195"
"787","2.393602132797241","2.393602132797241","2.393602132797241"
"789","2.375643491744995","2.375643491744995","2.375643491744995"
"791","2.44575834274292","2.44575834274292","2.44575834274292"
"793","2.3409268856048584","2.3409268856048584","2.3409268856048584"
"795","2.328876495361328","2.328876495361328","2.328876495361328"
"797","2.313702344894409","2.313702344894409","2.313702344894409"
"799","2.4242031574249268","2.4242031574249268","2.4242031574249268"
"801","2.4219541549682617","2.4219541549682617","2.4219541549682617"
"803","2.3745687007904053","2.3745687007904053","2.3745687007904053"
"805","2.424140214920044","2.424140214920044","2.424140214920044"
"807","2.4009785652160645","2.4009785652160645","2.4009785652160645"
"809","2.3777377605438232","2.3777377605438232","2.3777377605438232"
"811","2.4009580612182617","2.4009580612182617","2.4009580612182617"
"813","2.3979060649871826","2.3979060649871826","2.3979060649871826"
"815","2.3996641635894775","2.3996641635894775","2.3996641635894775"
"817","2.4264838695526123","2.4264838695526123","2.4264838695526123"
"819","2.334892511367798","2.334892511367798","2.334892511367798"
"821","2.3824708461761475","2.3824708461761475","2.3824708461761475"
"823","2.3466596603393555","2.3466596603393555","2.3466596603393555"
"825","2.3488681316375732","2.3488681316375732","2.3488681316375732"
"827","2.3011081218719482","2.3011081218719482","2.3011081218719482"
"829","2.3689610958099365","2.3689610958099365","2.3689610958099365"
"831","2.5725715160369873","2.5725715160369873","2.5725715160369873"
"833","2.4715402126312256","2.4715402126312256","2.4715402126312256"
"835","2.4510018825531006","2.4510018825531006","2.4510018825531006"
"837","2.4377787113189697","2.4377787113189697","2.4377787113189697"
"839","2.421388626098633","2.421388626098633","2.421388626098633"
"841","2.3909621238708496","2.3909621238708496","2.3909621238708496"
"843","2.404127359390259","2.404127359390259","2.404127359390259"
"845","2.3963253498077393","2.3963253498077393","2.3963253498077393"
"847","2.309964895248413","2.309964895248413","2.309964895248413"
"849","2.4608521461486816","2.4608521461486816","2.4608521461486816"
"851","2.517963409423828","2.517963409423828","2.517963409423828"
"853","2.519169569015503","2.519169569015503","2.519169569015503"
"855","2.5044760704040527","2.5044760704040527","2.5044760704040527"
"857","2.4943015575408936","2.4943015575408936","2.4943015575408936"
"859","2.447537899017334","2.447537899017334","2.447537899017334"
"861","2.5092906951904297","2.5092906951904297","2.5092906951904297"
"863","2.478762149810791","2.478762149810791","2.478762149810791"
"865","2.4339442253112793","2.4339442253112793","2.4339442253112793"
"867","2.4513182640075684","2.4513182640075684","2.4513182640075684"
"869","2.3798816204071045","2.3798816204071045","2.3798816204071045"
"871","2.412414312362671","2.412414312362671","2.412414312362671"
"873","2.3809516429901123","2.3809516429901123","2.3809516429901123"
"875","2.4228272438049316","2.4228272438049316","2.4228272438049316"
"877","2.4039154052734375","2.4039154052734375","2.4039154052734375"
"879","2.432403087615967","2.432403087615967","2.432403087615967"
"881","2.472242593765259","2.472242593765259","2.472242593765259"
"883","2.4901232719421387","2.4901232719421387","2.4901232719421387"
"885","2.4875621795654297","2.4875621795654297","2.4875621795654297"
"887","2.4534413814544678","2.4534413814544678","2.4534413814544678"
"889","2.479989767074585","2.479989767074585","2.479989767074585"
"891","2.441406011581421","2.441406011581421","2.441406011581421"
"893","2.4568049907684326","2.4568049907684326","2.4568049907684326"
"895","2.4308555126190186","2.4308555126190186","2.4308555126190186"
"897","2.377592086791992","2.377592086791992","2.377592086791992"
"899","2.6003170013427734","2.6003170013427734","2.6003170013427734"
"901","2.5823166370391846","2.5823166370391846","2.5823166370391846"
"903","2.553457260131836","2.553457260131836","2.553457260131836"
"905","2.5523054599761963","2.5523054599761963","2.5523054599761963"
"907","2.616349220275879","2.616349220275879","2.616349220275879"
"909","2.5404462814331055","2.5404462814331055","2.5404462814331055"
"911","2.525804042816162","2.525804042816162","2.525804042816162"
"913","2.5165653228759766","2.5165653228759766","2.5165653228759766"
"915","2.506371021270752","2.506371021270752","2.506371021270752"
"917","2.4893245697021484","2.4893245697021484","2.4893245697021484"
"919","2.443880796432495","2.443880796432495","2.443880796432495"
"921","2.4416935443878174","2.4416935443878174","2.4416935443878174"
"923","2.469679117202759","2.469679117202759","2.469679117202759"
"925","2.3910868167877197","2.3910868167877197","2.3910868167877197"
"927","2.4451448917388916","2.4451448917388916","2.4451448917388916"
"929","2.4661407470703125","2.4661407470703125","2.4661407470703125"
"931","2.4931600093841553","2.4931600093841553","2.4931600093841553"
"933","2.5741357803344727","2.5741357803344727","2.5741357803344727"
"935","2.5527520179748535","2.5527520179748535","2.5527520179748535"
"937","2.5414159297943115","2.5414159297943115","2.5414159297943115"
"939","2.547006130218506","2.547006130218506","2.547006130218506"
"941","2.51861572265625","2.51861572265625","2.51861572265625"
"943","2.518021821975708","2.518021821975708","2.518021821975708"
"945","2.4703681468963623","2.4703681468963623","2.4703681468963623"
"947","2.4480676651000977","2.4480676651000977","2.4480676651000977"
"949","2.5760653018951416","2.5760653018951416","2.5760653018951416"
"951","2.647533893585205","2.647533893585205","2.647533893585205"
"953","2.5578348636627197","2.5578348636627197","2.5578348636627197"
"955","2.587970733642578","2.587970733642578","2.587970733642578"
"957","2.6214046478271484","2.6214046478271484","2.6214046478271484"
"959","2.623522996902466","2.623522996902466","2.623522996902466"
"961","2.588124990463257","2.588124990463257","2.588124990463257"
"963","2.626133680343628","2.626133680343628","2.626133680343628"
"965","2.548233985900879","2.548233985900879","2.548233985900879"
"967","2.513808488845825","2.513808488845825","2.513808488845825"
"969","2.5127599239349365","2.5127599239349365","2.5127599239349365"
"971","2.564668893814087","2.564668893814087","2.564668893814087"
"973","2.579718828201294","2.579718828201294","2.579718828201294"
"975","2.5021305084228516","2.5021305084228516","2.5021305084228516"
"977","2.4971632957458496","2.4971632957458496","2.4971632957458496"
"979","2.487077474594116","2.487077474594116","2.487077474594116"
"981","2.5314159393310547","2.5314159393310547","2.5314159393310547"
"983","2.639617443084717","2.639617443084717","2.639617443084717"
"985","2.510249614715576","2.510249614715576","2.510249614715576"
"987","2.526958703994751","2.526958703994751","2.526958703994751"
"989","2.5973262786865234","2.5973262786865234","2.5973262786865234"
"991","2.540266990661621","2.540266990661621","2.540266990661621"
"993","2.5544533729553223","2.5544533729553223","2.5544533729553223"
"995","2.539966106414795","2.539966106414795","2.539966106414795"
"997","2.6122989654541016","2.6122989654541016","2.6122989654541016"
"999","2.5724501609802246","2.5724501609802246","2.5724501609802246"
"1001","2.6487202644348145","2.6487202644348145","2.6487202644348145"
"1003","2.640660047531128","2.640660047531128","2.640660047531128"
"1005","2.645521402359009","2.645521402359009","2.645521402359009"
"1007","2.5941109657287598","2.5941109657287598","2.5941109657287598"
"1009","2.625086545944214","2.625086545944214","2.625086545944214"
"1011","2.5938990116119385","2.5938990116119385","2.5938990116119385"
"1013","2.6192004680633545","2.6192004680633545","2.6192004680633545"
"1015","2.6076292991638184","2.6076292991638184","2.6076292991638184"
"1017","2.566814661026001","2.566814661026001","2.566814661026001"
"1019","2.5780513286590576","2.5780513286590576","2.5780513286590576"
"1021","2.6459178924560547","2.6459178924560547","2.6459178924560547"
"1023","2.5931849479675293","2.5931849479675293","2.5931849479675293"
"1025","2.547569751739502","2.547569751739502","2.547569751739502"
"1027","2.5761544704437256","2.5761544704437256","2.5761544704437256"
"1029","2.5615715980529785","2.5615715980529785","2.5615715980529785"
"1031","2.5854029655456543","2.5854029655456543","2.5854029655456543"
"1033","2.674769163131714","2.674769163131714","2.674769163131714"
"1035","2.583158493041992","2.583158493041992","2.583158493041992"
"1037","2.605653762817383","2.605653762817383","2.605653762817383"
"1039","2.603795289993286","2.603795289993286","2.603795289993286"
"1041","2.6047260761260986","2.6047260761260986","2.6047260761260986"
"1043","2.5963058471679688","2.5963058471679688","2.5963058471679688"
"1045","2.5466456413269043","2.5466456413269043","2.5466456413269043"
"1047","2.6974048614501953","2.6974048614501953","2.6974048614501953"
"1049","2.6401209831237793","2.6401209831237793","2.6401209831237793"
"1051","2.6659936904907227","2.6659936904907227","2.6659936904907227"
"1053","2.683354139328003","2.683354139328003","2.683354139328003"
"1055","2.646017551422119","2.646017551422119","2.646017551422119"
"1057","2.6420297622680664","2.6420297622680664","2.6420297622680664"
"1059","2.606971502304077","2.606971502304077","2.606971502304077"
"1061","2.612945795059204","2.612945795059204","2.612945795059204"
"1063","2.6175122261047363","2.6175122261047363","2.6175122261047363"
"1065","2.6606993675231934","2.6606993675231934","2.6606993675231934"
"1067","2.6205880641937256","2.6205880641937256","2.6205880641937256"
"1069","2.5939488410949707","2.5939488410949707","2.5939488410949707"
"1071","2.5860021114349365","2.5860021114349365","2.5860021114349365"
"1073","2.6504054069519043","2.6504054069519043","2.6504054069519043"
"1075","2.6450042724609375","2.6450042724609375","2.6450042724609375"
"1077","2.6395955085754395","2.6395955085754395","2.6395955085754395"
"1079","2.6146788597106934","2.6146788597106934","2.6146788597106934"
"1081","2.621234178543091","2.621234178543091","2.621234178543091"
"1083","2.669713020324707","2.669713020324707","2.669713020324707"
"1085","2.656560182571411","2.656560182571411","2.656560182571411"
"1087","2.6069071292877197","2.6069071292877197","2.6069071292877197"
"1089","2.555925130844116","2.555925130844116","2.555925130844116"
"1091","2.5968832969665527","2.5968832969665527","2.5968832969665527"
"1093","2.584099769592285","2.584099769592285","2.584099769592285"
"1095","2.6137397289276123","2.6137397289276123","2.6137397289276123"
"1097","2.7896265983581543","2.7896265983581543","2.7896265983581543"
"1099","2.643458127975464","2.643458127975464","2.643458127975464"
"1101","2.673707962036133","2.673707962036133","2.673707962036133"
"1103","2.652757406234741","2.652757406234741","2.652757406234741"
"1105","2.5694010257720947","2.5694010257720947","2.5694010257720947"
"1107","2.6108784675598145","2.6108784675598145","2.6108784675598145"
"1109","2.6042697429656982","2.6042697429656982","2.6042697429656982"
"1111","2.678527593612671","2.678527593612671","2.678527593612671"
"1113","2.5333292484283447","2.5333292484283447","2.5333292484283447"
"1115","2.657742738723755","2.657742738723755","2.657742738723755"
"1117","2.6884281635284424","2.6884281635284424","2.6884281635284424"
"1119","2.7221994400024414","2.7221994400024414","2.7221994400024414"
"1121","2.6746320724487305","2.6746320724487305","2.6746320724487305"
"1123","2.6380672454833984","2.6380672454833984","2.6380672454833984"
"1125","2.6560611724853516","2.6560611724853516","2.6560611724853516"
"1127","2.742830514907837","2.742830514907837","2.742830514907837"
"1129","2.609586715698242","2.609586715698242","2.609586715698242"
"1131","2.6479403972625732","2.6479403972625732","2.6479403972625732"
"1133","2.736180543899536","2.736180543899536","2.736180543899536"
"1135","2.645399808883667","2.645399808883667","2.645399808883667"
"1137","2.6667368412017822","2.6667368412017822","2.6667368412017822"
"1139","2.6157593727111816","2.6157593727111816","2.6157593727111816"
"1141","2.6252596378326416","2.6252596378326416","2.6252596378326416"
"1143","2.6603496074676514","2.6603496074676514","2.6603496074676514"
"1145","2.6567440032958984","2.6567440032958984","2.6567440032958984"
"1147","2.725708246231079","2.725708246231079","2.725708246231079"
"1149","2.683473587036133","2.683473587036133","2.683473587036133"
"1151","2.664309501647949","2.664309501647949","2.664309501647949"
"1153","2.707026720046997","2.707026720046997","2.707026720046997"
"1155","2.6186163425445557","2.6186163425445557","2.6186163425445557"
"1157","2.660825252532959","2.660825252532959","2.660825252532959"
"1159","2.6994059085845947","2.6994059085845947","2.6994059085845947"
"1161","2.6838626861572266","2.6838626861572266","2.6838626861572266"
"1163","2.586817741394043","2.586817741394043","2.586817741394043"
"1165","2.7350311279296875","2.7350311279296875","2.7350311279296875"
"1167","2.744144916534424","2.744144916534424","2.744144916534424"
"1169","2.737685441970825","2.737685441970825","2.737685441970825"
"1171","2.7187397480010986","2.7187397480010986","2.7187397480010986"
"1173","2.7363317012786865","2.7363317012786865","2.7363317012786865"
"1175","2.790374994277954","2.790374994277954","2.790374994277954"
"1177","2.7255759239196777","2.7255759239196777","2.7255759239196777"
"1179","2.7572975158691406","2.7572975158691406","2.7572975158691406"
"1181","2.712904930114746","2.712904930114746","2.712904930114746"
"1183","2.708484649658203","2.708484649658203","2.708484649658203"
"1185","2.6459102630615234","2.6459102630615234","2.6459102630615234"
"1187","2.641698122024536","2.641698122024536","2.641698122024536"
"1189","2.6742427349090576","2.6742427349090576","2.6742427349090576"
"1191","2.7563579082489014","2.7563579082489014","2.7563579082489014"
"1193","2.6867167949676514","2.6867167949676514","2.6867167949676514"
"1195","2.694039821624756","2.694039821624756","2.694039821624756"
"1197","2.701550245285034","2.701550245285034","2.701550245285034"
"1199","2.730768918991089","2.730768918991089","2.730768918991089"
"1201","2.661529541015625","2.661529541015625","2.661529541015625"
"1203","2.689751148223877","2.689751148223877","2.689751148223877"
"1205","2.683046817779541","2.683046817779541","2.683046817779541"
"1207","2.7580559253692627","2.7580559253692627","2.7580559253692627"
"1209","2.706460952758789","2.706460952758789","2.706460952758789"
"1211","2.695427417755127","2.695427417755127","2.695427417755127"
"1213","2.638706922531128","2.638706922531128","2.638706922531128"
"1215","2.9157931804656982","2.9157931804656982","2.9157931804656982"
"1217","2.8584043979644775","2.8584043979644775","2.8584043979644775"
"1219","2.8928394317626953","2.8928394317626953","2.8928394317626953"
"1221","2.826749801635742","2.826749801635742","2.826749801635742"
"1223","2.7540249824523926","2.7540249824523926","2.7540249824523926"
"1225","2.7813851833343506","2.7813851833343506","2.7813851833343506"
"1227","2.8105368614196777","2.8105368614196777","2.8105368614196777"
"1229","2.8245747089385986","2.8245747089385986","2.8245747089385986"
"1231","2.7727584838867188","2.7727584838867188","2.7727584838867188"
"1233","2.7856953144073486","2.7856953144073486","2.7856953144073486"
"1235","2.7416322231292725","2.7416322231292725","2.7416322231292725"
"1237","2.724317789077759","2.724317789077759","2.724317789077759"
"1239","2.748500108718872","2.748500108718872","2.748500108718872"
"1241","2.7266123294830322","2.7266123294830322","2.7266123294830322"
"1243","2.771656036376953","2.771656036376953","2.771656036376953"
"1245","2.721046209335327","2.721046209335327","2.721046209335327"
"1247","2.6774187088012695","2.6774187088012695","2.6774187088012695"
"1249","2.6846182346343994","2.6846182346343994","2.6846182346343994"
"1251","2.721083164215088","2.721083164215088","2.721083164215088"
"1253","2.7510266304016113","2.7510266304016113","2.7510266304016113"
"1255","2.6886146068573","2.6886146068573","2.6886146068573"
"1257","2.7156877517700195","2.7156877517700195","2.7156877517700195"
"1259","2.7223458290100098","2.7223458290100098","2.7223458290100098"
"1261","2.7024543285369873","2.7024543285369873","2.7024543285369873"
"1263","2.7186269760131836","2.7186269760131836","2.7186269760131836"
"1265","2.853043794631958","2.853043794631958","2.853043794631958"
"1267","2.922543525695801","2.922543525695801","2.922543525695801"
"1269","2.8271965980529785","2.8271965980529785","2.8271965980529785"
"1271","2.875533103942871","2.875533103942871","2.875533103942871"
"1273","2.7777934074401855","2.7777934074401855","2.7777934074401855"
"1275","2.910642623901367","2.910642623901367","2.910642623901367"
"1277","2.9170918464660645","2.9170918464660645","2.9170918464660645"
"1279","2.9043054580688477","2.9043054580688477","2.9043054580688477"
"1281","2.757065773010254","2.757065773010254","2.757065773010254"
"1283","2.8554508686065674","2.8554508686065674","2.8554508686065674"
"1285","2.7699790000915527","2.7699790000915527","2.7699790000915527"
"1287","2.820317506790161","2.820317506790161","2.820317506790161"
"1289","2.835982322692871","2.835982322692871","2.835982322692871"
"1291","2.744654655456543","2.744654655456543","2.744654655456543"
"1293","2.7899348735809326","2.7899348735809326","2.7899348735809326"
"1295","2.68023681640625","2.68023681640625","2.68023681640625"
"1297","2.7934517860412598","2.7934517860412598","2.7934517860412598"
"1299","2.793245315551758","2.793245315551758","2.793245315551758"
"1301","2.7473912239074707","2.7473912239074707","2.7473912239074707"
"1303","2.709686756134033","2.709686756134033","2.709686756134033"
"1305","2.730985403060913","2.730985403060913","2.730985403060913"
"1307","2.759157180786133","2.759157180786133","2.759157180786133"
"1309","2.779360294342041","2.779360294342041","2.779360294342041"
"1311","2.65689754486084","2.65689754486084","2.65689754486084"
"1313","2.8743526935577393","2.8743526935577393","2.8743526935577393"
"1315","2.905022144317627","2.905022144317627","2.905022144317627"
"1317","2.9399662017822266","2.9399662017822266","2.9399662017822266"
"1319","2.910799264907837","2.910799264907837","2.910799264907837"
"1321","2.917595624923706","2.917595624923706","2.917595624923706"
"1323","2.8768885135650635","2.8768885135650635","2.8768885135650635"
"1325","2.91660475730896","2.91660475730896","2.91660475730896"
"1327","2.948155403137207","2.948155403137207","2.948155403137207"
"1329","2.8491837978363037","2.8491837978363037","2.8491837978363037"
"1331","2.824514627456665","2.824514627456665","2.824514627456665"
"1333","2.883131504058838","2.883131504058838","2.883131504058838"
"1335","2.842001438140869","2.842001438140869","2.842001438140869"
"1337","2.8110952377319336","2.8110952377319336","2.8110952377319336"
"1339","2.7738966941833496","2.7738966941833496","2.7738966941833496"
"1341","2.831388473510742","2.831388473510742","2.831388473510742"
"1343","2.7891554832458496","2.7891554832458496","2.7891554832458496"
"1345","2.7566897869110107","2.7566897869110107","2.7566897869110107"
"1347","2.796670436859131","2.796670436859131","2.796670436859131"
"1349","2.8563265800476074","2.8563265800476074","2.8563265800476074"
"1351","2.7300102710723877","2.7300102710723877","2.7300102710723877"
"1353","2.755481004714966","2.755481004714966","2.755481004714966"
"1355","2.7931175231933594","2.7931175231933594","2.7931175231933594"
"1357","2.7988169193267822","2.7988169193267822","2.7988169193267822"
"1359","2.7964165210723877","2.7964165210723877","2.7964165210723877"
"1361","2.7053353786468506","2.7053353786468506","2.7053353786468506"
"1363","2.9356913566589355","2.9356913566589355","2.9356913566589355"
"1365","2.878647565841675","2.878647565841675","2.878647565841675"
"1367","2.8862462043762207","2.8862462043762207","2.8862462043762207"
"1369","2.9111578464508057","2.9111578464508057","2.9111578464508057"
"1371","2.944586753845215","2.944586753845215","2.944586753845215"
"1373","2.836900472640991","2.836900472640991","2.836900472640991"
"1375","2.8823704719543457","2.8823704719543457","2.8823704719543457"
"1377","2.899024724960327","2.899024724960327","2.899024724960327"
"1379","2.791710376739502","2.791710376739502","2.791710376739502"
"1381","2.8792724609375","2.8792724609375","2.8792724609375"
"1383","2.965327501296997","2.965327501296997","2.965327501296997"
"1385","2.8315188884735107","2.8315188884735107","2.8315188884735107"
"1387","2.858344078063965","2.858344078063965","2.858344078063965"
"1389","2.797546148300171","2.797546148300171","2.797546148300171"
"1391","2.866926908493042","2.866926908493042","2.866926908493042"
"1393","2.851515054702759","2.851515054702759","2.851515054702759"
"1395","2.8023245334625244","2.8023245334625244","2.8023245334625244"
"1397","2.8184914588928223","2.8184914588928223","2.8184914588928223"
"1399","2.789471387863159","2.789471387863159","2.789471387863159"
"1401","2.7704379558563232","2.7704379558563232","2.7704379558563232"
"1403","2.7658989429473877","2.7658989429473877","2.7658989429473877"
"1405","2.867539882659912","2.867539882659912","2.867539882659912"
"1407","2.859628438949585","2.859628438949585","2.859628438949585"
"1409","2.769256830215454","2.769256830215454","2.769256830215454"
"1411","2.805901288986206","2.805901288986206","2.805901288986206"
"1413","2.9998369216918945","2.9998369216918945","2.9998369216918945"
"1415","2.909785747528076","2.909785747528076","2.909785747528076"
"1417","2.848428249359131","2.848428249359131","2.848428249359131"
"1419","2.8821592330932617","2.8821592330932617","2.8821592330932617"
"1421","2.8932948112487793","2.8932948112487793","2.8932948112487793"
"1423","2.9330453872680664","2.9330453872680664","2.9330453872680664"
"1425","2.8450005054473877","2.8450005054473877","2.8450005054473877"
"1427","2.91111159324646","2.91111159324646","2.91111159324646"
"1429","2.780700922012329","2.780700922012329","2.780700922012329"
"1431","2.943187713623047","2.943187713623047","2.943187713623047"
"1433","3.007180690765381","3.007180690765381","3.007180690765381"
"1435","2.9090542793273926","2.9090542793273926","2.9090542793273926"
"1437","2.828382968902588","2.828382968902588","2.828382968902588"
"1439","2.904193639755249","2.904193639755249","2.904193639755249"
"1441","2.9547574520111084","2.9547574520111084","2.9547574520111084"
"1443","2.8884804248809814","2.8884804248809814","2.8884804248809814"
"1445","2.8861782550811768","2.8861782550811768","2.8861782550811768"
"1447","2.8533012866973877","2.8533012866973877","2.8533012866973877"
"1449","2.836798667907715","2.836798667907715","2.836798667907715"
"1451","2.7625746726989746","2.7625746726989746","2.7625746726989746"
"1453","2.8449456691741943","2.8449456691741943","2.8449456691741943"
"1455","2.843729257583618","2.843729257583618","2.843729257583618"
"1457","2.902989149093628","2.902989149093628","2.902989149093628"
"1459","2.798130750656128","2.798130750656128","2.798130750656128"
"1461","2.827453851699829","2.827453851699829","2.827453851699829"
"1463","2.941981077194214","2.941981077194214","2.941981077194214"
"1465","3.0141549110412598","3.0141549110412598","3.0141549110412598"
"1467","2.869443416595459","2.869443416595459","2.869443416595459"
"1469","2.9455058574676514","2.9455058574676514","2.9455058574676514"
"1471","2.875577449798584","2.875577449798584","2.875577449798584"
"1473","2.874798059463501","2.874798059463501","2.874798059463501"
"1475","2.9323437213897705","2.9323437213897705","2.9323437213897705"
"1477","2.8337409496307373","2.8337409496307373","2.8337409496307373"
"1479","2.748920440673828","2.748920440673828","2.748920440673828"
"1481","2.890901565551758","2.890901565551758","2.890901565551758"
"1483","2.9111742973327637","2.9111742973327637","2.9111742973327637"
"1485","3.034165859222412","3.034165859222412","3.034165859222412"
"1487","2.9227869510650635","2.9227869510650635","2.9227869510650635"
"1489","2.913689613342285","2.913689613342285","2.913689613342285"
"1491","2.8915348052978516","2.8915348052978516","2.8915348052978516"
"1493","2.902165174484253","2.902165174484253","2.902165174484253"
"1495","2.9376227855682373","2.9376227855682373","2.9376227855682373"
"1497","2.8428826332092285","2.8428826332092285","2.8428826332092285"
"1499","2.912374258041382","2.912374258041382","2.912374258041382"
"1501","2.8785135746002197","2.8785135746002197","2.8785135746002197"
"1503","2.878047227859497","2.878047227859497","2.878047227859497"
"1505","2.878955841064453","2.878955841064453","2.878955841064453"
"1507","2.8804516792297363","2.8804516792297363","2.8804516792297363"
"1509","2.8874075412750244","2.8874075412750244","2.8874075412750244"
"1511","2.878875255584717","2.878875255584717","2.878875255584717"
"1513","2.9435133934020996","2.9435133934020996","2.9435133934020996"
"1515","2.8848912715911865","2.8848912715911865","2.8848912715911865"
"1517","2.923882246017456","2.923882246017456","2.923882246017456"
"1519","2.9196441173553467","2.9196441173553467","2.9196441173553467"
"1521","2.920614719390869","2.920614719390869","2.920614719390869"
"1523","2.8943350315093994","2.8943350315093994","2.8943350315093994"
"1525","2.979745626449585","2.979745626449585","2.979745626449585"
"1527","2.9064011573791504","2.9064011573791504","2.9064011573791504"
"1529","2.846827268600464","2.846827268600464","2.846827268600464"
"1531","3.007776975631714","3.007776975631714","3.007776975631714"
"1533","2.970379114151001","2.970379114151001","2.970379114151001"
"1535","3.056469678878784","3.056469678878784","3.056469678878784"
"1537","2.9986348152160645","2.9986348152160645","2.9986348152160645"
"1539","3.039313316345215","3.039313316345215","3.039313316345215"
"1541","2.991739511489868","2.991739511489868","2.991739511489868"
"1543","3.0184500217437744","3.0184500217437744","3.0184500217437744"
"1545","3.0353240966796875","3.0353240966796875","3.0353240966796875"
"1547","2.908163547515869","2.908163547515869","2.908163547515869"
"1549","2.958566427230835","2.958566427230835","2.958566427230835"
"1551","2.8980205059051514","2.8980205059051514","2.8980205059051514"
"1553","2.885331869125366","2.885331869125366","2.885331869125366"
"1555","2.8777620792388916","2.8777620792388916","2.8777620792388916"
"1557","2.8873989582061768","2.8873989582061768","2.8873989582061768"
"1559","2.923889398574829","2.923889398574829","2.923889398574829"
"1561","2.918607711791992","2.918607711791992","2.918607711791992"
"1563","2.869367837905884","2.869367837905884","2.869367837905884"
"1565","2.9864306449890137","2.9864306449890137","2.9864306449890137"
"1567","2.9220244884490967","2.9220244884490967","2.9220244884490967"
"1569","2.941650390625","2.941650390625","2.941650390625"
"1571","2.9717752933502197","2.9717752933502197","2.9717752933502197"
"1573","2.896588087081909","2.896588087081909","2.896588087081909"
"1575","2.904473066329956","2.904473066329956","2.904473066329956"
"1577","2.880323886871338","2.880323886871338","2.880323886871338"
"1579","3.0064754486083984","3.0064754486083984","3.0064754486083984"
"1581","3.08693790435791","3.08693790435791","3.08693790435791"
"1583","3.032864570617676","3.032864570617676","3.032864570617676"
"1585","3.1142146587371826","3.1142146587371826","3.1142146587371826"
"1587","2.9759905338287354","2.9759905338287354","2.9759905338287354"
"1589","3.012962579727173","3.012962579727173","3.012962579727173"
"1591","3.0148773193359375","3.0148773193359375","3.0148773193359375"
"1593","2.9618635177612305","2.9618635177612305","2.9618635177612305"
"1595","2.9823806285858154","2.9823806285858154","2.9823806285858154"
"1597","3.010272979736328","3.010272979736328","3.010272979736328"
"1599","2.9651927947998047","2.9651927947998047","2.9651927947998047"
"1601","2.9660561084747314","2.9660561084747314","2.9660561084747314"
"1603","3.005560874938965","3.005560874938965","3.005560874938965"
"1605","2.9408223628997803","2.9408223628997803","2.9408223628997803"
"1607","2.943584442138672","2.943584442138672","2.943584442138672"
"1609","2.954753875732422","2.954753875732422","2.954753875732422"
"1611","2.94553279876709","2.94553279876709","2.94553279876709"
"1613","2.9848408699035645","2.9848408699035645","2.9848408699035645"
"1615","2.9594032764434814","2.9594032764434814","2.9594032764434814"
"1617","3.008692741394043","3.008692741394043","3.008692741394043"
"1619","2.8582379817962646","2.8582379817962646","2.8582379817962646"
"1621","2.957207679748535","2.957207679748535","2.957207679748535"
"1623","2.9725358486175537","2.9725358486175537","2.9725358486175537"
"1625","2.962066173553467","2.962066173553467","2.962066173553467"
"1627","2.942939043045044","2.942939043045044","2.942939043045044"
"1629","3.137781858444214","3.137781858444214","3.137781858444214"
"1631","3.065279245376587","3.065279245376587","3.065279245376587"
"1633","2.9790685176849365","2.9790685176849365","2.9790685176849365"
"1635","3.0289533138275146","3.0289533138275146","3.0289533138275146"
"1637","3.035675525665283","3.035675525665283","3.035675525665283"
"1639","2.9819719791412354","2.9819719791412354","2.9819719791412354"
"1641","3.0615413188934326","3.0615413188934326","3.0615413188934326"
"1643","2.967343330383301","2.967343330383301","2.967343330383301"
"1645","2.928799629211426","2.928799629211426","2.928799629211426"
"1647","2.98818302154541","2.98818302154541","2.98818302154541"
"1649","3.033477306365967","3.033477306365967","3.033477306365967"
"1651","3.0149598121643066","3.0149598121643066","3.0149598121643066"
"1653","3.010145425796509","3.010145425796509","3.010145425796509"
"1655","3.019770860671997","3.019770860671997","3.019770860671997"
"1657","3.017686605453491","3.017686605453491","3.017686605453491"
"1659","2.974452257156372","2.974452257156372","2.974452257156372"
"1661","2.941692590713501","2.941692590713501","2.941692590713501"
"1663","3.0192670822143555","3.0192670822143555","3.0192670822143555"
"1665","2.954141139984131","2.954141139984131","2.954141139984131"
"1667","2.968770742416382","2.968770742416382","2.968770742416382"
"1669","2.9598567485809326","2.9598567485809326","2.9598567485809326"
"1671","2.967916965484619","2.967916965484619","2.967916965484619"
"1673","2.9328439235687256","2.9328439235687256","2.9328439235687256"
"1675","2.980708360671997","2.980708360671997","2.980708360671997"
"1677","2.984947443008423","2.984947443008423","2.984947443008423"
"1679","3.179950475692749","3.179950475692749","3.179950475692749"
"1681","3.0545973777770996","3.0545973777770996","3.0545973777770996"
"1683","3.0420074462890625","3.0420074462890625","3.0420074462890625"
"1685","2.9643990993499756","2.9643990993499756","2.9643990993499756"
"1687","2.9978785514831543","2.9978785514831543","2.9978785514831543"
"1689","2.945974349975586","2.945974349975586","2.945974349975586"
"1691","2.975621461868286","2.975621461868286","2.975621461868286"
"1693","2.9616551399230957","2.9616551399230957","2.9616551399230957"
"1695","3.0013437271118164","3.0013437271118164","3.0013437271118164"
"1697","3.1129672527313232","3.1129672527313232","3.1129672527313232"
"1699","3.05930495262146","3.05930495262146","3.05930495262146"
"1701","3.0284500122070312","3.0284500122070312","3.0284500122070312"
"1703","3.056243419647217","3.056243419647217","3.056243419647217"
"1705","3.1341421604156494","3.1341421604156494","3.1341421604156494"
"1707","3.031566619873047","3.031566619873047","3.031566619873047"
"1709","2.982506275177002","2.982506275177002","2.982506275177002"
"1711","3.012187957763672","3.012187957763672","3.012187957763672"
"1713","2.9836511611938477","2.9836511611938477","2.9836511611938477"
"1715","3.0165441036224365","3.0165441036224365","3.0165441036224365"
"1717","3.0220277309417725","3.0220277309417725","3.0220277309417725"
"1719","3.033599376678467","3.033599376678467","3.033599376678467"
"1721","3.0130183696746826","3.0130183696746826","3.0130183696746826"
"1723","2.9872488975524902","2.9872488975524902","2.9872488975524902"
"1725","2.9754106998443604","2.9754106998443604","2.9754106998443604"
"1727","2.997023582458496","2.997023582458496","2.997023582458496"
"1729","3.0764098167419434","3.0764098167419434","3.0764098167419434"
"1731","3.035836935043335","3.035836935043335","3.035836935043335"
"1733","3.014728307723999","3.014728307723999","3.014728307723999"
"1735","2.9989125728607178","2.9989125728607178","2.9989125728607178"
"1737","3.024909019470215","3.024909019470215","3.024909019470215"
"1739","2.949537515640259","2.949537515640259","2.949537515640259"
"1741","3.0053513050079346","3.0053513050079346","3.0053513050079346"
"1743","2.9714183807373047","2.9714183807373047","2.9714183807373047"
"1745","2.919703483581543","2.919703483581543","2.919703483581543"
"1747","3.1380865573883057","3.1380865573883057","3.1380865573883057"
"1749","3.094424247741699","3.094424247741699","3.094424247741699"
"1751","3.164200782775879","3.164200782775879","3.164200782775879"
"1753","3.0907998085021973","3.0907998085021973","3.0907998085021973"
"1755","3.0938050746917725","3.0938050746917725","3.0938050746917725"
"1757","3.121739625930786","3.121739625930786","3.121739625930786"
"1759","3.098090410232544","3.098090410232544","3.098090410232544"
"1761","3.0686147212982178","3.0686147212982178","3.0686147212982178"
"1763","3.0531744956970215","3.0531744956970215","3.0531744956970215"
"1765","3.078721523284912","3.078721523284912","3.078721523284912"
"1767","3.04783034324646","3.04783034324646","3.04783034324646"
"1769","2.960789918899536","2.960789918899536","2.960789918899536"
"1771","3.029736280441284","3.029736280441284","3.029736280441284"
"1773","3.0137035846710205","3.0137035846710205","3.0137035846710205"
"1775","3.0366475582122803","3.0366475582122803","3.0366475582122803"
"1777","3.0386929512023926","3.0386929512023926","3.0386929512023926"
"1779","3.061465263366699","3.061465263366699","3.061465263366699"
"1781","3.02732253074646","3.02732253074646","3.02732253074646"
"1783","3.0334203243255615","3.0334203243255615","3.0334203243255615"
"1785","2.9781932830810547","2.9781932830810547","2.9781932830810547"
"1787","3.010237455368042","3.010237455368042","3.010237455368042"
"1789","2.9868154525756836","2.9868154525756836","2.9868154525756836"
"1791","3.018749713897705","3.018749713897705","3.018749713897705"
"1793","3.037041187286377","3.037041187286377","3.037041187286377"
"1795","2.9391977787017822","2.9391977787017822","2.9391977787017822"
"1797","3.2167975902557373","3.2167975902557373","3.2167975902557373"
"1799","3.2552318572998047","3.2552318572998047","3.2552318572998047"
"1801","3.1732351779937744","3.1732351779937744","3.1732351779937744"
"1803","3.1644535064697266","3.1644535064697266","3.1644535064697266"
"1805","3.228817939758301","3.228817939758301","3.228817939758301"
"1807","3.081794261932373","3.081794261932373","3.081794261932373"
"1809","3.1195480823516846","3.1195480823516846","3.1195480823516846"
"1811","3.134474992752075","3.134474992752075","3.134474992752075"
"1813","3.107595443725586","3.107595443725586","3.107595443725586"
"1815","3.129566192626953","3.129566192626953","3.129566192626953"
"1817","3.129229784011841","3.129229784011841","3.129229784011841"
"1819","3.075871706008911","3.075871706008911","3.075871706008911"
"1821","3.0583066940307617","3.0583066940307617","3.0583066940307617"
"1823","3.108586072921753","3.108586072921753","3.108586072921753"
"1825","3.014711380004883","3.014711380004883","3.014711380004883"
"1827","3.0415701866149902","3.0415701866149902","3.0415701866149902"
"1829","2.9783272743225098","2.9783272743225098","2.9783272743225098"
"1831","3.0169565677642822","3.0169565677642822","3.0169565677642822"
"1833","2.9878134727478027","2.9878134727478027","2.9878134727478027"
"1835","3.12130069732666","3.12130069732666","3.12130069732666"
"1837","3.065946340560913","3.065946340560913","3.065946340560913"
"1839","3.0157885551452637","3.0157885551452637","3.0157885551452637"
"1841","3.0555617809295654","3.0555617809295654","3.0555617809295654"
"1843","3.0699145793914795","3.0699145793914795","3.0699145793914795"
"1845","3.123213768005371","3.123213768005371","3.123213768005371"
"1847","3.1292123794555664","3.1292123794555664","3.1292123794555664"
"1849","3.198176860809326","3.198176860809326","3.198176860809326"
"1851","3.193387746810913","3.193387746810913","3.193387746810913"
"1853","3.23313307762146","3.23313307762146","3.23313307762146"
"1855","3.208693027496338","3.208693027496338","3.208693027496338"
"1857","3.202669620513916","3.202669620513916","3.202669620513916"
"1859","3.232443332672119","3.232443332672119","3.232443332672119"
"1861","3.147733211517334","3.147733211517334","3.147733211517334"
"1863","3.1356043815612793","3.1356043815612793","3.1356043815612793"
"1865","3.141052484512329","3.141052484512329","3.141052484512329"
"1867","3.172194480895996","3.172194480895996","3.172194480895996"
"1869","3.100132703781128","3.100132703781128","3.100132703781128"
"1871","3.094651937484741","3.094651937484741","3.094651937484741"
"1873","3.103100538253784","3.103100538253784","3.103100538253784"
"1875","3.132646322250366","3.132646322250366","3.132646322250366"
"1877","3.092278480529785","3.092278480529785","3.092278480529785"
"1879","3.079418897628784","3.079418897628784","3.079418897628784"